[INFO] Scanning for projects...
[INFO] 
[INFO] --------------------< com.interivalle:BackendLogin >--------------------
[INFO] Building Backend_Login 1.0.0
[INFO] --------------------------------[ jar ]---------------------------------
[INFO] 
[INFO] >>> spring-boot-maven-plugin:3.3.4:run (default-cli) > test-compile @ BackendLogin >>>
[INFO] 
[INFO] --- maven-resources-plugin:3.3.1:resources (default-resources) @ BackendLogin ---
[INFO] Copying 1 resource from src\main\resources to target\classes
[INFO] Copying 8 resources from src\main\resources to target\classes
[INFO] 
[INFO] --- maven-compiler-plugin:3.13.0:compile (default-compile) @ BackendLogin ---
[INFO] Nothing to compile - all classes are up to date.
[INFO] 
[INFO] --- maven-resources-plugin:3.3.1:testResources (default-testResources) @ BackendLogin ---
[INFO] skip non existing resourceDirectory C:\Users\mary_\Documents\Backend_Login\src\test\resources
[INFO] 
[INFO] --- maven-compiler-plugin:3.13.0:testCompile (default-testCompile) @ BackendLogin ---
[INFO] Nothing to compile - all classes are up to date.
[INFO] 
[INFO] <<< spring-boot-maven-plugin:3.3.4:run (default-cli) < test-compile @ BackendLogin <<<
[INFO] 
[INFO] 
[INFO] --- spring-boot-maven-plugin:3.3.4:run (default-cli) @ BackendLogin ---
[INFO] Attaching agents: []

  .   ____          _            __ _ _
 /\\ / ___'_ __ _ _(_)_ __  __ _ \ \ \ \
( ( )\___ | '_ | '_| | '_ \/ _` | \ \ \ \
 \\/  ___)| |_)| | | | | || (_| |  ) ) ) )
  '  |____| .__|_| |_|_| |_\__, | / / / /
 =========|_|==============|___/=/_/_/_/

 :: Spring Boot ::                (v3.3.4)

2026-07-08T19:07:34.898-05:00  INFO 30052 --- [Backend_Login] [           main] com.interivalle.BackendLogin             : Starting BackendLogin using Java 17.0.16 with PID 30052 (C:\Users\mary_\Documents\Backend_Login\target\classes started by mary_ in C:\Users\mary_\Documents\Backend_Login)
2026-07-08T19:07:34.903-05:00  INFO 30052 --- [Backend_Login] [           main] com.interivalle.BackendLogin             : No active profile set, falling back to 1 default profile: "default"
2026-07-08T19:07:35.937-05:00  INFO 30052 --- [Backend_Login] [           main] .s.d.r.c.RepositoryConfigurationDelegate : Bootstrapping Spring Data JPA repositories in DEFAULT mode.
2026-07-08T19:07:36.186-05:00  INFO 30052 --- [Backend_Login] [           main] .s.d.r.c.RepositoryConfigurationDelegate : Finished Spring Data repository scanning in 229 ms. Found 32 JPA repository interfaces.
2026-07-08T19:07:37.300-05:00  INFO 30052 --- [Backend_Login] [           main] o.s.b.w.embedded.tomcat.TomcatWebServer  : Tomcat initialized with port 8081 (http)
2026-07-08T19:07:37.316-05:00  INFO 30052 --- [Backend_Login] [           main] o.apache.catalina.core.StandardService   : Starting service [Tomcat]
2026-07-08T19:07:37.317-05:00  INFO 30052 --- [Backend_Login] [           main] o.apache.catalina.core.StandardEngine    : Starting Servlet engine: [Apache Tomcat/10.1.30]
2026-07-08T19:07:37.445-05:00  INFO 30052 --- [Backend_Login] [           main] o.a.c.c.C.[Tomcat].[localhost].[/]       : Initializing Spring embedded WebApplicationContext
2026-07-08T19:07:37.448-05:00  INFO 30052 --- [Backend_Login] [           main] w.s.c.ServletWebServerApplicationContext : Root WebApplicationContext: initialization completed in 2476 ms
2026-07-08T19:07:37.648-05:00  INFO 30052 --- [Backend_Login] [           main] o.hibernate.jpa.internal.util.LogHelper  : HHH000204: Processing PersistenceUnitInfo [name: default]
2026-07-08T19:07:37.754-05:00  INFO 30052 --- [Backend_Login] [           main] org.hibernate.Version                    : HHH000412: Hibernate ORM core version 6.5.3.Final
2026-07-08T19:07:37.808-05:00  INFO 30052 --- [Backend_Login] [           main] o.h.c.internal.RegionFactoryInitiator    : HHH000026: Second-level cache disabled
2026-07-08T19:07:38.222-05:00  INFO 30052 --- [Backend_Login] [           main] o.s.o.j.p.SpringPersistenceUnitInfo      : No LoadTimeWeaver setup: ignoring JPA class transformer
2026-07-08T19:07:38.264-05:00  INFO 30052 --- [Backend_Login] [           main] com.zaxxer.hikari.HikariDataSource       : HikariPool-1 - Starting...
2026-07-08T19:07:38.464-05:00  INFO 30052 --- [Backend_Login] [           main] com.zaxxer.hikari.pool.HikariPool        : HikariPool-1 - Added connection com.mysql.cj.jdbc.ConnectionImpl@60f662bd
2026-07-08T19:07:38.467-05:00  INFO 30052 --- [Backend_Login] [           main] com.zaxxer.hikari.HikariDataSource       : HikariPool-1 - Start completed.
2026-07-08T19:07:38.530-05:00  WARN 30052 --- [Backend_Login] [           main] org.hibernate.dialect.Dialect            : HHH000511: The 5.5.5 version for [org.hibernate.dialect.MySQLDialect] is no longer supported, hence certain features may not work properly. The minimum supported version is 8.0.0. Check the community dialects project for available legacy versions.
2026-07-08T19:07:38.538-05:00  WARN 30052 --- [Backend_Login] [           main] org.hibernate.orm.deprecation            : HHH90000025: MySQLDialect does not need to be specified explicitly using 'hibernate.dialect' (remove the property setting and it will be selected by default)
2026-07-08T19:07:40.431-05:00  INFO 30052 --- [Backend_Login] [           main] o.h.e.t.j.p.i.JtaPlatformInitiator       : HHH000489: No JTA platform available (set 'hibernate.transaction.jta.platform' to enable JTA platform integration)
Hibernate: alter table actividad modify column params_json TEXT
Hibernate: alter table avance_semanal modify column descripcion TEXT
Hibernate: alter table avance_semanal modify column observaciones TEXT
Hibernate: alter table carpinteria_personalizada modify column descripcion TEXT
Hibernate: alter table catalogo_item modify column params_json TEXT
Hibernate: alter table catalogo_item modify column tipo_item enum ('ACTIVIDAD','MATERIAL','PRODUCTO') not null
Hibernate: alter table comentario_avance modify column comentario TEXT not null
Hibernate: alter table cotizacion modify column estado enum ('APROBADA','APROBADA_CLIENTE','APROBADA_FINAL','ENVIADA','EN_REVISION','GENERADA','RECHAZADA') not null
Hibernate: alter table cotizacion_historial_estado modify column estado_anterior enum ('APROBADA','APROBADA_CLIENTE','APROBADA_FINAL','ENVIADA','EN_REVISION','GENERADA','RECHAZADA') not null
Hibernate: alter table cotizacion_historial_estado modify column estado_nuevo enum ('APROBADA','APROBADA_CLIENTE','APROBADA_FINAL','ENVIADA','EN_REVISION','GENERADA','RECHAZADA') not null
Hibernate: alter table cronograma modify column estado_cronograma enum ('EN_PROCESO','FINALIZADO','PENDIENTE_APROBACION_EMPRESA','PENDIENTE_APROBACION_INTERIVALLE') not null
Hibernate: alter table cronograma_detalle modify column estado_actividad enum ('ATRASADA','EN_PROCESO','PENDIENTE','TERMINADA') not null
Hibernate: alter table notificacion modify column modulo enum ('AVANCE','COTIZACION','CRONOGRAMA','SOLICITUD','VISITA_TECNICA') not null
Hibernate: alter table notificacion modify column tipo enum ('AVANCE_REGISTRADO','COMENTARIO_AVANCE','COTIZACION_APROBADA','COTIZACION_DEVUELTA_REVISION','CRONOGRAMA_GENERADO','VISITA_TECNICA_CONFIRMADA','VISITA_TECNICA_CREADA','VISITA_TECNICA_REPROGRAMADA') not null
2026-07-08T19:07:40.783-05:00  INFO 30052 --- [Backend_Login] [           main] j.LocalContainerEntityManagerFactoryBean : Initialized JPA EntityManagerFactory for persistence unit 'default'
2026-07-08T19:07:41.173-05:00 DEBUG 30052 --- [Backend_Login] [           main] com.interivalle.Security.JwtAuthFilter   : Filter 'jwtAuthFilter' configured for use
2026-07-08T19:07:41.369-05:00  INFO 30052 --- [Backend_Login] [           main] o.s.d.j.r.query.QueryEnhancerFactory     : Hibernate is in classpath; If applicable, HQL parser will be used.
2026-07-08T19:07:43.498-05:00  INFO 30052 --- [Backend_Login] [           main] r$InitializeUserDetailsManagerConfigurer : Global AuthenticationManager configured with UserDetailsService bean with name userDetailsServiceImpl
2026-07-08T19:07:43.536-05:00  WARN 30052 --- [Backend_Login] [           main] JpaBaseConfiguration$JpaWebConfiguration : spring.jpa.open-in-view is enabled by default. Therefore, database queries may be performed during view rendering. Explicitly configure spring.jpa.open-in-view to disable this warning
2026-07-08T19:07:44.273-05:00 DEBUG 30052 --- [Backend_Login] [           main] o.s.s.web.DefaultSecurityFilterChain     : Will secure any request with filters: DisableEncodeUrlFilter, WebAsyncManagerIntegrationFilter, SecurityContextHolderFilter, HeaderWriterFilter, CorsFilter, LogoutFilter, JwtAuthFilter, RequestCacheAwareFilter, SecurityContextHolderAwareRequestFilter, AnonymousAuthenticationFilter, SessionManagementFilter, ExceptionTranslationFilter, AuthorizationFilter
2026-07-08T19:07:44.654-05:00  INFO 30052 --- [Backend_Login] [           main] o.s.b.w.embedded.tomcat.TomcatWebServer  : Tomcat started on port 8081 (http) with context path '/'
2026-07-08T19:07:44.662-05:00  INFO 30052 --- [Backend_Login] [           main] com.interivalle.BackendLogin             : Started BackendLogin in 10.229 seconds (process running for 10.743)
2026-07-08T19:08:19.159-05:00  INFO 30052 --- [Backend_Login] [nio-8081-exec-1] o.a.c.c.C.[Tomcat].[localhost].[/]       : Initializing Spring DispatcherServlet 'dispatcherServlet'
2026-07-08T19:08:19.160-05:00  INFO 30052 --- [Backend_Login] [nio-8081-exec-1] o.s.web.servlet.DispatcherServlet        : Initializing Servlet 'dispatcherServlet'
2026-07-08T19:08:19.162-05:00  INFO 30052 --- [Backend_Login] [nio-8081-exec-1] o.s.web.servlet.DispatcherServlet        : Completed initialization in 1 ms
2026-07-08T19:08:19.180-05:00 DEBUG 30052 --- [Backend_Login] [nio-8081-exec-1] o.s.security.web.FilterChainProxy        : Securing OPTIONS /api/notificaciones/contador
2026-07-08T19:08:19.196-05:00 DEBUG 30052 --- [Backend_Login] [nio-8081-exec-2] o.s.security.web.FilterChainProxy        : Securing GET /api/notificaciones/contador
2026-07-08T19:08:19.199-05:00 DEBUG 30052 --- [Backend_Login] [nio-8081-exec-2] o.s.s.w.a.AnonymousAuthenticationFilter  : Set SecurityContextHolder to anonymous SecurityContext
2026-07-08T19:08:19.202-05:00 DEBUG 30052 --- [Backend_Login] [nio-8081-exec-2] o.s.s.w.a.Http403ForbiddenEntryPoint     : Pre-authenticated entry point called. Rejecting access
2026-07-08T19:08:19.209-05:00 DEBUG 30052 --- [Backend_Login] [nio-8081-exec-2] o.s.security.web.FilterChainProxy        : Securing GET /error
2026-07-08T19:08:19.209-05:00 DEBUG 30052 --- [Backend_Login] [nio-8081-exec-2] o.s.security.web.FilterChainProxy        : Secured GET /error
2026-07-08T19:08:19.267-05:00 DEBUG 30052 --- [Backend_Login] [nio-8081-exec-2] o.s.s.w.a.AnonymousAuthenticationFilter  : Set SecurityContextHolder to anonymous SecurityContext
2026-07-08T19:09:19.092-05:00 DEBUG 30052 --- [Backend_Login] [nio-8081-exec-3] o.s.security.web.FilterChainProxy        : Securing OPTIONS /api/notificaciones/contador
2026-07-08T19:09:19.095-05:00 DEBUG 30052 --- [Backend_Login] [nio-8081-exec-4] o.s.security.web.FilterChainProxy        : Securing GET /api/notificaciones/contador
2026-07-08T19:09:19.097-05:00 DEBUG 30052 --- [Backend_Login] [nio-8081-exec-4] o.s.s.w.a.AnonymousAuthenticationFilter  : Set SecurityContextHolder to anonymous SecurityContext
2026-07-08T19:09:19.098-05:00 DEBUG 30052 --- [Backend_Login] [nio-8081-exec-4] o.s.s.w.a.Http403ForbiddenEntryPoint     : Pre-authenticated entry point called. Rejecting access
2026-07-08T19:09:19.099-05:00 DEBUG 30052 --- [Backend_Login] [nio-8081-exec-4] o.s.security.web.FilterChainProxy        : Securing GET /error
2026-07-08T19:09:19.100-05:00 DEBUG 30052 --- [Backend_Login] [nio-8081-exec-4] o.s.security.web.FilterChainProxy        : Secured GET /error
2026-07-08T19:09:19.102-05:00 DEBUG 30052 --- [Backend_Login] [nio-8081-exec-4] o.s.s.w.a.AnonymousAuthenticationFilter  : Set SecurityContextHolder to anonymous SecurityContext
2026-07-08T19:09:26.886-05:00 DEBUG 30052 --- [Backend_Login] [nio-8081-exec-5] o.s.security.web.FilterChainProxy        : Securing OPTIONS /api/notificaciones/contador
2026-07-08T19:09:26.895-05:00 DEBUG 30052 --- [Backend_Login] [nio-8081-exec-6] o.s.security.web.FilterChainProxy        : Securing GET /api/notificaciones/contador
Hibernate: select u1_0.id_usuario,u1_0.celular_usuario,u1_0.ciudad_usuario,u1_0.contrasena_usuario,u1_0.correo_usuario,u1_0.estado_usuario,u1_0.fecha_registro_usuario,u1_0.id_rol,u1_0.nombre_usuario from usuario u1_0 where u1_0.correo_usuario=?
2026-07-08T19:09:27.111-05:00  WARN 30052 --- [Backend_Login] [nio-8081-exec-6] com.zaxxer.hikari.pool.PoolBase          : HikariPool-1 - Failed to validate connection com.mysql.cj.jdbc.ConnectionImpl@60f662bd (No operations allowed after connection closed.). Possibly consider using a shorter maxLifetime value.
2026-07-08T19:09:27.112-05:00  WARN 30052 --- [Backend_Login] [nio-8081-exec-6] com.zaxxer.hikari.pool.PoolBase          : HikariPool-1 - Failed to validate connection com.mysql.cj.jdbc.ConnectionImpl@5e2d06ea (No operations allowed after connection closed.). Possibly consider using a shorter maxLifetime value.
2026-07-08T19:09:27.113-05:00  WARN 30052 --- [Backend_Login] [nio-8081-exec-6] com.zaxxer.hikari.pool.PoolBase          : HikariPool-1 - Failed to validate connection com.mysql.cj.jdbc.ConnectionImpl@3a2f93b3 (No operations allowed after connection closed.). Possibly consider using a shorter maxLifetime value.
2026-07-08T19:09:27.114-05:00  WARN 30052 --- [Backend_Login] [nio-8081-exec-6] com.zaxxer.hikari.pool.PoolBase          : HikariPool-1 - Failed to validate connection com.mysql.cj.jdbc.ConnectionImpl@57c0c67c (No operations allowed after connection closed.). Possibly consider using a shorter maxLifetime value.
2026-07-08T19:09:27.115-05:00  WARN 30052 --- [Backend_Login] [nio-8081-exec-6] com.zaxxer.hikari.pool.PoolBase          : HikariPool-1 - Failed to validate connection com.mysql.cj.jdbc.ConnectionImpl@1f614044 (No operations allowed after connection closed.). Possibly consider using a shorter maxLifetime value.
2026-07-08T19:09:27.115-05:00  WARN 30052 --- [Backend_Login] [nio-8081-exec-6] com.zaxxer.hikari.pool.PoolBase          : HikariPool-1 - Failed to validate connection com.mysql.cj.jdbc.ConnectionImpl@29cd0f14 (No operations allowed after connection closed.). Possibly consider using a shorter maxLifetime value.
2026-07-08T19:09:27.116-05:00  WARN 30052 --- [Backend_Login] [nio-8081-exec-6] com.zaxxer.hikari.pool.PoolBase          : HikariPool-1 - Failed to validate connection com.mysql.cj.jdbc.ConnectionImpl@6f39a395 (No operations allowed after connection closed.). Possibly consider using a shorter maxLifetime value.
2026-07-08T19:09:27.116-05:00  WARN 30052 --- [Backend_Login] [nio-8081-exec-6] com.zaxxer.hikari.pool.PoolBase          : HikariPool-1 - Failed to validate connection com.mysql.cj.jdbc.ConnectionImpl@3e1b6b28 (No operations allowed after connection closed.). Possibly consider using a shorter maxLifetime value.
2026-07-08T19:09:27.117-05:00  WARN 30052 --- [Backend_Login] [nio-8081-exec-6] com.zaxxer.hikari.pool.PoolBase          : HikariPool-1 - Failed to validate connection com.mysql.cj.jdbc.ConnectionImpl@2b6d6fcf (No operations allowed after connection closed.). Possibly consider using a shorter maxLifetime value.
2026-07-08T19:09:27.118-05:00  WARN 30052 --- [Backend_Login] [nio-8081-exec-6] com.zaxxer.hikari.pool.PoolBase          : HikariPool-1 - Failed to validate connection com.mysql.cj.jdbc.ConnectionImpl@6a197019 (No operations allowed after connection closed.). Possibly consider using a shorter maxLifetime value.
2026-07-08T19:09:29.047-05:00 DEBUG 30052 --- [Backend_Login] [nio-8081-exec-7] o.s.security.web.FilterChainProxy        : Securing GET /api/notificaciones/contador
Hibernate: select u1_0.id_usuario,u1_0.celular_usuario,u1_0.ciudad_usuario,u1_0.contrasena_usuario,u1_0.correo_usuario,u1_0.estado_usuario,u1_0.fecha_registro_usuario,u1_0.id_rol,u1_0.nombre_usuario from usuario u1_0 where u1_0.correo_usuario=?
2026-07-08T19:09:29.056-05:00 DEBUG 30052 --- [Backend_Login] [nio-8081-exec-8] o.s.security.web.FilterChainProxy        : Securing OPTIONS /api/actividades-personalizadas
2026-07-08T19:09:29.060-05:00 DEBUG 30052 --- [Backend_Login] [nio-8081-exec-9] o.s.security.web.FilterChainProxy        : Securing GET /api/actividades-personalizadas
Hibernate: select u1_0.id_usuario,u1_0.celular_usuario,u1_0.ciudad_usuario,u1_0.contrasena_usuario,u1_0.correo_usuario,u1_0.estado_usuario,u1_0.fecha_registro_usuario,u1_0.id_rol,u1_0.nombre_usuario from usuario u1_0 where u1_0.correo_usuario=?
2026-07-08T19:09:57.112-05:00  WARN 30052 --- [Backend_Login] [nio-8081-exec-6] o.h.engine.jdbc.spi.SqlExceptionHelper   : SQL Error: 0, SQLState: 08S01
2026-07-08T19:09:57.112-05:00 ERROR 30052 --- [Backend_Login] [nio-8081-exec-6] o.h.engine.jdbc.spi.SqlExceptionHelper   : HikariPool-1 - Connection is not available, request timed out after 30010ms (total=0, active=0, idle=0, waiting=2)
2026-07-08T19:09:57.112-05:00 ERROR 30052 --- [Backend_Login] [nio-8081-exec-6] o.h.engine.jdbc.spi.SqlExceptionHelper   : Communications link failure

The last packet sent successfully to the server was 0 milliseconds ago. The driver has not received any packets from the server.
2026-07-08T19:09:57.120-05:00 ERROR 30052 --- [Backend_Login] [nio-8081-exec-6] o.a.c.c.C.[.[.[/].[dispatcherServlet]    : Servlet.service() for servlet [dispatcherServlet] in context with path [] threw exception

org.springframework.dao.DataAccessResourceFailureException: Unable to acquire JDBC Connection [HikariPool-1 - Connection is not available, request timed out after 30010ms (total=0, active=0, idle=0, waiting=2)] [n/a]
	at org.springframework.orm.jpa.vendor.HibernateJpaDialect.convertHibernateAccessException(HibernateJpaDialect.java:274) ~[spring-orm-6.1.13.jar:6.1.13]
	at org.springframework.orm.jpa.vendor.HibernateJpaDialect.translateExceptionIfPossible(HibernateJpaDialect.java:241) ~[spring-orm-6.1.13.jar:6.1.13]
	at org.springframework.orm.jpa.AbstractEntityManagerFactoryBean.translateExceptionIfPossible(AbstractEntityManagerFactoryBean.java:550) ~[spring-orm-6.1.13.jar:6.1.13]
	at org.springframework.dao.support.ChainedPersistenceExceptionTranslator.translateExceptionIfPossible(ChainedPersistenceExceptionTranslator.java:61) ~[spring-tx-6.1.13.jar:6.1.13]
	at org.springframework.dao.support.DataAccessUtils.translateIfNecessary(DataAccessUtils.java:335) ~[spring-tx-6.1.13.jar:6.1.13]
	at org.springframework.dao.support.PersistenceExceptionTranslationInterceptor.invoke(PersistenceExceptionTranslationInterceptor.java:160) ~[spring-tx-6.1.13.jar:6.1.13]
	at org.springframework.aop.framework.ReflectiveMethodInvocation.proceed(ReflectiveMethodInvocation.java:184) ~[spring-aop-6.1.13.jar:6.1.13]
	at org.springframework.data.jpa.repository.support.CrudMethodMetadataPostProcessor$CrudMethodMetadataPopulatingMethodInterceptor.invoke(CrudMethodMetadataPostProcessor.java:136) ~[spring-data-jpa-3.3.4.jar:3.3.4]
	at org.springframework.aop.framework.ReflectiveMethodInvocation.proceed(ReflectiveMethodInvocation.java:184) ~[spring-aop-6.1.13.jar:6.1.13]
	at org.springframework.aop.interceptor.ExposeInvocationInterceptor.invoke(ExposeInvocationInterceptor.java:97) ~[spring-aop-6.1.13.jar:6.1.13]
	at org.springframework.aop.framework.ReflectiveMethodInvocation.proceed(ReflectiveMethodInvocation.java:184) ~[spring-aop-6.1.13.jar:6.1.13]
	at org.springframework.aop.framework.JdkDynamicAopProxy.invoke(JdkDynamicAopProxy.java:223) ~[spring-aop-6.1.13.jar:6.1.13]
	at jdk.proxy2/jdk.proxy2.$Proxy141.findByCorreoUsuario(Unknown Source) ~[na:na]
	at com.interivalle.Security.UserDetailsServiceImpl.loadUserByUsername(UserDetailsServiceImpl.java:22) ~[classes/:na]
	at com.interivalle.Security.JwtAuthFilter.doFilterInternal(JwtAuthFilter.java:52) ~[classes/:na]
	at org.springframework.web.filter.OncePerRequestFilter.doFilter(OncePerRequestFilter.java:116) ~[spring-web-6.1.13.jar:6.1.13]
	at org.springframework.security.web.FilterChainProxy$VirtualFilterChain.doFilter(FilterChainProxy.java:374) ~[spring-security-web-6.3.3.jar:6.3.3]
	at org.springframework.security.web.authentication.logout.LogoutFilter.doFilter(LogoutFilter.java:107) ~[spring-security-web-6.3.3.jar:6.3.3]
	at org.springframework.security.web.authentication.logout.LogoutFilter.doFilter(LogoutFilter.java:93) ~[spring-security-web-6.3.3.jar:6.3.3]
	at org.springframework.security.web.FilterChainProxy$VirtualFilterChain.doFilter(FilterChainProxy.java:374) ~[spring-security-web-6.3.3.jar:6.3.3]
	at org.springframework.web.filter.CorsFilter.doFilterInternal(CorsFilter.java:91) ~[spring-web-6.1.13.jar:6.1.13]
	at org.springframework.web.filter.OncePerRequestFilter.doFilter(OncePerRequestFilter.java:116) ~[spring-web-6.1.13.jar:6.1.13]
	at org.springframework.security.web.FilterChainProxy$VirtualFilterChain.doFilter(FilterChainProxy.java:374) ~[spring-security-web-6.3.3.jar:6.3.3]
	at org.springframework.security.web.header.HeaderWriterFilter.doHeadersAfter(HeaderWriterFilter.java:90) ~[spring-security-web-6.3.3.jar:6.3.3]
	at org.springframework.security.web.header.HeaderWriterFilter.doFilterInternal(HeaderWriterFilter.java:75) ~[spring-security-web-6.3.3.jar:6.3.3]
	at org.springframework.web.filter.OncePerRequestFilter.doFilter(OncePerRequestFilter.java:116) ~[spring-web-6.1.13.jar:6.1.13]
	at org.springframework.security.web.FilterChainProxy$VirtualFilterChain.doFilter(FilterChainProxy.java:374) ~[spring-security-web-6.3.3.jar:6.3.3]
	at org.springframework.security.web.context.SecurityContextHolderFilter.doFilter(SecurityContextHolderFilter.java:82) ~[spring-security-web-6.3.3.jar:6.3.3]
	at org.springframework.security.web.context.SecurityContextHolderFilter.doFilter(SecurityContextHolderFilter.java:69) ~[spring-security-web-6.3.3.jar:6.3.3]
	at org.springframework.security.web.FilterChainProxy$VirtualFilterChain.doFilter(FilterChainProxy.java:374) ~[spring-security-web-6.3.3.jar:6.3.3]
	at org.springframework.security.web.context.request.async.WebAsyncManagerIntegrationFilter.doFilterInternal(WebAsyncManagerIntegrationFilter.java:62) ~[spring-security-web-6.3.3.jar:6.3.3]
	at org.springframework.web.filter.OncePerRequestFilter.doFilter(OncePerRequestFilter.java:116) ~[spring-web-6.1.13.jar:6.1.13]
	at org.springframework.security.web.FilterChainProxy$VirtualFilterChain.doFilter(FilterChainProxy.java:374) ~[spring-security-web-6.3.3.jar:6.3.3]
	at org.springframework.security.web.session.DisableEncodeUrlFilter.doFilterInternal(DisableEncodeUrlFilter.java:42) ~[spring-security-web-6.3.3.jar:6.3.3]
	at org.springframework.web.filter.OncePerRequestFilter.doFilter(OncePerRequestFilter.java:116) ~[spring-web-6.1.13.jar:6.1.13]
	at org.springframework.security.web.FilterChainProxy$VirtualFilterChain.doFilter(FilterChainProxy.java:374) ~[spring-security-web-6.3.3.jar:6.3.3]
	at org.springframework.security.web.FilterChainProxy.doFilterInternal(FilterChainProxy.java:233) ~[spring-security-web-6.3.3.jar:6.3.3]
	at org.springframework.security.web.FilterChainProxy.doFilter(FilterChainProxy.java:191) ~[spring-security-web-6.3.3.jar:6.3.3]
	at org.springframework.web.filter.CompositeFilter$VirtualFilterChain.doFilter(CompositeFilter.java:113) ~[spring-web-6.1.13.jar:6.1.13]
	at org.springframework.web.servlet.handler.HandlerMappingIntrospector.lambda$createCacheFilter$3(HandlerMappingIntrospector.java:195) ~[spring-webmvc-6.1.13.jar:6.1.13]
	at org.springframework.web.filter.CompositeFilter$VirtualFilterChain.doFilter(CompositeFilter.java:113) ~[spring-web-6.1.13.jar:6.1.13]
	at org.springframework.web.filter.CompositeFilter.doFilter(CompositeFilter.java:74) ~[spring-web-6.1.13.jar:6.1.13]
	at org.springframework.security.config.annotation.web.configuration.WebMvcSecurityConfiguration$CompositeFilterChainProxy.doFilter(WebMvcSecurityConfiguration.java:230) ~[spring-security-config-6.3.3.jar:6.3.3]
	at org.springframework.web.filter.DelegatingFilterProxy.invokeDelegate(DelegatingFilterProxy.java:352) ~[spring-web-6.1.13.jar:6.1.13]
	at org.springframework.web.filter.DelegatingFilterProxy.doFilter(DelegatingFilterProxy.java:268) ~[spring-web-6.1.13.jar:6.1.13]
	at org.apache.catalina.core.ApplicationFilterChain.internalDoFilter(ApplicationFilterChain.java:164) ~[tomcat-embed-core-10.1.30.jar:10.1.30]
	at org.apache.catalina.core.ApplicationFilterChain.doFilter(ApplicationFilterChain.java:140) ~[tomcat-embed-core-10.1.30.jar:10.1.30]
	at org.springframework.web.filter.RequestContextFilter.doFilterInternal(RequestContextFilter.java:100) ~[spring-web-6.1.13.jar:6.1.13]
	at org.springframework.web.filter.OncePerRequestFilter.doFilter(OncePerRequestFilter.java:116) ~[spring-web-6.1.13.jar:6.1.13]
	at org.apache.catalina.core.ApplicationFilterChain.internalDoFilter(ApplicationFilterChain.java:164) ~[tomcat-embed-core-10.1.30.jar:10.1.30]
	at org.apache.catalina.core.ApplicationFilterChain.doFilter(ApplicationFilterChain.java:140) ~[tomcat-embed-core-10.1.30.jar:10.1.30]
	at org.springframework.web.filter.FormContentFilter.doFilterInternal(FormContentFilter.java:93) ~[spring-web-6.1.13.jar:6.1.13]
	at org.springframework.web.filter.OncePerRequestFilter.doFilter(OncePerRequestFilter.java:116) ~[spring-web-6.1.13.jar:6.1.13]
	at org.apache.catalina.core.ApplicationFilterChain.internalDoFilter(ApplicationFilterChain.java:164) ~[tomcat-embed-core-10.1.30.jar:10.1.30]
	at org.apache.catalina.core.ApplicationFilterChain.doFilter(ApplicationFilterChain.java:140) ~[tomcat-embed-core-10.1.30.jar:10.1.30]
	at org.springframework.web.filter.CharacterEncodingFilter.doFilterInternal(CharacterEncodingFilter.java:201) ~[spring-web-6.1.13.jar:6.1.13]
	at org.springframework.web.filter.OncePerRequestFilter.doFilter(OncePerRequestFilter.java:116) ~[spring-web-6.1.13.jar:6.1.13]
	at org.apache.catalina.core.ApplicationFilterChain.internalDoFilter(ApplicationFilterChain.java:164) ~[tomcat-embed-core-10.1.30.jar:10.1.30]
	at org.apache.catalina.core.ApplicationFilterChain.doFilter(ApplicationFilterChain.java:140) ~[tomcat-embed-core-10.1.30.jar:10.1.30]
	at org.apache.catalina.core.StandardWrapperValve.invoke(StandardWrapperValve.java:167) ~[tomcat-embed-core-10.1.30.jar:10.1.30]
	at org.apache.catalina.core.StandardContextValve.invoke(StandardContextValve.java:90) ~[tomcat-embed-core-10.1.30.jar:10.1.30]
	at org.apache.catalina.authenticator.AuthenticatorBase.invoke(AuthenticatorBase.java:483) ~[tomcat-embed-core-10.1.30.jar:10.1.30]
	at org.apache.catalina.core.StandardHostValve.invoke(StandardHostValve.java:115) ~[tomcat-embed-core-10.1.30.jar:10.1.30]
	at org.apache.catalina.valves.ErrorReportValve.invoke(ErrorReportValve.java:93) ~[tomcat-embed-core-10.1.30.jar:10.1.30]
	at org.apache.catalina.core.StandardEngineValve.invoke(StandardEngineValve.java:74) ~[tomcat-embed-core-10.1.30.jar:10.1.30]
	at org.apache.catalina.connector.CoyoteAdapter.service(CoyoteAdapter.java:344) ~[tomcat-embed-core-10.1.30.jar:10.1.30]
	at org.apache.coyote.http11.Http11Processor.service(Http11Processor.java:384) ~[tomcat-embed-core-10.1.30.jar:10.1.30]
	at org.apache.coyote.AbstractProcessorLight.process(AbstractProcessorLight.java:63) ~[tomcat-embed-core-10.1.30.jar:10.1.30]
	at org.apache.coyote.AbstractProtocol$ConnectionHandler.process(AbstractProtocol.java:905) ~[tomcat-embed-core-10.1.30.jar:10.1.30]
	at org.apache.tomcat.util.net.NioEndpoint$SocketProcessor.doRun(NioEndpoint.java:1741) ~[tomcat-embed-core-10.1.30.jar:10.1.30]
	at org.apache.tomcat.util.net.SocketProcessorBase.run(SocketProcessorBase.java:52) ~[tomcat-embed-core-10.1.30.jar:10.1.30]
	at org.apache.tomcat.util.threads.ThreadPoolExecutor.runWorker(ThreadPoolExecutor.java:1190) ~[tomcat-embed-core-10.1.30.jar:10.1.30]
	at org.apache.tomcat.util.threads.ThreadPoolExecutor$Worker.run(ThreadPoolExecutor.java:659) ~[tomcat-embed-core-10.1.30.jar:10.1.30]
	at org.apache.tomcat.util.threads.TaskThread$WrappingRunnable.run(TaskThread.java:63) ~[tomcat-embed-core-10.1.30.jar:10.1.30]
	at java.base/java.lang.Thread.run(Thread.java:840) ~[na:na]
Caused by: org.hibernate.exception.JDBCConnectionException: Unable to acquire JDBC Connection [HikariPool-1 - Connection is not available, request timed out after 30010ms (total=0, active=0, idle=0, waiting=2)] [n/a]
	at org.hibernate.exception.internal.SQLExceptionTypeDelegate.convert(SQLExceptionTypeDelegate.java:51) ~[hibernate-core-6.5.3.Final.jar:6.5.3.Final]
	at org.hibernate.exception.internal.StandardSQLExceptionConverter.convert(StandardSQLExceptionConverter.java:58) ~[hibernate-core-6.5.3.Final.jar:6.5.3.Final]
	at org.hibernate.engine.jdbc.spi.SqlExceptionHelper.convert(SqlExceptionHelper.java:108) ~[hibernate-core-6.5.3.Final.jar:6.5.3.Final]
	at org.hibernate.engine.jdbc.spi.SqlExceptionHelper.convert(SqlExceptionHelper.java:94) ~[hibernate-core-6.5.3.Final.jar:6.5.3.Final]
	at org.hibernate.resource.jdbc.internal.LogicalConnectionManagedImpl.acquireConnectionIfNeeded(LogicalConnectionManagedImpl.java:129) ~[hibernate-core-6.5.3.Final.jar:6.5.3.Final]
	at org.hibernate.resource.jdbc.internal.LogicalConnectionManagedImpl.getPhysicalConnection(LogicalConnectionManagedImpl.java:156) ~[hibernate-core-6.5.3.Final.jar:6.5.3.Final]
	at org.hibernate.engine.jdbc.internal.StatementPreparerImpl.connection(StatementPreparerImpl.java:54) ~[hibernate-core-6.5.3.Final.jar:6.5.3.Final]
	at org.hibernate.engine.jdbc.internal.StatementPreparerImpl$5.doPrepare(StatementPreparerImpl.java:153) ~[hibernate-core-6.5.3.Final.jar:6.5.3.Final]
	at org.hibernate.engine.jdbc.internal.StatementPreparerImpl$StatementPreparationTemplate.prepareStatement(StatementPreparerImpl.java:183) ~[hibernate-core-6.5.3.Final.jar:6.5.3.Final]
	at org.hibernate.engine.jdbc.internal.StatementPreparerImpl.prepareQueryStatement(StatementPreparerImpl.java:155) ~[hibernate-core-6.5.3.Final.jar:6.5.3.Final]
	at org.hibernate.sql.exec.spi.JdbcSelectExecutor.lambda$list$0(JdbcSelectExecutor.java:85) ~[hibernate-core-6.5.3.Final.jar:6.5.3.Final]
	at org.hibernate.sql.results.jdbc.internal.DeferredResultSetAccess.executeQuery(DeferredResultSetAccess.java:231) ~[hibernate-core-6.5.3.Final.jar:6.5.3.Final]
	at org.hibernate.sql.results.jdbc.internal.DeferredResultSetAccess.getResultSet(DeferredResultSetAccess.java:167) ~[hibernate-core-6.5.3.Final.jar:6.5.3.Final]
	at org.hibernate.sql.results.jdbc.internal.JdbcValuesResultSetImpl.advanceNext(JdbcValuesResultSetImpl.java:265) ~[hibernate-core-6.5.3.Final.jar:6.5.3.Final]
	at org.hibernate.sql.results.jdbc.internal.JdbcValuesResultSetImpl.processNext(JdbcValuesResultSetImpl.java:145) ~[hibernate-core-6.5.3.Final.jar:6.5.3.Final]
	at org.hibernate.sql.results.jdbc.internal.AbstractJdbcValues.next(AbstractJdbcValues.java:19) ~[hibernate-core-6.5.3.Final.jar:6.5.3.Final]
	at org.hibernate.sql.results.internal.RowProcessingStateStandardImpl.next(RowProcessingStateStandardImpl.java:67) ~[hibernate-core-6.5.3.Final.jar:6.5.3.Final]
	at org.hibernate.sql.results.spi.ListResultsConsumer.consume(ListResultsConsumer.java:204) ~[hibernate-core-6.5.3.Final.jar:6.5.3.Final]
	at org.hibernate.sql.results.spi.ListResultsConsumer.consume(ListResultsConsumer.java:33) ~[hibernate-core-6.5.3.Final.jar:6.5.3.Final]
	at org.hibernate.sql.exec.internal.JdbcSelectExecutorStandardImpl.doExecuteQuery(JdbcSelectExecutorStandardImpl.java:211) ~[hibernate-core-6.5.3.Final.jar:6.5.3.Final]
	at org.hibernate.sql.exec.internal.JdbcSelectExecutorStandardImpl.executeQuery(JdbcSelectExecutorStandardImpl.java:83) ~[hibernate-core-6.5.3.Final.jar:6.5.3.Final]
	at org.hibernate.sql.exec.spi.JdbcSelectExecutor.list(JdbcSelectExecutor.java:76) ~[hibernate-core-6.5.3.Final.jar:6.5.3.Final]
	at org.hibernate.sql.exec.spi.JdbcSelectExecutor.list(JdbcSelectExecutor.java:65) ~[hibernate-core-6.5.3.Final.jar:6.5.3.Final]
	at org.hibernate.query.sqm.internal.ConcreteSqmSelectQueryPlan.lambda$new$2(ConcreteSqmSelectQueryPlan.java:139) ~[hibernate-core-6.5.3.Final.jar:6.5.3.Final]
	at org.hibernate.query.sqm.internal.ConcreteSqmSelectQueryPlan.withCacheableSqmInterpretation(ConcreteSqmSelectQueryPlan.java:382) ~[hibernate-core-6.5.3.Final.jar:6.5.3.Final]
	at org.hibernate.query.sqm.internal.ConcreteSqmSelectQueryPlan.performList(ConcreteSqmSelectQueryPlan.java:302) ~[hibernate-core-6.5.3.Final.jar:6.5.3.Final]
	at org.hibernate.query.sqm.internal.QuerySqmImpl.doList(QuerySqmImpl.java:526) ~[hibernate-core-6.5.3.Final.jar:6.5.3.Final]
	at org.hibernate.query.spi.AbstractSelectionQuery.list(AbstractSelectionQuery.java:423) ~[hibernate-core-6.5.3.Final.jar:6.5.3.Final]
	at org.hibernate.query.spi.AbstractSelectionQuery.getSingleResult(AbstractSelectionQuery.java:555) ~[hibernate-core-6.5.3.Final.jar:6.5.3.Final]
	at java.base/jdk.internal.reflect.NativeMethodAccessorImpl.invoke0(Native Method) ~[na:na]
	at java.base/jdk.internal.reflect.NativeMethodAccessorImpl.invoke(NativeMethodAccessorImpl.java:77) ~[na:na]
	at java.base/jdk.internal.reflect.DelegatingMethodAccessorImpl.invoke(DelegatingMethodAccessorImpl.java:43) ~[na:na]
	at java.base/java.lang.reflect.Method.invoke(Method.java:569) ~[na:na]
	at org.springframework.orm.jpa.SharedEntityManagerCreator$DeferredQueryInvocationHandler.invoke(SharedEntityManagerCreator.java:418) ~[spring-orm-6.1.13.jar:6.1.13]
	at jdk.proxy2/jdk.proxy2.$Proxy193.getSingleResult(Unknown Source) ~[na:na]
	at org.springframework.data.jpa.repository.query.JpaQueryExecution$SingleEntityExecution.doExecute(JpaQueryExecution.java:223) ~[spring-data-jpa-3.3.4.jar:3.3.4]
	at org.springframework.data.jpa.repository.query.JpaQueryExecution.execute(JpaQueryExecution.java:92) ~[spring-data-jpa-3.3.4.jar:3.3.4]
	at org.springframework.data.jpa.repository.query.AbstractJpaQuery.doExecute(AbstractJpaQuery.java:152) ~[spring-data-jpa-3.3.4.jar:3.3.4]
	at org.springframework.data.jpa.repository.query.AbstractJpaQuery.execute(AbstractJpaQuery.java:140) ~[spring-data-jpa-3.3.4.jar:3.3.4]
	at org.springframework.data.repository.core.support.RepositoryMethodInvoker.doInvoke(RepositoryMethodInvoker.java:170) ~[spring-data-commons-3.3.4.jar:3.3.4]
	at org.springframework.data.repository.core.support.RepositoryMethodInvoker.invoke(RepositoryMethodInvoker.java:158) ~[spring-data-commons-3.3.4.jar:3.3.4]
	at org.springframework.data.repository.core.support.QueryExecutorMethodInterceptor.doInvoke(QueryExecutorMethodInterceptor.java:169) ~[spring-data-commons-3.3.4.jar:3.3.4]
	at org.springframework.data.repository.core.support.QueryExecutorMethodInterceptor.invoke(QueryExecutorMethodInterceptor.java:148) ~[spring-data-commons-3.3.4.jar:3.3.4]
	at org.springframework.aop.framework.ReflectiveMethodInvocation.proceed(ReflectiveMethodInvocation.java:184) ~[spring-aop-6.1.13.jar:6.1.13]
	at org.springframework.data.projection.DefaultMethodInvokingMethodInterceptor.invoke(DefaultMethodInvokingMethodInterceptor.java:70) ~[spring-data-commons-3.3.4.jar:3.3.4]
	at org.springframework.aop.framework.ReflectiveMethodInvocation.proceed(ReflectiveMethodInvocation.java:184) ~[spring-aop-6.1.13.jar:6.1.13]
	at org.springframework.transaction.interceptor.TransactionAspectSupport.invokeWithinTransaction(TransactionAspectSupport.java:379) ~[spring-tx-6.1.13.jar:6.1.13]
	at org.springframework.transaction.interceptor.TransactionInterceptor.invoke(TransactionInterceptor.java:119) ~[spring-tx-6.1.13.jar:6.1.13]
	at org.springframework.aop.framework.ReflectiveMethodInvocation.proceed(ReflectiveMethodInvocation.java:184) ~[spring-aop-6.1.13.jar:6.1.13]
	at org.springframework.dao.support.PersistenceExceptionTranslationInterceptor.invoke(PersistenceExceptionTranslationInterceptor.java:138) ~[spring-tx-6.1.13.jar:6.1.13]
	... 69 common frames omitted
Caused by: java.sql.SQLTransientConnectionException: HikariPool-1 - Connection is not available, request timed out after 30010ms (total=0, active=0, idle=0, waiting=2)
	at com.zaxxer.hikari.pool.HikariPool.createTimeoutException(HikariPool.java:686) ~[HikariCP-5.1.0.jar:na]
	at com.zaxxer.hikari.pool.HikariPool.getConnection(HikariPool.java:179) ~[HikariCP-5.1.0.jar:na]
	at com.zaxxer.hikari.pool.HikariPool.getConnection(HikariPool.java:144) ~[HikariCP-5.1.0.jar:na]
	at com.zaxxer.hikari.HikariDataSource.getConnection(HikariDataSource.java:127) ~[HikariCP-5.1.0.jar:na]
	at org.hibernate.engine.jdbc.connections.internal.DatasourceConnectionProviderImpl.getConnection(DatasourceConnectionProviderImpl.java:122) ~[hibernate-core-6.5.3.Final.jar:6.5.3.Final]
	at org.hibernate.internal.NonContextualJdbcConnectionAccess.obtainConnection(NonContextualJdbcConnectionAccess.java:46) ~[hibernate-core-6.5.3.Final.jar:6.5.3.Final]
	at org.hibernate.resource.jdbc.internal.LogicalConnectionManagedImpl.acquireConnectionIfNeeded(LogicalConnectionManagedImpl.java:126) ~[hibernate-core-6.5.3.Final.jar:6.5.3.Final]
	... 114 common frames omitted
Caused by: com.mysql.cj.jdbc.exceptions.CommunicationsException: Communications link failure

The last packet sent successfully to the server was 0 milliseconds ago. The driver has not received any packets from the server.
	at com.mysql.cj.jdbc.exceptions.SQLError.createCommunicationsException(SQLError.java:174) ~[mysql-connector-j-8.3.0.jar:8.3.0]
	at com.mysql.cj.jdbc.exceptions.SQLExceptionsMapping.translateException(SQLExceptionsMapping.java:64) ~[mysql-connector-j-8.3.0.jar:8.3.0]
	at com.mysql.cj.jdbc.ConnectionImpl.createNewIO(ConnectionImpl.java:815) ~[mysql-connector-j-8.3.0.jar:8.3.0]
	at com.mysql.cj.jdbc.ConnectionImpl.<init>(ConnectionImpl.java:438) ~[mysql-connector-j-8.3.0.jar:8.3.0]
	at com.mysql.cj.jdbc.ConnectionImpl.getInstance(ConnectionImpl.java:241) ~[mysql-connector-j-8.3.0.jar:8.3.0]
	at com.mysql.cj.jdbc.NonRegisteringDriver.connect(NonRegisteringDriver.java:189) ~[mysql-connector-j-8.3.0.jar:8.3.0]
	at com.zaxxer.hikari.util.DriverDataSource.getConnection(DriverDataSource.java:137) ~[HikariCP-5.1.0.jar:na]
	at com.zaxxer.hikari.pool.PoolBase.newConnection(PoolBase.java:360) ~[HikariCP-5.1.0.jar:na]
	at com.zaxxer.hikari.pool.PoolBase.newPoolEntry(PoolBase.java:202) ~[HikariCP-5.1.0.jar:na]
	at com.zaxxer.hikari.pool.HikariPool.createPoolEntry(HikariPool.java:461) ~[HikariCP-5.1.0.jar:na]
	at com.zaxxer.hikari.pool.HikariPool$PoolEntryCreator.call(HikariPool.java:724) ~[HikariCP-5.1.0.jar:na]
	at com.zaxxer.hikari.pool.HikariPool$PoolEntryCreator.call(HikariPool.java:703) ~[HikariCP-5.1.0.jar:na]
	at java.base/java.util.concurrent.FutureTask.run(FutureTask.java:264) ~[na:na]
	at java.base/java.util.concurrent.ThreadPoolExecutor.runWorker(ThreadPoolExecutor.java:1136) ~[na:na]
	at java.base/java.util.concurrent.ThreadPoolExecutor$Worker.run(ThreadPoolExecutor.java:635) ~[na:na]
	... 1 common frames omitted
Caused by: com.mysql.cj.exceptions.CJCommunicationsException: Communications link failure

The last packet sent successfully to the server was 0 milliseconds ago. The driver has not received any packets from the server.
	at jdk.internal.reflect.GeneratedConstructorAccessor66.newInstance(Unknown Source) ~[na:na]
	at java.base/jdk.internal.reflect.DelegatingConstructorAccessorImpl.newInstance(DelegatingConstructorAccessorImpl.java:45) ~[na:na]
	at java.base/java.lang.reflect.Constructor.newInstanceWithCaller(Constructor.java:500) ~[na:na]
	at java.base/java.lang.reflect.Constructor.newInstance(Constructor.java:481) ~[na:na]
	at com.mysql.cj.exceptions.ExceptionFactory.createException(ExceptionFactory.java:61) ~[mysql-connector-j-8.3.0.jar:8.3.0]
	at com.mysql.cj.exceptions.ExceptionFactory.createException(ExceptionFactory.java:104) ~[mysql-connector-j-8.3.0.jar:8.3.0]
	at com.mysql.cj.exceptions.ExceptionFactory.createException(ExceptionFactory.java:149) ~[mysql-connector-j-8.3.0.jar:8.3.0]
	at com.mysql.cj.exceptions.ExceptionFactory.createCommunicationsException(ExceptionFactory.java:165) ~[mysql-connector-j-8.3.0.jar:8.3.0]
	at com.mysql.cj.protocol.a.NativeSocketConnection.connect(NativeSocketConnection.java:88) ~[mysql-connector-j-8.3.0.jar:8.3.0]
	at com.mysql.cj.NativeSession.connect(NativeSession.java:120) ~[mysql-connector-j-8.3.0.jar:8.3.0]
	at com.mysql.cj.jdbc.ConnectionImpl.connectOneTryOnly(ConnectionImpl.java:935) ~[mysql-connector-j-8.3.0.jar:8.3.0]
	at com.mysql.cj.jdbc.ConnectionImpl.createNewIO(ConnectionImpl.java:805) ~[mysql-connector-j-8.3.0.jar:8.3.0]
	... 13 common frames omitted
Caused by: java.net.ConnectException: Connection refused: getsockopt
	at java.base/sun.nio.ch.Net.pollConnect(Native Method) ~[na:na]
	at java.base/sun.nio.ch.Net.pollConnectNow(Net.java:672) ~[na:na]
	at java.base/sun.nio.ch.NioSocketImpl.timedFinishConnect(NioSocketImpl.java:547) ~[na:na]
	at java.base/sun.nio.ch.NioSocketImpl.connect(NioSocketImpl.java:602) ~[na:na]
	at java.base/java.net.SocksSocketImpl.connect(SocksSocketImpl.java:327) ~[na:na]
	at java.base/java.net.Socket.connect(Socket.java:633) ~[na:na]
	at com.mysql.cj.protocol.StandardSocketFactory.connect(StandardSocketFactory.java:153) ~[mysql-connector-j-8.3.0.jar:8.3.0]
	at com.mysql.cj.protocol.a.NativeSocketConnection.connect(NativeSocketConnection.java:62) ~[mysql-connector-j-8.3.0.jar:8.3.0]
	... 16 common frames omitted

2026-07-08T19:09:57.131-05:00 DEBUG 30052 --- [Backend_Login] [nio-8081-exec-6] o.s.security.web.FilterChainProxy        : Securing GET /error
2026-07-08T19:09:57.131-05:00 DEBUG 30052 --- [Backend_Login] [nio-8081-exec-6] o.s.s.w.a.AnonymousAuthenticationFilter  : Set SecurityContextHolder to anonymous SecurityContext
2026-07-08T19:09:57.132-05:00 DEBUG 30052 --- [Backend_Login] [nio-8081-exec-6] o.s.security.web.FilterChainProxy        : Secured GET /error
2026-07-08T19:09:59.059-05:00  WARN 30052 --- [Backend_Login] [nio-8081-exec-7] o.h.engine.jdbc.spi.SqlExceptionHelper   : SQL Error: 0, SQLState: 08S01
2026-07-08T19:09:59.059-05:00 ERROR 30052 --- [Backend_Login] [nio-8081-exec-7] o.h.engine.jdbc.spi.SqlExceptionHelper   : HikariPool-1 - Connection is not available, request timed out after 30004ms (total=0, active=0, idle=0, waiting=1)
2026-07-08T19:09:59.060-05:00 ERROR 30052 --- [Backend_Login] [nio-8081-exec-7] o.h.engine.jdbc.spi.SqlExceptionHelper   : Communications link failure

The last packet sent successfully to the server was 0 milliseconds ago. The driver has not received any packets from the server.
2026-07-08T19:09:59.060-05:00 ERROR 30052 --- [Backend_Login] [nio-8081-exec-7] o.a.c.c.C.[.[.[/].[dispatcherServlet]    : Servlet.service() for servlet [dispatcherServlet] in context with path [] threw exception

org.springframework.dao.DataAccessResourceFailureException: Unable to acquire JDBC Connection [HikariPool-1 - Connection is not available, request timed out after 30004ms (total=0, active=0, idle=0, waiting=1)] [n/a]
	at org.springframework.orm.jpa.vendor.HibernateJpaDialect.convertHibernateAccessException(HibernateJpaDialect.java:274) ~[spring-orm-6.1.13.jar:6.1.13]
	at org.springframework.orm.jpa.vendor.HibernateJpaDialect.translateExceptionIfPossible(HibernateJpaDialect.java:241) ~[spring-orm-6.1.13.jar:6.1.13]
	at org.springframework.orm.jpa.AbstractEntityManagerFactoryBean.translateExceptionIfPossible(AbstractEntityManagerFactoryBean.java:550) ~[spring-orm-6.1.13.jar:6.1.13]
	at org.springframework.dao.support.ChainedPersistenceExceptionTranslator.translateExceptionIfPossible(ChainedPersistenceExceptionTranslator.java:61) ~[spring-tx-6.1.13.jar:6.1.13]
	at org.springframework.dao.support.DataAccessUtils.translateIfNecessary(DataAccessUtils.java:335) ~[spring-tx-6.1.13.jar:6.1.13]
	at org.springframework.dao.support.PersistenceExceptionTranslationInterceptor.invoke(PersistenceExceptionTranslationInterceptor.java:160) ~[spring-tx-6.1.13.jar:6.1.13]
	at org.springframework.aop.framework.ReflectiveMethodInvocation.proceed(ReflectiveMethodInvocation.java:184) ~[spring-aop-6.1.13.jar:6.1.13]
	at org.springframework.data.jpa.repository.support.CrudMethodMetadataPostProcessor$CrudMethodMetadataPopulatingMethodInterceptor.invoke(CrudMethodMetadataPostProcessor.java:136) ~[spring-data-jpa-3.3.4.jar:3.3.4]
	at org.springframework.aop.framework.ReflectiveMethodInvocation.proceed(ReflectiveMethodInvocation.java:184) ~[spring-aop-6.1.13.jar:6.1.13]
	at org.springframework.aop.interceptor.ExposeInvocationInterceptor.invoke(ExposeInvocationInterceptor.java:97) ~[spring-aop-6.1.13.jar:6.1.13]
	at org.springframework.aop.framework.ReflectiveMethodInvocation.proceed(ReflectiveMethodInvocation.java:184) ~[spring-aop-6.1.13.jar:6.1.13]
	at org.springframework.aop.framework.JdkDynamicAopProxy.invoke(JdkDynamicAopProxy.java:223) ~[spring-aop-6.1.13.jar:6.1.13]
	at jdk.proxy2/jdk.proxy2.$Proxy141.findByCorreoUsuario(Unknown Source) ~[na:na]
	at com.interivalle.Security.UserDetailsServiceImpl.loadUserByUsername(UserDetailsServiceImpl.java:22) ~[classes/:na]
	at com.interivalle.Security.JwtAuthFilter.doFilterInternal(JwtAuthFilter.java:52) ~[classes/:na]
	at org.springframework.web.filter.OncePerRequestFilter.doFilter(OncePerRequestFilter.java:116) ~[spring-web-6.1.13.jar:6.1.13]
	at org.springframework.security.web.FilterChainProxy$VirtualFilterChain.doFilter(FilterChainProxy.java:374) ~[spring-security-web-6.3.3.jar:6.3.3]
	at org.springframework.security.web.authentication.logout.LogoutFilter.doFilter(LogoutFilter.java:107) ~[spring-security-web-6.3.3.jar:6.3.3]
	at org.springframework.security.web.authentication.logout.LogoutFilter.doFilter(LogoutFilter.java:93) ~[spring-security-web-6.3.3.jar:6.3.3]
	at org.springframework.security.web.FilterChainProxy$VirtualFilterChain.doFilter(FilterChainProxy.java:374) ~[spring-security-web-6.3.3.jar:6.3.3]
	at org.springframework.web.filter.CorsFilter.doFilterInternal(CorsFilter.java:91) ~[spring-web-6.1.13.jar:6.1.13]
	at org.springframework.web.filter.OncePerRequestFilter.doFilter(OncePerRequestFilter.java:116) ~[spring-web-6.1.13.jar:6.1.13]
	at org.springframework.security.web.FilterChainProxy$VirtualFilterChain.doFilter(FilterChainProxy.java:374) ~[spring-security-web-6.3.3.jar:6.3.3]
	at org.springframework.security.web.header.HeaderWriterFilter.doHeadersAfter(HeaderWriterFilter.java:90) ~[spring-security-web-6.3.3.jar:6.3.3]
	at org.springframework.security.web.header.HeaderWriterFilter.doFilterInternal(HeaderWriterFilter.java:75) ~[spring-security-web-6.3.3.jar:6.3.3]
	at org.springframework.web.filter.OncePerRequestFilter.doFilter(OncePerRequestFilter.java:116) ~[spring-web-6.1.13.jar:6.1.13]
	at org.springframework.security.web.FilterChainProxy$VirtualFilterChain.doFilter(FilterChainProxy.java:374) ~[spring-security-web-6.3.3.jar:6.3.3]
	at org.springframework.security.web.context.SecurityContextHolderFilter.doFilter(SecurityContextHolderFilter.java:82) ~[spring-security-web-6.3.3.jar:6.3.3]
	at org.springframework.security.web.context.SecurityContextHolderFilter.doFilter(SecurityContextHolderFilter.java:69) ~[spring-security-web-6.3.3.jar:6.3.3]
	at org.springframework.security.web.FilterChainProxy$VirtualFilterChain.doFilter(FilterChainProxy.java:374) ~[spring-security-web-6.3.3.jar:6.3.3]
	at org.springframework.security.web.context.request.async.WebAsyncManagerIntegrationFilter.doFilterInternal(WebAsyncManagerIntegrationFilter.java:62) ~[spring-security-web-6.3.3.jar:6.3.3]
	at org.springframework.web.filter.OncePerRequestFilter.doFilter(OncePerRequestFilter.java:116) ~[spring-web-6.1.13.jar:6.1.13]
	at org.springframework.security.web.FilterChainProxy$VirtualFilterChain.doFilter(FilterChainProxy.java:374) ~[spring-security-web-6.3.3.jar:6.3.3]
	at org.springframework.security.web.session.DisableEncodeUrlFilter.doFilterInternal(DisableEncodeUrlFilter.java:42) ~[spring-security-web-6.3.3.jar:6.3.3]
	at org.springframework.web.filter.OncePerRequestFilter.doFilter(OncePerRequestFilter.java:116) ~[spring-web-6.1.13.jar:6.1.13]
	at org.springframework.security.web.FilterChainProxy$VirtualFilterChain.doFilter(FilterChainProxy.java:374) ~[spring-security-web-6.3.3.jar:6.3.3]
	at org.springframework.security.web.FilterChainProxy.doFilterInternal(FilterChainProxy.java:233) ~[spring-security-web-6.3.3.jar:6.3.3]
	at org.springframework.security.web.FilterChainProxy.doFilter(FilterChainProxy.java:191) ~[spring-security-web-6.3.3.jar:6.3.3]
	at org.springframework.web.filter.CompositeFilter$VirtualFilterChain.doFilter(CompositeFilter.java:113) ~[spring-web-6.1.13.jar:6.1.13]
	at org.springframework.web.servlet.handler.HandlerMappingIntrospector.lambda$createCacheFilter$3(HandlerMappingIntrospector.java:195) ~[spring-webmvc-6.1.13.jar:6.1.13]
	at org.springframework.web.filter.CompositeFilter$VirtualFilterChain.doFilter(CompositeFilter.java:113) ~[spring-web-6.1.13.jar:6.1.13]
	at org.springframework.web.filter.CompositeFilter.doFilter(CompositeFilter.java:74) ~[spring-web-6.1.13.jar:6.1.13]
	at org.springframework.security.config.annotation.web.configuration.WebMvcSecurityConfiguration$CompositeFilterChainProxy.doFilter(WebMvcSecurityConfiguration.java:230) ~[spring-security-config-6.3.3.jar:6.3.3]
	at org.springframework.web.filter.DelegatingFilterProxy.invokeDelegate(DelegatingFilterProxy.java:352) ~[spring-web-6.1.13.jar:6.1.13]
	at org.springframework.web.filter.DelegatingFilterProxy.doFilter(DelegatingFilterProxy.java:268) ~[spring-web-6.1.13.jar:6.1.13]
	at org.apache.catalina.core.ApplicationFilterChain.internalDoFilter(ApplicationFilterChain.java:164) ~[tomcat-embed-core-10.1.30.jar:10.1.30]
	at org.apache.catalina.core.ApplicationFilterChain.doFilter(ApplicationFilterChain.java:140) ~[tomcat-embed-core-10.1.30.jar:10.1.30]
	at org.springframework.web.filter.RequestContextFilter.doFilterInternal(RequestContextFilter.java:100) ~[spring-web-6.1.13.jar:6.1.13]
	at org.springframework.web.filter.OncePerRequestFilter.doFilter(OncePerRequestFilter.java:116) ~[spring-web-6.1.13.jar:6.1.13]
	at org.apache.catalina.core.ApplicationFilterChain.internalDoFilter(ApplicationFilterChain.java:164) ~[tomcat-embed-core-10.1.30.jar:10.1.30]
	at org.apache.catalina.core.ApplicationFilterChain.doFilter(ApplicationFilterChain.java:140) ~[tomcat-embed-core-10.1.30.jar:10.1.30]
	at org.springframework.web.filter.FormContentFilter.doFilterInternal(FormContentFilter.java:93) ~[spring-web-6.1.13.jar:6.1.13]
	at org.springframework.web.filter.OncePerRequestFilter.doFilter(OncePerRequestFilter.java:116) ~[spring-web-6.1.13.jar:6.1.13]
	at org.apache.catalina.core.ApplicationFilterChain.internalDoFilter(ApplicationFilterChain.java:164) ~[tomcat-embed-core-10.1.30.jar:10.1.30]
	at org.apache.catalina.core.ApplicationFilterChain.doFilter(ApplicationFilterChain.java:140) ~[tomcat-embed-core-10.1.30.jar:10.1.30]
	at org.springframework.web.filter.CharacterEncodingFilter.doFilterInternal(CharacterEncodingFilter.java:201) ~[spring-web-6.1.13.jar:6.1.13]
	at org.springframework.web.filter.OncePerRequestFilter.doFilter(OncePerRequestFilter.java:116) ~[spring-web-6.1.13.jar:6.1.13]
	at org.apache.catalina.core.ApplicationFilterChain.internalDoFilter(ApplicationFilterChain.java:164) ~[tomcat-embed-core-10.1.30.jar:10.1.30]
	at org.apache.catalina.core.ApplicationFilterChain.doFilter(ApplicationFilterChain.java:140) ~[tomcat-embed-core-10.1.30.jar:10.1.30]
	at org.apache.catalina.core.StandardWrapperValve.invoke(StandardWrapperValve.java:167) ~[tomcat-embed-core-10.1.30.jar:10.1.30]
	at org.apache.catalina.core.StandardContextValve.invoke(StandardContextValve.java:90) ~[tomcat-embed-core-10.1.30.jar:10.1.30]
	at org.apache.catalina.authenticator.AuthenticatorBase.invoke(AuthenticatorBase.java:483) ~[tomcat-embed-core-10.1.30.jar:10.1.30]
	at org.apache.catalina.core.StandardHostValve.invoke(StandardHostValve.java:115) ~[tomcat-embed-core-10.1.30.jar:10.1.30]
	at org.apache.catalina.valves.ErrorReportValve.invoke(ErrorReportValve.java:93) ~[tomcat-embed-core-10.1.30.jar:10.1.30]
	at org.apache.catalina.core.StandardEngineValve.invoke(StandardEngineValve.java:74) ~[tomcat-embed-core-10.1.30.jar:10.1.30]
	at org.apache.catalina.connector.CoyoteAdapter.service(CoyoteAdapter.java:344) ~[tomcat-embed-core-10.1.30.jar:10.1.30]
	at org.apache.coyote.http11.Http11Processor.service(Http11Processor.java:384) ~[tomcat-embed-core-10.1.30.jar:10.1.30]
	at org.apache.coyote.AbstractProcessorLight.process(AbstractProcessorLight.java:63) ~[tomcat-embed-core-10.1.30.jar:10.1.30]
	at org.apache.coyote.AbstractProtocol$ConnectionHandler.process(AbstractProtocol.java:905) ~[tomcat-embed-core-10.1.30.jar:10.1.30]
	at org.apache.tomcat.util.net.NioEndpoint$SocketProcessor.doRun(NioEndpoint.java:1741) ~[tomcat-embed-core-10.1.30.jar:10.1.30]
	at org.apache.tomcat.util.net.SocketProcessorBase.run(SocketProcessorBase.java:52) ~[tomcat-embed-core-10.1.30.jar:10.1.30]
	at org.apache.tomcat.util.threads.ThreadPoolExecutor.runWorker(ThreadPoolExecutor.java:1190) ~[tomcat-embed-core-10.1.30.jar:10.1.30]
	at org.apache.tomcat.util.threads.ThreadPoolExecutor$Worker.run(ThreadPoolExecutor.java:659) ~[tomcat-embed-core-10.1.30.jar:10.1.30]
	at org.apache.tomcat.util.threads.TaskThread$WrappingRunnable.run(TaskThread.java:63) ~[tomcat-embed-core-10.1.30.jar:10.1.30]
	at java.base/java.lang.Thread.run(Thread.java:840) ~[na:na]
Caused by: org.hibernate.exception.JDBCConnectionException: Unable to acquire JDBC Connection [HikariPool-1 - Connection is not available, request timed out after 30004ms (total=0, active=0, idle=0, waiting=1)] [n/a]
	at org.hibernate.exception.internal.SQLExceptionTypeDelegate.convert(SQLExceptionTypeDelegate.java:51) ~[hibernate-core-6.5.3.Final.jar:6.5.3.Final]
	at org.hibernate.exception.internal.StandardSQLExceptionConverter.convert(StandardSQLExceptionConverter.java:58) ~[hibernate-core-6.5.3.Final.jar:6.5.3.Final]
	at org.hibernate.engine.jdbc.spi.SqlExceptionHelper.convert(SqlExceptionHelper.java:108) ~[hibernate-core-6.5.3.Final.jar:6.5.3.Final]
	at org.hibernate.engine.jdbc.spi.SqlExceptionHelper.convert(SqlExceptionHelper.java:94) ~[hibernate-core-6.5.3.Final.jar:6.5.3.Final]
	at org.hibernate.resource.jdbc.internal.LogicalConnectionManagedImpl.acquireConnectionIfNeeded(LogicalConnectionManagedImpl.java:129) ~[hibernate-core-6.5.3.Final.jar:6.5.3.Final]
	at org.hibernate.resource.jdbc.internal.LogicalConnectionManagedImpl.getPhysicalConnection(LogicalConnectionManagedImpl.java:156) ~[hibernate-core-6.5.3.Final.jar:6.5.3.Final]
	at org.hibernate.engine.jdbc.internal.StatementPreparerImpl.connection(StatementPreparerImpl.java:54) ~[hibernate-core-6.5.3.Final.jar:6.5.3.Final]
	at org.hibernate.engine.jdbc.internal.StatementPreparerImpl$5.doPrepare(StatementPreparerImpl.java:153) ~[hibernate-core-6.5.3.Final.jar:6.5.3.Final]
	at org.hibernate.engine.jdbc.internal.StatementPreparerImpl$StatementPreparationTemplate.prepareStatement(StatementPreparerImpl.java:183) ~[hibernate-core-6.5.3.Final.jar:6.5.3.Final]
	at org.hibernate.engine.jdbc.internal.StatementPreparerImpl.prepareQueryStatement(StatementPreparerImpl.java:155) ~[hibernate-core-6.5.3.Final.jar:6.5.3.Final]
	at org.hibernate.sql.exec.spi.JdbcSelectExecutor.lambda$list$0(JdbcSelectExecutor.java:85) ~[hibernate-core-6.5.3.Final.jar:6.5.3.Final]
	at org.hibernate.sql.results.jdbc.internal.DeferredResultSetAccess.executeQuery(DeferredResultSetAccess.java:231) ~[hibernate-core-6.5.3.Final.jar:6.5.3.Final]
	at org.hibernate.sql.results.jdbc.internal.DeferredResultSetAccess.getResultSet(DeferredResultSetAccess.java:167) ~[hibernate-core-6.5.3.Final.jar:6.5.3.Final]
	at org.hibernate.sql.results.jdbc.internal.JdbcValuesResultSetImpl.advanceNext(JdbcValuesResultSetImpl.java:265) ~[hibernate-core-6.5.3.Final.jar:6.5.3.Final]
	at org.hibernate.sql.results.jdbc.internal.JdbcValuesResultSetImpl.processNext(JdbcValuesResultSetImpl.java:145) ~[hibernate-core-6.5.3.Final.jar:6.5.3.Final]
	at org.hibernate.sql.results.jdbc.internal.AbstractJdbcValues.next(AbstractJdbcValues.java:19) ~[hibernate-core-6.5.3.Final.jar:6.5.3.Final]
	at org.hibernate.sql.results.internal.RowProcessingStateStandardImpl.next(RowProcessingStateStandardImpl.java:67) ~[hibernate-core-6.5.3.Final.jar:6.5.3.Final]
	at org.hibernate.sql.results.spi.ListResultsConsumer.consume(ListResultsConsumer.java:204) ~[hibernate-core-6.5.3.Final.jar:6.5.3.Final]
	at org.hibernate.sql.results.spi.ListResultsConsumer.consume(ListResultsConsumer.java:33) ~[hibernate-core-6.5.3.Final.jar:6.5.3.Final]
	at org.hibernate.sql.exec.internal.JdbcSelectExecutorStandardImpl.doExecuteQuery(JdbcSelectExecutorStandardImpl.java:211) ~[hibernate-core-6.5.3.Final.jar:6.5.3.Final]
	at org.hibernate.sql.exec.internal.JdbcSelectExecutorStandardImpl.executeQuery(JdbcSelectExecutorStandardImpl.java:83) ~[hibernate-core-6.5.3.Final.jar:6.5.3.Final]
	at org.hibernate.sql.exec.spi.JdbcSelectExecutor.list(JdbcSelectExecutor.java:76) ~[hibernate-core-6.5.3.Final.jar:6.5.3.Final]
	at org.hibernate.sql.exec.spi.JdbcSelectExecutor.list(JdbcSelectExecutor.java:65) ~[hibernate-core-6.5.3.Final.jar:6.5.3.Final]
	at org.hibernate.query.sqm.internal.ConcreteSqmSelectQueryPlan.lambda$new$2(ConcreteSqmSelectQueryPlan.java:139) ~[hibernate-core-6.5.3.Final.jar:6.5.3.Final]
	at org.hibernate.query.sqm.internal.ConcreteSqmSelectQueryPlan.withCacheableSqmInterpretation(ConcreteSqmSelectQueryPlan.java:382) ~[hibernate-core-6.5.3.Final.jar:6.5.3.Final]
	at org.hibernate.query.sqm.internal.ConcreteSqmSelectQueryPlan.performList(ConcreteSqmSelectQueryPlan.java:302) ~[hibernate-core-6.5.3.Final.jar:6.5.3.Final]
	at org.hibernate.query.sqm.internal.QuerySqmImpl.doList(QuerySqmImpl.java:526) ~[hibernate-core-6.5.3.Final.jar:6.5.3.Final]
	at org.hibernate.query.spi.AbstractSelectionQuery.list(AbstractSelectionQuery.java:423) ~[hibernate-core-6.5.3.Final.jar:6.5.3.Final]
	at org.hibernate.query.spi.AbstractSelectionQuery.getSingleResult(AbstractSelectionQuery.java:555) ~[hibernate-core-6.5.3.Final.jar:6.5.3.Final]
	at java.base/jdk.internal.reflect.NativeMethodAccessorImpl.invoke0(Native Method) ~[na:na]
	at java.base/jdk.internal.reflect.NativeMethodAccessorImpl.invoke(NativeMethodAccessorImpl.java:77) ~[na:na]
	at java.base/jdk.internal.reflect.DelegatingMethodAccessorImpl.invoke(DelegatingMethodAccessorImpl.java:43) ~[na:na]
	at java.base/java.lang.reflect.Method.invoke(Method.java:569) ~[na:na]
	at org.springframework.orm.jpa.SharedEntityManagerCreator$DeferredQueryInvocationHandler.invoke(SharedEntityManagerCreator.java:418) ~[spring-orm-6.1.13.jar:6.1.13]
	at jdk.proxy2/jdk.proxy2.$Proxy193.getSingleResult(Unknown Source) ~[na:na]
	at org.springframework.data.jpa.repository.query.JpaQueryExecution$SingleEntityExecution.doExecute(JpaQueryExecution.java:223) ~[spring-data-jpa-3.3.4.jar:3.3.4]
	at org.springframework.data.jpa.repository.query.JpaQueryExecution.execute(JpaQueryExecution.java:92) ~[spring-data-jpa-3.3.4.jar:3.3.4]
	at org.springframework.data.jpa.repository.query.AbstractJpaQuery.doExecute(AbstractJpaQuery.java:152) ~[spring-data-jpa-3.3.4.jar:3.3.4]
	at org.springframework.data.jpa.repository.query.AbstractJpaQuery.execute(AbstractJpaQuery.java:140) ~[spring-data-jpa-3.3.4.jar:3.3.4]
	at org.springframework.data.repository.core.support.RepositoryMethodInvoker.doInvoke(RepositoryMethodInvoker.java:170) ~[spring-data-commons-3.3.4.jar:3.3.4]
	at org.springframework.data.repository.core.support.RepositoryMethodInvoker.invoke(RepositoryMethodInvoker.java:158) ~[spring-data-commons-3.3.4.jar:3.3.4]
	at org.springframework.data.repository.core.support.QueryExecutorMethodInterceptor.doInvoke(QueryExecutorMethodInterceptor.java:169) ~[spring-data-commons-3.3.4.jar:3.3.4]
	at org.springframework.data.repository.core.support.QueryExecutorMethodInterceptor.invoke(QueryExecutorMethodInterceptor.java:148) ~[spring-data-commons-3.3.4.jar:3.3.4]
	at org.springframework.aop.framework.ReflectiveMethodInvocation.proceed(ReflectiveMethodInvocation.java:184) ~[spring-aop-6.1.13.jar:6.1.13]
	at org.springframework.data.projection.DefaultMethodInvokingMethodInterceptor.invoke(DefaultMethodInvokingMethodInterceptor.java:70) ~[spring-data-commons-3.3.4.jar:3.3.4]
	at org.springframework.aop.framework.ReflectiveMethodInvocation.proceed(ReflectiveMethodInvocation.java:184) ~[spring-aop-6.1.13.jar:6.1.13]
	at org.springframework.transaction.interceptor.TransactionAspectSupport.invokeWithinTransaction(TransactionAspectSupport.java:379) ~[spring-tx-6.1.13.jar:6.1.13]
	at org.springframework.transaction.interceptor.TransactionInterceptor.invoke(TransactionInterceptor.java:119) ~[spring-tx-6.1.13.jar:6.1.13]
	at org.springframework.aop.framework.ReflectiveMethodInvocation.proceed(ReflectiveMethodInvocation.java:184) ~[spring-aop-6.1.13.jar:6.1.13]
	at org.springframework.dao.support.PersistenceExceptionTranslationInterceptor.invoke(PersistenceExceptionTranslationInterceptor.java:138) ~[spring-tx-6.1.13.jar:6.1.13]
	... 69 common frames omitted
Caused by: java.sql.SQLTransientConnectionException: HikariPool-1 - Connection is not available, request timed out after 30004ms (total=0, active=0, idle=0, waiting=1)
	at com.zaxxer.hikari.pool.HikariPool.createTimeoutException(HikariPool.java:686) ~[HikariCP-5.1.0.jar:na]
	at com.zaxxer.hikari.pool.HikariPool.getConnection(HikariPool.java:179) ~[HikariCP-5.1.0.jar:na]
	at com.zaxxer.hikari.pool.HikariPool.getConnection(HikariPool.java:144) ~[HikariCP-5.1.0.jar:na]
	at com.zaxxer.hikari.HikariDataSource.getConnection(HikariDataSource.java:127) ~[HikariCP-5.1.0.jar:na]
	at org.hibernate.engine.jdbc.connections.internal.DatasourceConnectionProviderImpl.getConnection(DatasourceConnectionProviderImpl.java:122) ~[hibernate-core-6.5.3.Final.jar:6.5.3.Final]
	at org.hibernate.internal.NonContextualJdbcConnectionAccess.obtainConnection(NonContextualJdbcConnectionAccess.java:46) ~[hibernate-core-6.5.3.Final.jar:6.5.3.Final]
	at org.hibernate.resource.jdbc.internal.LogicalConnectionManagedImpl.acquireConnectionIfNeeded(LogicalConnectionManagedImpl.java:126) ~[hibernate-core-6.5.3.Final.jar:6.5.3.Final]
	... 114 common frames omitted
Caused by: com.mysql.cj.jdbc.exceptions.CommunicationsException: Communications link failure

The last packet sent successfully to the server was 0 milliseconds ago. The driver has not received any packets from the server.
	at com.mysql.cj.jdbc.exceptions.SQLError.createCommunicationsException(SQLError.java:174) ~[mysql-connector-j-8.3.0.jar:8.3.0]
	at com.mysql.cj.jdbc.exceptions.SQLExceptionsMapping.translateException(SQLExceptionsMapping.java:64) ~[mysql-connector-j-8.3.0.jar:8.3.0]
	at com.mysql.cj.jdbc.ConnectionImpl.createNewIO(ConnectionImpl.java:815) ~[mysql-connector-j-8.3.0.jar:8.3.0]
	at com.mysql.cj.jdbc.ConnectionImpl.<init>(ConnectionImpl.java:438) ~[mysql-connector-j-8.3.0.jar:8.3.0]
	at com.mysql.cj.jdbc.ConnectionImpl.getInstance(ConnectionImpl.java:241) ~[mysql-connector-j-8.3.0.jar:8.3.0]
	at com.mysql.cj.jdbc.NonRegisteringDriver.connect(NonRegisteringDriver.java:189) ~[mysql-connector-j-8.3.0.jar:8.3.0]
	at com.zaxxer.hikari.util.DriverDataSource.getConnection(DriverDataSource.java:137) ~[HikariCP-5.1.0.jar:na]
	at com.zaxxer.hikari.pool.PoolBase.newConnection(PoolBase.java:360) ~[HikariCP-5.1.0.jar:na]
	at com.zaxxer.hikari.pool.PoolBase.newPoolEntry(PoolBase.java:202) ~[HikariCP-5.1.0.jar:na]
	at com.zaxxer.hikari.pool.HikariPool.createPoolEntry(HikariPool.java:461) ~[HikariCP-5.1.0.jar:na]
	at com.zaxxer.hikari.pool.HikariPool$PoolEntryCreator.call(HikariPool.java:724) ~[HikariCP-5.1.0.jar:na]
	at com.zaxxer.hikari.pool.HikariPool$PoolEntryCreator.call(HikariPool.java:703) ~[HikariCP-5.1.0.jar:na]
	at java.base/java.util.concurrent.FutureTask.run(FutureTask.java:264) ~[na:na]
	at java.base/java.util.concurrent.ThreadPoolExecutor.runWorker(ThreadPoolExecutor.java:1136) ~[na:na]
	at java.base/java.util.concurrent.ThreadPoolExecutor$Worker.run(ThreadPoolExecutor.java:635) ~[na:na]
	... 1 common frames omitted
Caused by: com.mysql.cj.exceptions.CJCommunicationsException: Communications link failure

The last packet sent successfully to the server was 0 milliseconds ago. The driver has not received any packets from the server.
	at jdk.internal.reflect.GeneratedConstructorAccessor66.newInstance(Unknown Source) ~[na:na]
	at java.base/jdk.internal.reflect.DelegatingConstructorAccessorImpl.newInstance(DelegatingConstructorAccessorImpl.java:45) ~[na:na]
	at java.base/java.lang.reflect.Constructor.newInstanceWithCaller(Constructor.java:500) ~[na:na]
	at java.base/java.lang.reflect.Constructor.newInstance(Constructor.java:481) ~[na:na]
	at com.mysql.cj.exceptions.ExceptionFactory.createException(ExceptionFactory.java:61) ~[mysql-connector-j-8.3.0.jar:8.3.0]
	at com.mysql.cj.exceptions.ExceptionFactory.createException(ExceptionFactory.java:104) ~[mysql-connector-j-8.3.0.jar:8.3.0]
	at com.mysql.cj.exceptions.ExceptionFactory.createException(ExceptionFactory.java:149) ~[mysql-connector-j-8.3.0.jar:8.3.0]
	at com.mysql.cj.exceptions.ExceptionFactory.createCommunicationsException(ExceptionFactory.java:165) ~[mysql-connector-j-8.3.0.jar:8.3.0]
	at com.mysql.cj.protocol.a.NativeSocketConnection.connect(NativeSocketConnection.java:88) ~[mysql-connector-j-8.3.0.jar:8.3.0]
	at com.mysql.cj.NativeSession.connect(NativeSession.java:120) ~[mysql-connector-j-8.3.0.jar:8.3.0]
	at com.mysql.cj.jdbc.ConnectionImpl.connectOneTryOnly(ConnectionImpl.java:935) ~[mysql-connector-j-8.3.0.jar:8.3.0]
	at com.mysql.cj.jdbc.ConnectionImpl.createNewIO(ConnectionImpl.java:805) ~[mysql-connector-j-8.3.0.jar:8.3.0]
	... 13 common frames omitted
Caused by: java.net.ConnectException: Connection refused: getsockopt
	at java.base/sun.nio.ch.Net.pollConnect(Native Method) ~[na:na]
	at java.base/sun.nio.ch.Net.pollConnectNow(Net.java:672) ~[na:na]
	at java.base/sun.nio.ch.NioSocketImpl.timedFinishConnect(NioSocketImpl.java:547) ~[na:na]
	at java.base/sun.nio.ch.NioSocketImpl.connect(NioSocketImpl.java:602) ~[na:na]
	at java.base/java.net.SocksSocketImpl.connect(SocksSocketImpl.java:327) ~[na:na]
	at java.base/java.net.Socket.connect(Socket.java:633) ~[na:na]
	at com.mysql.cj.protocol.StandardSocketFactory.connect(StandardSocketFactory.java:153) ~[mysql-connector-j-8.3.0.jar:8.3.0]
	at com.mysql.cj.protocol.a.NativeSocketConnection.connect(NativeSocketConnection.java:62) ~[mysql-connector-j-8.3.0.jar:8.3.0]
	... 16 common frames omitted

2026-07-08T19:09:59.065-05:00 DEBUG 30052 --- [Backend_Login] [nio-8081-exec-7] o.s.security.web.FilterChainProxy        : Securing GET /error
2026-07-08T19:09:59.066-05:00 DEBUG 30052 --- [Backend_Login] [nio-8081-exec-7] o.s.s.w.a.AnonymousAuthenticationFilter  : Set SecurityContextHolder to anonymous SecurityContext
2026-07-08T19:09:59.066-05:00 DEBUG 30052 --- [Backend_Login] [nio-8081-exec-7] o.s.security.web.FilterChainProxy        : Secured GET /error
2026-07-08T19:09:59.075-05:00  WARN 30052 --- [Backend_Login] [nio-8081-exec-9] o.h.engine.jdbc.spi.SqlExceptionHelper   : SQL Error: 0, SQLState: 08S01
2026-07-08T19:09:59.075-05:00 ERROR 30052 --- [Backend_Login] [nio-8081-exec-9] o.h.engine.jdbc.spi.SqlExceptionHelper   : HikariPool-1 - Connection is not available, request timed out after 30004ms (total=0, active=0, idle=0, waiting=0)
2026-07-08T19:09:59.076-05:00 ERROR 30052 --- [Backend_Login] [nio-8081-exec-9] o.h.engine.jdbc.spi.SqlExceptionHelper   : Communications link failure

The last packet sent successfully to the server was 0 milliseconds ago. The driver has not received any packets from the server.
2026-07-08T19:09:59.077-05:00 ERROR 30052 --- [Backend_Login] [nio-8081-exec-9] o.a.c.c.C.[.[.[/].[dispatcherServlet]    : Servlet.service() for servlet [dispatcherServlet] in context with path [] threw exception

org.springframework.dao.DataAccessResourceFailureException: Unable to acquire JDBC Connection [HikariPool-1 - Connection is not available, request timed out after 30004ms (total=0, active=0, idle=0, waiting=0)] [n/a]
	at org.springframework.orm.jpa.vendor.HibernateJpaDialect.convertHibernateAccessException(HibernateJpaDialect.java:274) ~[spring-orm-6.1.13.jar:6.1.13]
	at org.springframework.orm.jpa.vendor.HibernateJpaDialect.translateExceptionIfPossible(HibernateJpaDialect.java:241) ~[spring-orm-6.1.13.jar:6.1.13]
	at org.springframework.orm.jpa.AbstractEntityManagerFactoryBean.translateExceptionIfPossible(AbstractEntityManagerFactoryBean.java:550) ~[spring-orm-6.1.13.jar:6.1.13]
	at org.springframework.dao.support.ChainedPersistenceExceptionTranslator.translateExceptionIfPossible(ChainedPersistenceExceptionTranslator.java:61) ~[spring-tx-6.1.13.jar:6.1.13]
	at org.springframework.dao.support.DataAccessUtils.translateIfNecessary(DataAccessUtils.java:335) ~[spring-tx-6.1.13.jar:6.1.13]
	at org.springframework.dao.support.PersistenceExceptionTranslationInterceptor.invoke(PersistenceExceptionTranslationInterceptor.java:160) ~[spring-tx-6.1.13.jar:6.1.13]
	at org.springframework.aop.framework.ReflectiveMethodInvocation.proceed(ReflectiveMethodInvocation.java:184) ~[spring-aop-6.1.13.jar:6.1.13]
	at org.springframework.data.jpa.repository.support.CrudMethodMetadataPostProcessor$CrudMethodMetadataPopulatingMethodInterceptor.invoke(CrudMethodMetadataPostProcessor.java:136) ~[spring-data-jpa-3.3.4.jar:3.3.4]
	at org.springframework.aop.framework.ReflectiveMethodInvocation.proceed(ReflectiveMethodInvocation.java:184) ~[spring-aop-6.1.13.jar:6.1.13]
	at org.springframework.aop.interceptor.ExposeInvocationInterceptor.invoke(ExposeInvocationInterceptor.java:97) ~[spring-aop-6.1.13.jar:6.1.13]
	at org.springframework.aop.framework.ReflectiveMethodInvocation.proceed(ReflectiveMethodInvocation.java:184) ~[spring-aop-6.1.13.jar:6.1.13]
	at org.springframework.aop.framework.JdkDynamicAopProxy.invoke(JdkDynamicAopProxy.java:223) ~[spring-aop-6.1.13.jar:6.1.13]
	at jdk.proxy2/jdk.proxy2.$Proxy141.findByCorreoUsuario(Unknown Source) ~[na:na]
	at com.interivalle.Security.UserDetailsServiceImpl.loadUserByUsername(UserDetailsServiceImpl.java:22) ~[classes/:na]
	at com.interivalle.Security.JwtAuthFilter.doFilterInternal(JwtAuthFilter.java:52) ~[classes/:na]
	at org.springframework.web.filter.OncePerRequestFilter.doFilter(OncePerRequestFilter.java:116) ~[spring-web-6.1.13.jar:6.1.13]
	at org.springframework.security.web.FilterChainProxy$VirtualFilterChain.doFilter(FilterChainProxy.java:374) ~[spring-security-web-6.3.3.jar:6.3.3]
	at org.springframework.security.web.authentication.logout.LogoutFilter.doFilter(LogoutFilter.java:107) ~[spring-security-web-6.3.3.jar:6.3.3]
	at org.springframework.security.web.authentication.logout.LogoutFilter.doFilter(LogoutFilter.java:93) ~[spring-security-web-6.3.3.jar:6.3.3]
	at org.springframework.security.web.FilterChainProxy$VirtualFilterChain.doFilter(FilterChainProxy.java:374) ~[spring-security-web-6.3.3.jar:6.3.3]
	at org.springframework.web.filter.CorsFilter.doFilterInternal(CorsFilter.java:91) ~[spring-web-6.1.13.jar:6.1.13]
	at org.springframework.web.filter.OncePerRequestFilter.doFilter(OncePerRequestFilter.java:116) ~[spring-web-6.1.13.jar:6.1.13]
	at org.springframework.security.web.FilterChainProxy$VirtualFilterChain.doFilter(FilterChainProxy.java:374) ~[spring-security-web-6.3.3.jar:6.3.3]
	at org.springframework.security.web.header.HeaderWriterFilter.doHeadersAfter(HeaderWriterFilter.java:90) ~[spring-security-web-6.3.3.jar:6.3.3]
	at org.springframework.security.web.header.HeaderWriterFilter.doFilterInternal(HeaderWriterFilter.java:75) ~[spring-security-web-6.3.3.jar:6.3.3]
	at org.springframework.web.filter.OncePerRequestFilter.doFilter(OncePerRequestFilter.java:116) ~[spring-web-6.1.13.jar:6.1.13]
	at org.springframework.security.web.FilterChainProxy$VirtualFilterChain.doFilter(FilterChainProxy.java:374) ~[spring-security-web-6.3.3.jar:6.3.3]
	at org.springframework.security.web.context.SecurityContextHolderFilter.doFilter(SecurityContextHolderFilter.java:82) ~[spring-security-web-6.3.3.jar:6.3.3]
	at org.springframework.security.web.context.SecurityContextHolderFilter.doFilter(SecurityContextHolderFilter.java:69) ~[spring-security-web-6.3.3.jar:6.3.3]
	at org.springframework.security.web.FilterChainProxy$VirtualFilterChain.doFilter(FilterChainProxy.java:374) ~[spring-security-web-6.3.3.jar:6.3.3]
	at org.springframework.security.web.context.request.async.WebAsyncManagerIntegrationFilter.doFilterInternal(WebAsyncManagerIntegrationFilter.java:62) ~[spring-security-web-6.3.3.jar:6.3.3]
	at org.springframework.web.filter.OncePerRequestFilter.doFilter(OncePerRequestFilter.java:116) ~[spring-web-6.1.13.jar:6.1.13]
	at org.springframework.security.web.FilterChainProxy$VirtualFilterChain.doFilter(FilterChainProxy.java:374) ~[spring-security-web-6.3.3.jar:6.3.3]
	at org.springframework.security.web.session.DisableEncodeUrlFilter.doFilterInternal(DisableEncodeUrlFilter.java:42) ~[spring-security-web-6.3.3.jar:6.3.3]
	at org.springframework.web.filter.OncePerRequestFilter.doFilter(OncePerRequestFilter.java:116) ~[spring-web-6.1.13.jar:6.1.13]
	at org.springframework.security.web.FilterChainProxy$VirtualFilterChain.doFilter(FilterChainProxy.java:374) ~[spring-security-web-6.3.3.jar:6.3.3]
	at org.springframework.security.web.FilterChainProxy.doFilterInternal(FilterChainProxy.java:233) ~[spring-security-web-6.3.3.jar:6.3.3]
	at org.springframework.security.web.FilterChainProxy.doFilter(FilterChainProxy.java:191) ~[spring-security-web-6.3.3.jar:6.3.3]
	at org.springframework.web.filter.CompositeFilter$VirtualFilterChain.doFilter(CompositeFilter.java:113) ~[spring-web-6.1.13.jar:6.1.13]
	at org.springframework.web.servlet.handler.HandlerMappingIntrospector.lambda$createCacheFilter$3(HandlerMappingIntrospector.java:195) ~[spring-webmvc-6.1.13.jar:6.1.13]
	at org.springframework.web.filter.CompositeFilter$VirtualFilterChain.doFilter(CompositeFilter.java:113) ~[spring-web-6.1.13.jar:6.1.13]
	at org.springframework.web.filter.CompositeFilter.doFilter(CompositeFilter.java:74) ~[spring-web-6.1.13.jar:6.1.13]
	at org.springframework.security.config.annotation.web.configuration.WebMvcSecurityConfiguration$CompositeFilterChainProxy.doFilter(WebMvcSecurityConfiguration.java:230) ~[spring-security-config-6.3.3.jar:6.3.3]
	at org.springframework.web.filter.DelegatingFilterProxy.invokeDelegate(DelegatingFilterProxy.java:352) ~[spring-web-6.1.13.jar:6.1.13]
	at org.springframework.web.filter.DelegatingFilterProxy.doFilter(DelegatingFilterProxy.java:268) ~[spring-web-6.1.13.jar:6.1.13]
	at org.apache.catalina.core.ApplicationFilterChain.internalDoFilter(ApplicationFilterChain.java:164) ~[tomcat-embed-core-10.1.30.jar:10.1.30]
	at org.apache.catalina.core.ApplicationFilterChain.doFilter(ApplicationFilterChain.java:140) ~[tomcat-embed-core-10.1.30.jar:10.1.30]
	at org.springframework.web.filter.RequestContextFilter.doFilterInternal(RequestContextFilter.java:100) ~[spring-web-6.1.13.jar:6.1.13]
	at org.springframework.web.filter.OncePerRequestFilter.doFilter(OncePerRequestFilter.java:116) ~[spring-web-6.1.13.jar:6.1.13]
	at org.apache.catalina.core.ApplicationFilterChain.internalDoFilter(ApplicationFilterChain.java:164) ~[tomcat-embed-core-10.1.30.jar:10.1.30]
	at org.apache.catalina.core.ApplicationFilterChain.doFilter(ApplicationFilterChain.java:140) ~[tomcat-embed-core-10.1.30.jar:10.1.30]
	at org.springframework.web.filter.FormContentFilter.doFilterInternal(FormContentFilter.java:93) ~[spring-web-6.1.13.jar:6.1.13]
	at org.springframework.web.filter.OncePerRequestFilter.doFilter(OncePerRequestFilter.java:116) ~[spring-web-6.1.13.jar:6.1.13]
	at org.apache.catalina.core.ApplicationFilterChain.internalDoFilter(ApplicationFilterChain.java:164) ~[tomcat-embed-core-10.1.30.jar:10.1.30]
	at org.apache.catalina.core.ApplicationFilterChain.doFilter(ApplicationFilterChain.java:140) ~[tomcat-embed-core-10.1.30.jar:10.1.30]
	at org.springframework.web.filter.CharacterEncodingFilter.doFilterInternal(CharacterEncodingFilter.java:201) ~[spring-web-6.1.13.jar:6.1.13]
	at org.springframework.web.filter.OncePerRequestFilter.doFilter(OncePerRequestFilter.java:116) ~[spring-web-6.1.13.jar:6.1.13]
	at org.apache.catalina.core.ApplicationFilterChain.internalDoFilter(ApplicationFilterChain.java:164) ~[tomcat-embed-core-10.1.30.jar:10.1.30]
	at org.apache.catalina.core.ApplicationFilterChain.doFilter(ApplicationFilterChain.java:140) ~[tomcat-embed-core-10.1.30.jar:10.1.30]
	at org.apache.catalina.core.StandardWrapperValve.invoke(StandardWrapperValve.java:167) ~[tomcat-embed-core-10.1.30.jar:10.1.30]
	at org.apache.catalina.core.StandardContextValve.invoke(StandardContextValve.java:90) ~[tomcat-embed-core-10.1.30.jar:10.1.30]
	at org.apache.catalina.authenticator.AuthenticatorBase.invoke(AuthenticatorBase.java:483) ~[tomcat-embed-core-10.1.30.jar:10.1.30]
	at org.apache.catalina.core.StandardHostValve.invoke(StandardHostValve.java:115) ~[tomcat-embed-core-10.1.30.jar:10.1.30]
	at org.apache.catalina.valves.ErrorReportValve.invoke(ErrorReportValve.java:93) ~[tomcat-embed-core-10.1.30.jar:10.1.30]
	at org.apache.catalina.core.StandardEngineValve.invoke(StandardEngineValve.java:74) ~[tomcat-embed-core-10.1.30.jar:10.1.30]
	at org.apache.catalina.connector.CoyoteAdapter.service(CoyoteAdapter.java:344) ~[tomcat-embed-core-10.1.30.jar:10.1.30]
	at org.apache.coyote.http11.Http11Processor.service(Http11Processor.java:384) ~[tomcat-embed-core-10.1.30.jar:10.1.30]
	at org.apache.coyote.AbstractProcessorLight.process(AbstractProcessorLight.java:63) ~[tomcat-embed-core-10.1.30.jar:10.1.30]
	at org.apache.coyote.AbstractProtocol$ConnectionHandler.process(AbstractProtocol.java:905) ~[tomcat-embed-core-10.1.30.jar:10.1.30]
	at org.apache.tomcat.util.net.NioEndpoint$SocketProcessor.doRun(NioEndpoint.java:1741) ~[tomcat-embed-core-10.1.30.jar:10.1.30]
	at org.apache.tomcat.util.net.SocketProcessorBase.run(SocketProcessorBase.java:52) ~[tomcat-embed-core-10.1.30.jar:10.1.30]
	at org.apache.tomcat.util.threads.ThreadPoolExecutor.runWorker(ThreadPoolExecutor.java:1190) ~[tomcat-embed-core-10.1.30.jar:10.1.30]
	at org.apache.tomcat.util.threads.ThreadPoolExecutor$Worker.run(ThreadPoolExecutor.java:659) ~[tomcat-embed-core-10.1.30.jar:10.1.30]
	at org.apache.tomcat.util.threads.TaskThread$WrappingRunnable.run(TaskThread.java:63) ~[tomcat-embed-core-10.1.30.jar:10.1.30]
	at java.base/java.lang.Thread.run(Thread.java:840) ~[na:na]
Caused by: org.hibernate.exception.JDBCConnectionException: Unable to acquire JDBC Connection [HikariPool-1 - Connection is not available, request timed out after 30004ms (total=0, active=0, idle=0, waiting=0)] [n/a]
	at org.hibernate.exception.internal.SQLExceptionTypeDelegate.convert(SQLExceptionTypeDelegate.java:51) ~[hibernate-core-6.5.3.Final.jar:6.5.3.Final]
	at org.hibernate.exception.internal.StandardSQLExceptionConverter.convert(StandardSQLExceptionConverter.java:58) ~[hibernate-core-6.5.3.Final.jar:6.5.3.Final]
	at org.hibernate.engine.jdbc.spi.SqlExceptionHelper.convert(SqlExceptionHelper.java:108) ~[hibernate-core-6.5.3.Final.jar:6.5.3.Final]
	at org.hibernate.engine.jdbc.spi.SqlExceptionHelper.convert(SqlExceptionHelper.java:94) ~[hibernate-core-6.5.3.Final.jar:6.5.3.Final]
	at org.hibernate.resource.jdbc.internal.LogicalConnectionManagedImpl.acquireConnectionIfNeeded(LogicalConnectionManagedImpl.java:129) ~[hibernate-core-6.5.3.Final.jar:6.5.3.Final]
	at org.hibernate.resource.jdbc.internal.LogicalConnectionManagedImpl.getPhysicalConnection(LogicalConnectionManagedImpl.java:156) ~[hibernate-core-6.5.3.Final.jar:6.5.3.Final]
	at org.hibernate.engine.jdbc.internal.StatementPreparerImpl.connection(StatementPreparerImpl.java:54) ~[hibernate-core-6.5.3.Final.jar:6.5.3.Final]
	at org.hibernate.engine.jdbc.internal.StatementPreparerImpl$5.doPrepare(StatementPreparerImpl.java:153) ~[hibernate-core-6.5.3.Final.jar:6.5.3.Final]
	at org.hibernate.engine.jdbc.internal.StatementPreparerImpl$StatementPreparationTemplate.prepareStatement(StatementPreparerImpl.java:183) ~[hibernate-core-6.5.3.Final.jar:6.5.3.Final]
	at org.hibernate.engine.jdbc.internal.StatementPreparerImpl.prepareQueryStatement(StatementPreparerImpl.java:155) ~[hibernate-core-6.5.3.Final.jar:6.5.3.Final]
	at org.hibernate.sql.exec.spi.JdbcSelectExecutor.lambda$list$0(JdbcSelectExecutor.java:85) ~[hibernate-core-6.5.3.Final.jar:6.5.3.Final]
	at org.hibernate.sql.results.jdbc.internal.DeferredResultSetAccess.executeQuery(DeferredResultSetAccess.java:231) ~[hibernate-core-6.5.3.Final.jar:6.5.3.Final]
	at org.hibernate.sql.results.jdbc.internal.DeferredResultSetAccess.getResultSet(DeferredResultSetAccess.java:167) ~[hibernate-core-6.5.3.Final.jar:6.5.3.Final]
	at org.hibernate.sql.results.jdbc.internal.JdbcValuesResultSetImpl.advanceNext(JdbcValuesResultSetImpl.java:265) ~[hibernate-core-6.5.3.Final.jar:6.5.3.Final]
	at org.hibernate.sql.results.jdbc.internal.JdbcValuesResultSetImpl.processNext(JdbcValuesResultSetImpl.java:145) ~[hibernate-core-6.5.3.Final.jar:6.5.3.Final]
	at org.hibernate.sql.results.jdbc.internal.AbstractJdbcValues.next(AbstractJdbcValues.java:19) ~[hibernate-core-6.5.3.Final.jar:6.5.3.Final]
	at org.hibernate.sql.results.internal.RowProcessingStateStandardImpl.next(RowProcessingStateStandardImpl.java:67) ~[hibernate-core-6.5.3.Final.jar:6.5.3.Final]
	at org.hibernate.sql.results.spi.ListResultsConsumer.consume(ListResultsConsumer.java:204) ~[hibernate-core-6.5.3.Final.jar:6.5.3.Final]
	at org.hibernate.sql.results.spi.ListResultsConsumer.consume(ListResultsConsumer.java:33) ~[hibernate-core-6.5.3.Final.jar:6.5.3.Final]
	at org.hibernate.sql.exec.internal.JdbcSelectExecutorStandardImpl.doExecuteQuery(JdbcSelectExecutorStandardImpl.java:211) ~[hibernate-core-6.5.3.Final.jar:6.5.3.Final]
	at org.hibernate.sql.exec.internal.JdbcSelectExecutorStandardImpl.executeQuery(JdbcSelectExecutorStandardImpl.java:83) ~[hibernate-core-6.5.3.Final.jar:6.5.3.Final]
	at org.hibernate.sql.exec.spi.JdbcSelectExecutor.list(JdbcSelectExecutor.java:76) ~[hibernate-core-6.5.3.Final.jar:6.5.3.Final]
	at org.hibernate.sql.exec.spi.JdbcSelectExecutor.list(JdbcSelectExecutor.java:65) ~[hibernate-core-6.5.3.Final.jar:6.5.3.Final]
	at org.hibernate.query.sqm.internal.ConcreteSqmSelectQueryPlan.lambda$new$2(ConcreteSqmSelectQueryPlan.java:139) ~[hibernate-core-6.5.3.Final.jar:6.5.3.Final]
	at org.hibernate.query.sqm.internal.ConcreteSqmSelectQueryPlan.withCacheableSqmInterpretation(ConcreteSqmSelectQueryPlan.java:382) ~[hibernate-core-6.5.3.Final.jar:6.5.3.Final]
	at org.hibernate.query.sqm.internal.ConcreteSqmSelectQueryPlan.performList(ConcreteSqmSelectQueryPlan.java:302) ~[hibernate-core-6.5.3.Final.jar:6.5.3.Final]
	at org.hibernate.query.sqm.internal.QuerySqmImpl.doList(QuerySqmImpl.java:526) ~[hibernate-core-6.5.3.Final.jar:6.5.3.Final]
	at org.hibernate.query.spi.AbstractSelectionQuery.list(AbstractSelectionQuery.java:423) ~[hibernate-core-6.5.3.Final.jar:6.5.3.Final]
	at org.hibernate.query.spi.AbstractSelectionQuery.getSingleResult(AbstractSelectionQuery.java:555) ~[hibernate-core-6.5.3.Final.jar:6.5.3.Final]
	at java.base/jdk.internal.reflect.NativeMethodAccessorImpl.invoke0(Native Method) ~[na:na]
	at java.base/jdk.internal.reflect.NativeMethodAccessorImpl.invoke(NativeMethodAccessorImpl.java:77) ~[na:na]
	at java.base/jdk.internal.reflect.DelegatingMethodAccessorImpl.invoke(DelegatingMethodAccessorImpl.java:43) ~[na:na]
	at java.base/java.lang.reflect.Method.invoke(Method.java:569) ~[na:na]
	at org.springframework.orm.jpa.SharedEntityManagerCreator$DeferredQueryInvocationHandler.invoke(SharedEntityManagerCreator.java:418) ~[spring-orm-6.1.13.jar:6.1.13]
	at jdk.proxy2/jdk.proxy2.$Proxy193.getSingleResult(Unknown Source) ~[na:na]
	at org.springframework.data.jpa.repository.query.JpaQueryExecution$SingleEntityExecution.doExecute(JpaQueryExecution.java:223) ~[spring-data-jpa-3.3.4.jar:3.3.4]
	at org.springframework.data.jpa.repository.query.JpaQueryExecution.execute(JpaQueryExecution.java:92) ~[spring-data-jpa-3.3.4.jar:3.3.4]
	at org.springframework.data.jpa.repository.query.AbstractJpaQuery.doExecute(AbstractJpaQuery.java:152) ~[spring-data-jpa-3.3.4.jar:3.3.4]
	at org.springframework.data.jpa.repository.query.AbstractJpaQuery.execute(AbstractJpaQuery.java:140) ~[spring-data-jpa-3.3.4.jar:3.3.4]
	at org.springframework.data.repository.core.support.RepositoryMethodInvoker.doInvoke(RepositoryMethodInvoker.java:170) ~[spring-data-commons-3.3.4.jar:3.3.4]
	at org.springframework.data.repository.core.support.RepositoryMethodInvoker.invoke(RepositoryMethodInvoker.java:158) ~[spring-data-commons-3.3.4.jar:3.3.4]
	at org.springframework.data.repository.core.support.QueryExecutorMethodInterceptor.doInvoke(QueryExecutorMethodInterceptor.java:169) ~[spring-data-commons-3.3.4.jar:3.3.4]
	at org.springframework.data.repository.core.support.QueryExecutorMethodInterceptor.invoke(QueryExecutorMethodInterceptor.java:148) ~[spring-data-commons-3.3.4.jar:3.3.4]
	at org.springframework.aop.framework.ReflectiveMethodInvocation.proceed(ReflectiveMethodInvocation.java:184) ~[spring-aop-6.1.13.jar:6.1.13]
	at org.springframework.data.projection.DefaultMethodInvokingMethodInterceptor.invoke(DefaultMethodInvokingMethodInterceptor.java:70) ~[spring-data-commons-3.3.4.jar:3.3.4]
	at org.springframework.aop.framework.ReflectiveMethodInvocation.proceed(ReflectiveMethodInvocation.java:184) ~[spring-aop-6.1.13.jar:6.1.13]
	at org.springframework.transaction.interceptor.TransactionAspectSupport.invokeWithinTransaction(TransactionAspectSupport.java:379) ~[spring-tx-6.1.13.jar:6.1.13]
	at org.springframework.transaction.interceptor.TransactionInterceptor.invoke(TransactionInterceptor.java:119) ~[spring-tx-6.1.13.jar:6.1.13]
	at org.springframework.aop.framework.ReflectiveMethodInvocation.proceed(ReflectiveMethodInvocation.java:184) ~[spring-aop-6.1.13.jar:6.1.13]
	at org.springframework.dao.support.PersistenceExceptionTranslationInterceptor.invoke(PersistenceExceptionTranslationInterceptor.java:138) ~[spring-tx-6.1.13.jar:6.1.13]
	... 69 common frames omitted
Caused by: java.sql.SQLTransientConnectionException: HikariPool-1 - Connection is not available, request timed out after 30004ms (total=0, active=0, idle=0, waiting=0)
	at com.zaxxer.hikari.pool.HikariPool.createTimeoutException(HikariPool.java:686) ~[HikariCP-5.1.0.jar:na]
	at com.zaxxer.hikari.pool.HikariPool.getConnection(HikariPool.java:179) ~[HikariCP-5.1.0.jar:na]
	at com.zaxxer.hikari.pool.HikariPool.getConnection(HikariPool.java:144) ~[HikariCP-5.1.0.jar:na]
	at com.zaxxer.hikari.HikariDataSource.getConnection(HikariDataSource.java:127) ~[HikariCP-5.1.0.jar:na]
	at org.hibernate.engine.jdbc.connections.internal.DatasourceConnectionProviderImpl.getConnection(DatasourceConnectionProviderImpl.java:122) ~[hibernate-core-6.5.3.Final.jar:6.5.3.Final]
	at org.hibernate.internal.NonContextualJdbcConnectionAccess.obtainConnection(NonContextualJdbcConnectionAccess.java:46) ~[hibernate-core-6.5.3.Final.jar:6.5.3.Final]
	at org.hibernate.resource.jdbc.internal.LogicalConnectionManagedImpl.acquireConnectionIfNeeded(LogicalConnectionManagedImpl.java:126) ~[hibernate-core-6.5.3.Final.jar:6.5.3.Final]
	... 114 common frames omitted
Caused by: com.mysql.cj.jdbc.exceptions.CommunicationsException: Communications link failure

The last packet sent successfully to the server was 0 milliseconds ago. The driver has not received any packets from the server.
	at com.mysql.cj.jdbc.exceptions.SQLError.createCommunicationsException(SQLError.java:174) ~[mysql-connector-j-8.3.0.jar:8.3.0]
	at com.mysql.cj.jdbc.exceptions.SQLExceptionsMapping.translateException(SQLExceptionsMapping.java:64) ~[mysql-connector-j-8.3.0.jar:8.3.0]
	at com.mysql.cj.jdbc.ConnectionImpl.createNewIO(ConnectionImpl.java:815) ~[mysql-connector-j-8.3.0.jar:8.3.0]
	at com.mysql.cj.jdbc.ConnectionImpl.<init>(ConnectionImpl.java:438) ~[mysql-connector-j-8.3.0.jar:8.3.0]
	at com.mysql.cj.jdbc.ConnectionImpl.getInstance(ConnectionImpl.java:241) ~[mysql-connector-j-8.3.0.jar:8.3.0]
	at com.mysql.cj.jdbc.NonRegisteringDriver.connect(NonRegisteringDriver.java:189) ~[mysql-connector-j-8.3.0.jar:8.3.0]
	at com.zaxxer.hikari.util.DriverDataSource.getConnection(DriverDataSource.java:137) ~[HikariCP-5.1.0.jar:na]
	at com.zaxxer.hikari.pool.PoolBase.newConnection(PoolBase.java:360) ~[HikariCP-5.1.0.jar:na]
	at com.zaxxer.hikari.pool.PoolBase.newPoolEntry(PoolBase.java:202) ~[HikariCP-5.1.0.jar:na]
	at com.zaxxer.hikari.pool.HikariPool.createPoolEntry(HikariPool.java:461) ~[HikariCP-5.1.0.jar:na]
	at com.zaxxer.hikari.pool.HikariPool$PoolEntryCreator.call(HikariPool.java:724) ~[HikariCP-5.1.0.jar:na]
	at com.zaxxer.hikari.pool.HikariPool$PoolEntryCreator.call(HikariPool.java:703) ~[HikariCP-5.1.0.jar:na]
	at java.base/java.util.concurrent.FutureTask.run(FutureTask.java:264) ~[na:na]
	at java.base/java.util.concurrent.ThreadPoolExecutor.runWorker(ThreadPoolExecutor.java:1136) ~[na:na]
	at java.base/java.util.concurrent.ThreadPoolExecutor$Worker.run(ThreadPoolExecutor.java:635) ~[na:na]
	... 1 common frames omitted
Caused by: com.mysql.cj.exceptions.CJCommunicationsException: Communications link failure

The last packet sent successfully to the server was 0 milliseconds ago. The driver has not received any packets from the server.
	at jdk.internal.reflect.GeneratedConstructorAccessor66.newInstance(Unknown Source) ~[na:na]
	at java.base/jdk.internal.reflect.DelegatingConstructorAccessorImpl.newInstance(DelegatingConstructorAccessorImpl.java:45) ~[na:na]
	at java.base/java.lang.reflect.Constructor.newInstanceWithCaller(Constructor.java:500) ~[na:na]
	at java.base/java.lang.reflect.Constructor.newInstance(Constructor.java:481) ~[na:na]
	at com.mysql.cj.exceptions.ExceptionFactory.createException(ExceptionFactory.java:61) ~[mysql-connector-j-8.3.0.jar:8.3.0]
	at com.mysql.cj.exceptions.ExceptionFactory.createException(ExceptionFactory.java:104) ~[mysql-connector-j-8.3.0.jar:8.3.0]
	at com.mysql.cj.exceptions.ExceptionFactory.createException(ExceptionFactory.java:149) ~[mysql-connector-j-8.3.0.jar:8.3.0]
	at com.mysql.cj.exceptions.ExceptionFactory.createCommunicationsException(ExceptionFactory.java:165) ~[mysql-connector-j-8.3.0.jar:8.3.0]
	at com.mysql.cj.protocol.a.NativeSocketConnection.connect(NativeSocketConnection.java:88) ~[mysql-connector-j-8.3.0.jar:8.3.0]
	at com.mysql.cj.NativeSession.connect(NativeSession.java:120) ~[mysql-connector-j-8.3.0.jar:8.3.0]
	at com.mysql.cj.jdbc.ConnectionImpl.connectOneTryOnly(ConnectionImpl.java:935) ~[mysql-connector-j-8.3.0.jar:8.3.0]
	at com.mysql.cj.jdbc.ConnectionImpl.createNewIO(ConnectionImpl.java:805) ~[mysql-connector-j-8.3.0.jar:8.3.0]
	... 13 common frames omitted
Caused by: java.net.ConnectException: Connection refused: getsockopt
	at java.base/sun.nio.ch.Net.pollConnect(Native Method) ~[na:na]
	at java.base/sun.nio.ch.Net.pollConnectNow(Net.java:672) ~[na:na]
	at java.base/sun.nio.ch.NioSocketImpl.timedFinishConnect(NioSocketImpl.java:547) ~[na:na]
	at java.base/sun.nio.ch.NioSocketImpl.connect(NioSocketImpl.java:602) ~[na:na]
	at java.base/java.net.SocksSocketImpl.connect(SocksSocketImpl.java:327) ~[na:na]
	at java.base/java.net.Socket.connect(Socket.java:633) ~[na:na]
	at com.mysql.cj.protocol.StandardSocketFactory.connect(StandardSocketFactory.java:153) ~[mysql-connector-j-8.3.0.jar:8.3.0]
	at com.mysql.cj.protocol.a.NativeSocketConnection.connect(NativeSocketConnection.java:62) ~[mysql-connector-j-8.3.0.jar:8.3.0]
	... 16 common frames omitted

2026-07-08T19:09:59.081-05:00 DEBUG 30052 --- [Backend_Login] [nio-8081-exec-9] o.s.security.web.FilterChainProxy        : Securing GET /error
2026-07-08T19:09:59.082-05:00 DEBUG 30052 --- [Backend_Login] [nio-8081-exec-9] o.s.s.w.a.AnonymousAuthenticationFilter  : Set SecurityContextHolder to anonymous SecurityContext
2026-07-08T19:09:59.082-05:00 DEBUG 30052 --- [Backend_Login] [nio-8081-exec-9] o.s.security.web.FilterChainProxy        : Secured GET /error
2026-07-08T19:09:59.089-05:00 DEBUG 30052 --- [Backend_Login] [io-8081-exec-10] o.s.security.web.FilterChainProxy        : Securing OPTIONS /api/notificaciones/contador
2026-07-08T19:09:59.097-05:00 DEBUG 30052 --- [Backend_Login] [io-8081-exec-10] o.s.security.web.FilterChainProxy        : Securing OPTIONS /api/cliente/cotizaciones/337
2026-07-08T19:09:59.099-05:00 DEBUG 30052 --- [Backend_Login] [io-8081-exec-10] o.s.security.web.FilterChainProxy        : Securing GET /api/notificaciones/contador
2026-07-08T19:09:59.101-05:00 DEBUG 30052 --- [Backend_Login] [nio-8081-exec-3] o.s.security.web.FilterChainProxy        : Securing GET /api/cliente/cotizaciones/337
Hibernate: select u1_0.id_usuario,u1_0.celular_usuario,u1_0.ciudad_usuario,u1_0.contrasena_usuario,u1_0.correo_usuario,u1_0.estado_usuario,u1_0.fecha_registro_usuario,u1_0.id_rol,u1_0.nombre_usuario from usuario u1_0 where u1_0.correo_usuario=?
Hibernate: select u1_0.id_usuario,u1_0.celular_usuario,u1_0.ciudad_usuario,u1_0.contrasena_usuario,u1_0.correo_usuario,u1_0.estado_usuario,u1_0.fecha_registro_usuario,u1_0.id_rol,u1_0.nombre_usuario from usuario u1_0 where u1_0.correo_usuario=?
2026-07-08T19:10:19.095-05:00 DEBUG 30052 --- [Backend_Login] [nio-8081-exec-4] o.s.security.web.FilterChainProxy        : Securing OPTIONS /api/notificaciones/contador
2026-07-08T19:10:19.099-05:00 DEBUG 30052 --- [Backend_Login] [nio-8081-exec-5] o.s.security.web.FilterChainProxy        : Securing GET /api/notificaciones/contador
2026-07-08T19:10:19.101-05:00 DEBUG 30052 --- [Backend_Login] [nio-8081-exec-5] o.s.s.w.a.AnonymousAuthenticationFilter  : Set SecurityContextHolder to anonymous SecurityContext
2026-07-08T19:10:19.101-05:00 DEBUG 30052 --- [Backend_Login] [nio-8081-exec-5] o.s.s.w.a.Http403ForbiddenEntryPoint     : Pre-authenticated entry point called. Rejecting access
2026-07-08T19:10:19.102-05:00 DEBUG 30052 --- [Backend_Login] [nio-8081-exec-5] o.s.security.web.FilterChainProxy        : Securing GET /error
2026-07-08T19:10:19.103-05:00 DEBUG 30052 --- [Backend_Login] [nio-8081-exec-5] o.s.security.web.FilterChainProxy        : Secured GET /error
2026-07-08T19:10:19.105-05:00 DEBUG 30052 --- [Backend_Login] [nio-8081-exec-5] o.s.s.w.a.AnonymousAuthenticationFilter  : Set SecurityContextHolder to anonymous SecurityContext
2026-07-08T19:10:29.093-05:00 DEBUG 30052 --- [Backend_Login] [nio-8081-exec-8] o.s.security.web.FilterChainProxy        : Securing OPTIONS /api/notificaciones/contador
2026-07-08T19:10:29.119-05:00  WARN 30052 --- [Backend_Login] [nio-8081-exec-3] o.h.engine.jdbc.spi.SqlExceptionHelper   : SQL Error: 0, SQLState: 08S01
2026-07-08T19:10:29.119-05:00  WARN 30052 --- [Backend_Login] [io-8081-exec-10] o.h.engine.jdbc.spi.SqlExceptionHelper   : SQL Error: 0, SQLState: 08S01
2026-07-08T19:10:29.119-05:00 ERROR 30052 --- [Backend_Login] [nio-8081-exec-3] o.h.engine.jdbc.spi.SqlExceptionHelper   : HikariPool-1 - Connection is not available, request timed out after 30009ms (total=0, active=0, idle=0, waiting=0)
2026-07-08T19:10:29.120-05:00 ERROR 30052 --- [Backend_Login] [io-8081-exec-10] o.h.engine.jdbc.spi.SqlExceptionHelper   : HikariPool-1 - Connection is not available, request timed out after 30012ms (total=0, active=0, idle=0, waiting=0)
2026-07-08T19:10:29.120-05:00 ERROR 30052 --- [Backend_Login] [nio-8081-exec-3] o.h.engine.jdbc.spi.SqlExceptionHelper   : Communications link failure

The last packet sent successfully to the server was 0 milliseconds ago. The driver has not received any packets from the server.
2026-07-08T19:10:29.120-05:00 ERROR 30052 --- [Backend_Login] [io-8081-exec-10] o.h.engine.jdbc.spi.SqlExceptionHelper   : Communications link failure

The last packet sent successfully to the server was 0 milliseconds ago. The driver has not received any packets from the server.
2026-07-08T19:10:29.121-05:00 ERROR 30052 --- [Backend_Login] [nio-8081-exec-3] o.a.c.c.C.[.[.[/].[dispatcherServlet]    : Servlet.service() for servlet [dispatcherServlet] in context with path [] threw exception

org.springframework.dao.DataAccessResourceFailureException: Unable to acquire JDBC Connection [HikariPool-1 - Connection is not available, request timed out after 30009ms (total=0, active=0, idle=0, waiting=0)] [n/a]
	at org.springframework.orm.jpa.vendor.HibernateJpaDialect.convertHibernateAccessException(HibernateJpaDialect.java:274) ~[spring-orm-6.1.13.jar:6.1.13]
	at org.springframework.orm.jpa.vendor.HibernateJpaDialect.translateExceptionIfPossible(HibernateJpaDialect.java:241) ~[spring-orm-6.1.13.jar:6.1.13]
	at org.springframework.orm.jpa.AbstractEntityManagerFactoryBean.translateExceptionIfPossible(AbstractEntityManagerFactoryBean.java:550) ~[spring-orm-6.1.13.jar:6.1.13]
	at org.springframework.dao.support.ChainedPersistenceExceptionTranslator.translateExceptionIfPossible(ChainedPersistenceExceptionTranslator.java:61) ~[spring-tx-6.1.13.jar:6.1.13]
	at org.springframework.dao.support.DataAccessUtils.translateIfNecessary(DataAccessUtils.java:335) ~[spring-tx-6.1.13.jar:6.1.13]
	at org.springframework.dao.support.PersistenceExceptionTranslationInterceptor.invoke(PersistenceExceptionTranslationInterceptor.java:160) ~[spring-tx-6.1.13.jar:6.1.13]
	at org.springframework.aop.framework.ReflectiveMethodInvocation.proceed(ReflectiveMethodInvocation.java:184) ~[spring-aop-6.1.13.jar:6.1.13]
	at org.springframework.data.jpa.repository.support.CrudMethodMetadataPostProcessor$CrudMethodMetadataPopulatingMethodInterceptor.invoke(CrudMethodMetadataPostProcessor.java:136) ~[spring-data-jpa-3.3.4.jar:3.3.4]
	at org.springframework.aop.framework.ReflectiveMethodInvocation.proceed(ReflectiveMethodInvocation.java:184) ~[spring-aop-6.1.13.jar:6.1.13]
	at org.springframework.aop.interceptor.ExposeInvocationInterceptor.invoke(ExposeInvocationInterceptor.java:97) ~[spring-aop-6.1.13.jar:6.1.13]
	at org.springframework.aop.framework.ReflectiveMethodInvocation.proceed(ReflectiveMethodInvocation.java:184) ~[spring-aop-6.1.13.jar:6.1.13]
	at org.springframework.aop.framework.JdkDynamicAopProxy.invoke(JdkDynamicAopProxy.java:223) ~[spring-aop-6.1.13.jar:6.1.13]
	at jdk.proxy2/jdk.proxy2.$Proxy141.findByCorreoUsuario(Unknown Source) ~[na:na]
	at com.interivalle.Security.UserDetailsServiceImpl.loadUserByUsername(UserDetailsServiceImpl.java:22) ~[classes/:na]
	at com.interivalle.Security.JwtAuthFilter.doFilterInternal(JwtAuthFilter.java:52) ~[classes/:na]
	at org.springframework.web.filter.OncePerRequestFilter.doFilter(OncePerRequestFilter.java:116) ~[spring-web-6.1.13.jar:6.1.13]
	at org.springframework.security.web.FilterChainProxy$VirtualFilterChain.doFilter(FilterChainProxy.java:374) ~[spring-security-web-6.3.3.jar:6.3.3]
	at org.springframework.security.web.authentication.logout.LogoutFilter.doFilter(LogoutFilter.java:107) ~[spring-security-web-6.3.3.jar:6.3.3]
	at org.springframework.security.web.authentication.logout.LogoutFilter.doFilter(LogoutFilter.java:93) ~[spring-security-web-6.3.3.jar:6.3.3]
	at org.springframework.security.web.FilterChainProxy$VirtualFilterChain.doFilter(FilterChainProxy.java:374) ~[spring-security-web-6.3.3.jar:6.3.3]
	at org.springframework.web.filter.CorsFilter.doFilterInternal(CorsFilter.java:91) ~[spring-web-6.1.13.jar:6.1.13]
	at org.springframework.web.filter.OncePerRequestFilter.doFilter(OncePerRequestFilter.java:116) ~[spring-web-6.1.13.jar:6.1.13]
	at org.springframework.security.web.FilterChainProxy$VirtualFilterChain.doFilter(FilterChainProxy.java:374) ~[spring-security-web-6.3.3.jar:6.3.3]
	at org.springframework.security.web.header.HeaderWriterFilter.doHeadersAfter(HeaderWriterFilter.java:90) ~[spring-security-web-6.3.3.jar:6.3.3]
	at org.springframework.security.web.header.HeaderWriterFilter.doFilterInternal(HeaderWriterFilter.java:75) ~[spring-security-web-6.3.3.jar:6.3.3]
	at org.springframework.web.filter.OncePerRequestFilter.doFilter(OncePerRequestFilter.java:116) ~[spring-web-6.1.13.jar:6.1.13]
	at org.springframework.security.web.FilterChainProxy$VirtualFilterChain.doFilter(FilterChainProxy.java:374) ~[spring-security-web-6.3.3.jar:6.3.3]
	at org.springframework.security.web.context.SecurityContextHolderFilter.doFilter(SecurityContextHolderFilter.java:82) ~[spring-security-web-6.3.3.jar:6.3.3]
	at org.springframework.security.web.context.SecurityContextHolderFilter.doFilter(SecurityContextHolderFilter.java:69) ~[spring-security-web-6.3.3.jar:6.3.3]
	at org.springframework.security.web.FilterChainProxy$VirtualFilterChain.doFilter(FilterChainProxy.java:374) ~[spring-security-web-6.3.3.jar:6.3.3]
	at org.springframework.security.web.context.request.async.WebAsyncManagerIntegrationFilter.doFilterInternal(WebAsyncManagerIntegrationFilter.java:62) ~[spring-security-web-6.3.3.jar:6.3.3]
	at org.springframework.web.filter.OncePerRequestFilter.doFilter(OncePerRequestFilter.java:116) ~[spring-web-6.1.13.jar:6.1.13]
	at org.springframework.security.web.FilterChainProxy$VirtualFilterChain.doFilter(FilterChainProxy.java:374) ~[spring-security-web-6.3.3.jar:6.3.3]
	at org.springframework.security.web.session.DisableEncodeUrlFilter.doFilterInternal(DisableEncodeUrlFilter.java:42) ~[spring-security-web-6.3.3.jar:6.3.3]
	at org.springframework.web.filter.OncePerRequestFilter.doFilter(OncePerRequestFilter.java:116) ~[spring-web-6.1.13.jar:6.1.13]
	at org.springframework.security.web.FilterChainProxy$VirtualFilterChain.doFilter(FilterChainProxy.java:374) ~[spring-security-web-6.3.3.jar:6.3.3]
	at org.springframework.security.web.FilterChainProxy.doFilterInternal(FilterChainProxy.java:233) ~[spring-security-web-6.3.3.jar:6.3.3]
	at org.springframework.security.web.FilterChainProxy.doFilter(FilterChainProxy.java:191) ~[spring-security-web-6.3.3.jar:6.3.3]
	at org.springframework.web.filter.CompositeFilter$VirtualFilterChain.doFilter(CompositeFilter.java:113) ~[spring-web-6.1.13.jar:6.1.13]
	at org.springframework.web.servlet.handler.HandlerMappingIntrospector.lambda$createCacheFilter$3(HandlerMappingIntrospector.java:195) ~[spring-webmvc-6.1.13.jar:6.1.13]
	at org.springframework.web.filter.CompositeFilter$VirtualFilterChain.doFilter(CompositeFilter.java:113) ~[spring-web-6.1.13.jar:6.1.13]
	at org.springframework.web.filter.CompositeFilter.doFilter(CompositeFilter.java:74) ~[spring-web-6.1.13.jar:6.1.13]
	at org.springframework.security.config.annotation.web.configuration.WebMvcSecurityConfiguration$CompositeFilterChainProxy.doFilter(WebMvcSecurityConfiguration.java:230) ~[spring-security-config-6.3.3.jar:6.3.3]
	at org.springframework.web.filter.DelegatingFilterProxy.invokeDelegate(DelegatingFilterProxy.java:352) ~[spring-web-6.1.13.jar:6.1.13]
	at org.springframework.web.filter.DelegatingFilterProxy.doFilter(DelegatingFilterProxy.java:268) ~[spring-web-6.1.13.jar:6.1.13]
	at org.apache.catalina.core.ApplicationFilterChain.internalDoFilter(ApplicationFilterChain.java:164) ~[tomcat-embed-core-10.1.30.jar:10.1.30]
	at org.apache.catalina.core.ApplicationFilterChain.doFilter(ApplicationFilterChain.java:140) ~[tomcat-embed-core-10.1.30.jar:10.1.30]
	at org.springframework.web.filter.RequestContextFilter.doFilterInternal(RequestContextFilter.java:100) ~[spring-web-6.1.13.jar:6.1.13]
	at org.springframework.web.filter.OncePerRequestFilter.doFilter(OncePerRequestFilter.java:116) ~[spring-web-6.1.13.jar:6.1.13]
	at org.apache.catalina.core.ApplicationFilterChain.internalDoFilter(ApplicationFilterChain.java:164) ~[tomcat-embed-core-10.1.30.jar:10.1.30]
	at org.apache.catalina.core.ApplicationFilterChain.doFilter(ApplicationFilterChain.java:140) ~[tomcat-embed-core-10.1.30.jar:10.1.30]
	at org.springframework.web.filter.FormContentFilter.doFilterInternal(FormContentFilter.java:93) ~[spring-web-6.1.13.jar:6.1.13]
	at org.springframework.web.filter.OncePerRequestFilter.doFilter(OncePerRequestFilter.java:116) ~[spring-web-6.1.13.jar:6.1.13]
	at org.apache.catalina.core.ApplicationFilterChain.internalDoFilter(ApplicationFilterChain.java:164) ~[tomcat-embed-core-10.1.30.jar:10.1.30]
	at org.apache.catalina.core.ApplicationFilterChain.doFilter(ApplicationFilterChain.java:140) ~[tomcat-embed-core-10.1.30.jar:10.1.30]
	at org.springframework.web.filter.CharacterEncodingFilter.doFilterInternal(CharacterEncodingFilter.java:201) ~[spring-web-6.1.13.jar:6.1.13]
	at org.springframework.web.filter.OncePerRequestFilter.doFilter(OncePerRequestFilter.java:116) ~[spring-web-6.1.13.jar:6.1.13]
	at org.apache.catalina.core.ApplicationFilterChain.internalDoFilter(ApplicationFilterChain.java:164) ~[tomcat-embed-core-10.1.30.jar:10.1.30]
	at org.apache.catalina.core.ApplicationFilterChain.doFilter(ApplicationFilterChain.java:140) ~[tomcat-embed-core-10.1.30.jar:10.1.30]
	at org.apache.catalina.core.StandardWrapperValve.invoke(StandardWrapperValve.java:167) ~[tomcat-embed-core-10.1.30.jar:10.1.30]
	at org.apache.catalina.core.StandardContextValve.invoke(StandardContextValve.java:90) ~[tomcat-embed-core-10.1.30.jar:10.1.30]
	at org.apache.catalina.authenticator.AuthenticatorBase.invoke(AuthenticatorBase.java:483) ~[tomcat-embed-core-10.1.30.jar:10.1.30]
	at org.apache.catalina.core.StandardHostValve.invoke(StandardHostValve.java:115) ~[tomcat-embed-core-10.1.30.jar:10.1.30]
	at org.apache.catalina.valves.ErrorReportValve.invoke(ErrorReportValve.java:93) ~[tomcat-embed-core-10.1.30.jar:10.1.30]
	at org.apache.catalina.core.StandardEngineValve.invoke(StandardEngineValve.java:74) ~[tomcat-embed-core-10.1.30.jar:10.1.30]
	at org.apache.catalina.connector.CoyoteAdapter.service(CoyoteAdapter.java:344) ~[tomcat-embed-core-10.1.30.jar:10.1.30]
	at org.apache.coyote.http11.Http11Processor.service(Http11Processor.java:384) ~[tomcat-embed-core-10.1.30.jar:10.1.30]
	at org.apache.coyote.AbstractProcessorLight.process(AbstractProcessorLight.java:63) ~[tomcat-embed-core-10.1.30.jar:10.1.30]
	at org.apache.coyote.AbstractProtocol$ConnectionHandler.process(AbstractProtocol.java:905) ~[tomcat-embed-core-10.1.30.jar:10.1.30]
	at org.apache.tomcat.util.net.NioEndpoint$SocketProcessor.doRun(NioEndpoint.java:1741) ~[tomcat-embed-core-10.1.30.jar:10.1.30]
	at org.apache.tomcat.util.net.SocketProcessorBase.run(SocketProcessorBase.java:52) ~[tomcat-embed-core-10.1.30.jar:10.1.30]
	at org.apache.tomcat.util.threads.ThreadPoolExecutor.runWorker(ThreadPoolExecutor.java:1190) ~[tomcat-embed-core-10.1.30.jar:10.1.30]
	at org.apache.tomcat.util.threads.ThreadPoolExecutor$Worker.run(ThreadPoolExecutor.java:659) ~[tomcat-embed-core-10.1.30.jar:10.1.30]
	at org.apache.tomcat.util.threads.TaskThread$WrappingRunnable.run(TaskThread.java:63) ~[tomcat-embed-core-10.1.30.jar:10.1.30]
	at java.base/java.lang.Thread.run(Thread.java:840) ~[na:na]
Caused by: org.hibernate.exception.JDBCConnectionException: Unable to acquire JDBC Connection [HikariPool-1 - Connection is not available, request timed out after 30009ms (total=0, active=0, idle=0, waiting=0)] [n/a]
	at org.hibernate.exception.internal.SQLExceptionTypeDelegate.convert(SQLExceptionTypeDelegate.java:51) ~[hibernate-core-6.5.3.Final.jar:6.5.3.Final]
	at org.hibernate.exception.internal.StandardSQLExceptionConverter.convert(StandardSQLExceptionConverter.java:58) ~[hibernate-core-6.5.3.Final.jar:6.5.3.Final]
	at org.hibernate.engine.jdbc.spi.SqlExceptionHelper.convert(SqlExceptionHelper.java:108) ~[hibernate-core-6.5.3.Final.jar:6.5.3.Final]
	at org.hibernate.engine.jdbc.spi.SqlExceptionHelper.convert(SqlExceptionHelper.java:94) ~[hibernate-core-6.5.3.Final.jar:6.5.3.Final]
	at org.hibernate.resource.jdbc.internal.LogicalConnectionManagedImpl.acquireConnectionIfNeeded(LogicalConnectionManagedImpl.java:129) ~[hibernate-core-6.5.3.Final.jar:6.5.3.Final]
	at org.hibernate.resource.jdbc.internal.LogicalConnectionManagedImpl.getPhysicalConnection(LogicalConnectionManagedImpl.java:156) ~[hibernate-core-6.5.3.Final.jar:6.5.3.Final]
	at org.hibernate.engine.jdbc.internal.StatementPreparerImpl.connection(StatementPreparerImpl.java:54) ~[hibernate-core-6.5.3.Final.jar:6.5.3.Final]
	at org.hibernate.engine.jdbc.internal.StatementPreparerImpl$5.doPrepare(StatementPreparerImpl.java:153) ~[hibernate-core-6.5.3.Final.jar:6.5.3.Final]
	at org.hibernate.engine.jdbc.internal.StatementPreparerImpl$StatementPreparationTemplate.prepareStatement(StatementPreparerImpl.java:183) ~[hibernate-core-6.5.3.Final.jar:6.5.3.Final]
	at org.hibernate.engine.jdbc.internal.StatementPreparerImpl.prepareQueryStatement(StatementPreparerImpl.java:155) ~[hibernate-core-6.5.3.Final.jar:6.5.3.Final]
	at org.hibernate.sql.exec.spi.JdbcSelectExecutor.lambda$list$0(JdbcSelectExecutor.java:85) ~[hibernate-core-6.5.3.Final.jar:6.5.3.Final]
	at org.hibernate.sql.results.jdbc.internal.DeferredResultSetAccess.executeQuery(DeferredResultSetAccess.java:231) ~[hibernate-core-6.5.3.Final.jar:6.5.3.Final]
	at org.hibernate.sql.results.jdbc.internal.DeferredResultSetAccess.getResultSet(DeferredResultSetAccess.java:167) ~[hibernate-core-6.5.3.Final.jar:6.5.3.Final]
	at org.hibernate.sql.results.jdbc.internal.JdbcValuesResultSetImpl.advanceNext(JdbcValuesResultSetImpl.java:265) ~[hibernate-core-6.5.3.Final.jar:6.5.3.Final]
	at org.hibernate.sql.results.jdbc.internal.JdbcValuesResultSetImpl.processNext(JdbcValuesResultSetImpl.java:145) ~[hibernate-core-6.5.3.Final.jar:6.5.3.Final]
	at org.hibernate.sql.results.jdbc.internal.AbstractJdbcValues.next(AbstractJdbcValues.java:19) ~[hibernate-core-6.5.3.Final.jar:6.5.3.Final]
	at org.hibernate.sql.results.internal.RowProcessingStateStandardImpl.next(RowProcessingStateStandardImpl.java:67) ~[hibernate-core-6.5.3.Final.jar:6.5.3.Final]
	at org.hibernate.sql.results.spi.ListResultsConsumer.consume(ListResultsConsumer.java:204) ~[hibernate-core-6.5.3.Final.jar:6.5.3.Final]
	at org.hibernate.sql.results.spi.ListResultsConsumer.consume(ListResultsConsumer.java:33) ~[hibernate-core-6.5.3.Final.jar:6.5.3.Final]
	at org.hibernate.sql.exec.internal.JdbcSelectExecutorStandardImpl.doExecuteQuery(JdbcSelectExecutorStandardImpl.java:211) ~[hibernate-core-6.5.3.Final.jar:6.5.3.Final]
	at org.hibernate.sql.exec.internal.JdbcSelectExecutorStandardImpl.executeQuery(JdbcSelectExecutorStandardImpl.java:83) ~[hibernate-core-6.5.3.Final.jar:6.5.3.Final]
	at org.hibernate.sql.exec.spi.JdbcSelectExecutor.list(JdbcSelectExecutor.java:76) ~[hibernate-core-6.5.3.Final.jar:6.5.3.Final]
	at org.hibernate.sql.exec.spi.JdbcSelectExecutor.list(JdbcSelectExecutor.java:65) ~[hibernate-core-6.5.3.Final.jar:6.5.3.Final]
	at org.hibernate.query.sqm.internal.ConcreteSqmSelectQueryPlan.lambda$new$2(ConcreteSqmSelectQueryPlan.java:139) ~[hibernate-core-6.5.3.Final.jar:6.5.3.Final]
	at org.hibernate.query.sqm.internal.ConcreteSqmSelectQueryPlan.withCacheableSqmInterpretation(ConcreteSqmSelectQueryPlan.java:382) ~[hibernate-core-6.5.3.Final.jar:6.5.3.Final]
	at org.hibernate.query.sqm.internal.ConcreteSqmSelectQueryPlan.performList(ConcreteSqmSelectQueryPlan.java:302) ~[hibernate-core-6.5.3.Final.jar:6.5.3.Final]
	at org.hibernate.query.sqm.internal.QuerySqmImpl.doList(QuerySqmImpl.java:526) ~[hibernate-core-6.5.3.Final.jar:6.5.3.Final]
	at org.hibernate.query.spi.AbstractSelectionQuery.list(AbstractSelectionQuery.java:423) ~[hibernate-core-6.5.3.Final.jar:6.5.3.Final]
	at org.hibernate.query.spi.AbstractSelectionQuery.getSingleResult(AbstractSelectionQuery.java:555) ~[hibernate-core-6.5.3.Final.jar:6.5.3.Final]
	at java.base/jdk.internal.reflect.NativeMethodAccessorImpl.invoke0(Native Method) ~[na:na]
	at java.base/jdk.internal.reflect.NativeMethodAccessorImpl.invoke(NativeMethodAccessorImpl.java:77) ~[na:na]
	at java.base/jdk.internal.reflect.DelegatingMethodAccessorImpl.invoke(DelegatingMethodAccessorImpl.java:43) ~[na:na]
	at java.base/java.lang.reflect.Method.invoke(Method.java:569) ~[na:na]
	at org.springframework.orm.jpa.SharedEntityManagerCreator$DeferredQueryInvocationHandler.invoke(SharedEntityManagerCreator.java:418) ~[spring-orm-6.1.13.jar:6.1.13]
	at jdk.proxy2/jdk.proxy2.$Proxy193.getSingleResult(Unknown Source) ~[na:na]
	at org.springframework.data.jpa.repository.query.JpaQueryExecution$SingleEntityExecution.doExecute(JpaQueryExecution.java:223) ~[spring-data-jpa-3.3.4.jar:3.3.4]
	at org.springframework.data.jpa.repository.query.JpaQueryExecution.execute(JpaQueryExecution.java:92) ~[spring-data-jpa-3.3.4.jar:3.3.4]
	at org.springframework.data.jpa.repository.query.AbstractJpaQuery.doExecute(AbstractJpaQuery.java:152) ~[spring-data-jpa-3.3.4.jar:3.3.4]
	at org.springframework.data.jpa.repository.query.AbstractJpaQuery.execute(AbstractJpaQuery.java:140) ~[spring-data-jpa-3.3.4.jar:3.3.4]
	at org.springframework.data.repository.core.support.RepositoryMethodInvoker.doInvoke(RepositoryMethodInvoker.java:170) ~[spring-data-commons-3.3.4.jar:3.3.4]
	at org.springframework.data.repository.core.support.RepositoryMethodInvoker.invoke(RepositoryMethodInvoker.java:158) ~[spring-data-commons-3.3.4.jar:3.3.4]
	at org.springframework.data.repository.core.support.QueryExecutorMethodInterceptor.doInvoke(QueryExecutorMethodInterceptor.java:169) ~[spring-data-commons-3.3.4.jar:3.3.4]
	at org.springframework.data.repository.core.support.QueryExecutorMethodInterceptor.invoke(QueryExecutorMethodInterceptor.java:148) ~[spring-data-commons-3.3.4.jar:3.3.4]
	at org.springframework.aop.framework.ReflectiveMethodInvocation.proceed(ReflectiveMethodInvocation.java:184) ~[spring-aop-6.1.13.jar:6.1.13]
	at org.springframework.data.projection.DefaultMethodInvokingMethodInterceptor.invoke(DefaultMethodInvokingMethodInterceptor.java:70) ~[spring-data-commons-3.3.4.jar:3.3.4]
	at org.springframework.aop.framework.ReflectiveMethodInvocation.proceed(ReflectiveMethodInvocation.java:184) ~[spring-aop-6.1.13.jar:6.1.13]
	at org.springframework.transaction.interceptor.TransactionAspectSupport.invokeWithinTransaction(TransactionAspectSupport.java:379) ~[spring-tx-6.1.13.jar:6.1.13]
	at org.springframework.transaction.interceptor.TransactionInterceptor.invoke(TransactionInterceptor.java:119) ~[spring-tx-6.1.13.jar:6.1.13]
	at org.springframework.aop.framework.ReflectiveMethodInvocation.proceed(ReflectiveMethodInvocation.java:184) ~[spring-aop-6.1.13.jar:6.1.13]
	at org.springframework.dao.support.PersistenceExceptionTranslationInterceptor.invoke(PersistenceExceptionTranslationInterceptor.java:138) ~[spring-tx-6.1.13.jar:6.1.13]
	... 69 common frames omitted
Caused by: java.sql.SQLTransientConnectionException: HikariPool-1 - Connection is not available, request timed out after 30009ms (total=0, active=0, idle=0, waiting=0)
	at com.zaxxer.hikari.pool.HikariPool.createTimeoutException(HikariPool.java:686) ~[HikariCP-5.1.0.jar:na]
	at com.zaxxer.hikari.pool.HikariPool.getConnection(HikariPool.java:179) ~[HikariCP-5.1.0.jar:na]
	at com.zaxxer.hikari.pool.HikariPool.getConnection(HikariPool.java:144) ~[HikariCP-5.1.0.jar:na]
	at com.zaxxer.hikari.HikariDataSource.getConnection(HikariDataSource.java:127) ~[HikariCP-5.1.0.jar:na]
	at org.hibernate.engine.jdbc.connections.internal.DatasourceConnectionProviderImpl.getConnection(DatasourceConnectionProviderImpl.java:122) ~[hibernate-core-6.5.3.Final.jar:6.5.3.Final]
	at org.hibernate.internal.NonContextualJdbcConnectionAccess.obtainConnection(NonContextualJdbcConnectionAccess.java:46) ~[hibernate-core-6.5.3.Final.jar:6.5.3.Final]
	at org.hibernate.resource.jdbc.internal.LogicalConnectionManagedImpl.acquireConnectionIfNeeded(LogicalConnectionManagedImpl.java:126) ~[hibernate-core-6.5.3.Final.jar:6.5.3.Final]
	... 114 common frames omitted
Caused by: com.mysql.cj.jdbc.exceptions.CommunicationsException: Communications link failure

The last packet sent successfully to the server was 0 milliseconds ago. The driver has not received any packets from the server.
	at com.mysql.cj.jdbc.exceptions.SQLError.createCommunicationsException(SQLError.java:174) ~[mysql-connector-j-8.3.0.jar:8.3.0]
	at com.mysql.cj.jdbc.exceptions.SQLExceptionsMapping.translateException(SQLExceptionsMapping.java:64) ~[mysql-connector-j-8.3.0.jar:8.3.0]
	at com.mysql.cj.jdbc.ConnectionImpl.createNewIO(ConnectionImpl.java:815) ~[mysql-connector-j-8.3.0.jar:8.3.0]
	at com.mysql.cj.jdbc.ConnectionImpl.<init>(ConnectionImpl.java:438) ~[mysql-connector-j-8.3.0.jar:8.3.0]
	at com.mysql.cj.jdbc.ConnectionImpl.getInstance(ConnectionImpl.java:241) ~[mysql-connector-j-8.3.0.jar:8.3.0]
	at com.mysql.cj.jdbc.NonRegisteringDriver.connect(NonRegisteringDriver.java:189) ~[mysql-connector-j-8.3.0.jar:8.3.0]
	at com.zaxxer.hikari.util.DriverDataSource.getConnection(DriverDataSource.java:137) ~[HikariCP-5.1.0.jar:na]
	at com.zaxxer.hikari.pool.PoolBase.newConnection(PoolBase.java:360) ~[HikariCP-5.1.0.jar:na]
	at com.zaxxer.hikari.pool.PoolBase.newPoolEntry(PoolBase.java:202) ~[HikariCP-5.1.0.jar:na]
	at com.zaxxer.hikari.pool.HikariPool.createPoolEntry(HikariPool.java:461) ~[HikariCP-5.1.0.jar:na]
	at com.zaxxer.hikari.pool.HikariPool$PoolEntryCreator.call(HikariPool.java:724) ~[HikariCP-5.1.0.jar:na]
	at com.zaxxer.hikari.pool.HikariPool$PoolEntryCreator.call(HikariPool.java:703) ~[HikariCP-5.1.0.jar:na]
	at java.base/java.util.concurrent.FutureTask.run(FutureTask.java:264) ~[na:na]
	at java.base/java.util.concurrent.ThreadPoolExecutor.runWorker(ThreadPoolExecutor.java:1136) ~[na:na]
	at java.base/java.util.concurrent.ThreadPoolExecutor$Worker.run(ThreadPoolExecutor.java:635) ~[na:na]
	... 1 common frames omitted
Caused by: com.mysql.cj.exceptions.CJCommunicationsException: Communications link failure

The last packet sent successfully to the server was 0 milliseconds ago. The driver has not received any packets from the server.
	at jdk.internal.reflect.GeneratedConstructorAccessor66.newInstance(Unknown Source) ~[na:na]
	at java.base/jdk.internal.reflect.DelegatingConstructorAccessorImpl.newInstance(DelegatingConstructorAccessorImpl.java:45) ~[na:na]
	at java.base/java.lang.reflect.Constructor.newInstanceWithCaller(Constructor.java:500) ~[na:na]
	at java.base/java.lang.reflect.Constructor.newInstance(Constructor.java:481) ~[na:na]
	at com.mysql.cj.exceptions.ExceptionFactory.createException(ExceptionFactory.java:61) ~[mysql-connector-j-8.3.0.jar:8.3.0]
	at com.mysql.cj.exceptions.ExceptionFactory.createException(ExceptionFactory.java:104) ~[mysql-connector-j-8.3.0.jar:8.3.0]
	at com.mysql.cj.exceptions.ExceptionFactory.createException(ExceptionFactory.java:149) ~[mysql-connector-j-8.3.0.jar:8.3.0]
	at com.mysql.cj.exceptions.ExceptionFactory.createCommunicationsException(ExceptionFactory.java:165) ~[mysql-connector-j-8.3.0.jar:8.3.0]
	at com.mysql.cj.protocol.a.NativeSocketConnection.connect(NativeSocketConnection.java:88) ~[mysql-connector-j-8.3.0.jar:8.3.0]
	at com.mysql.cj.NativeSession.connect(NativeSession.java:120) ~[mysql-connector-j-8.3.0.jar:8.3.0]
	at com.mysql.cj.jdbc.ConnectionImpl.connectOneTryOnly(ConnectionImpl.java:935) ~[mysql-connector-j-8.3.0.jar:8.3.0]
	at com.mysql.cj.jdbc.ConnectionImpl.createNewIO(ConnectionImpl.java:805) ~[mysql-connector-j-8.3.0.jar:8.3.0]
	... 13 common frames omitted
Caused by: java.net.ConnectException: Connection refused: getsockopt
	at java.base/sun.nio.ch.Net.pollConnect(Native Method) ~[na:na]
	at java.base/sun.nio.ch.Net.pollConnectNow(Net.java:672) ~[na:na]
	at java.base/sun.nio.ch.NioSocketImpl.timedFinishConnect(NioSocketImpl.java:547) ~[na:na]
	at java.base/sun.nio.ch.NioSocketImpl.connect(NioSocketImpl.java:602) ~[na:na]
	at java.base/java.net.SocksSocketImpl.connect(SocksSocketImpl.java:327) ~[na:na]
	at java.base/java.net.Socket.connect(Socket.java:633) ~[na:na]
	at com.mysql.cj.protocol.StandardSocketFactory.connect(StandardSocketFactory.java:153) ~[mysql-connector-j-8.3.0.jar:8.3.0]
	at com.mysql.cj.protocol.a.NativeSocketConnection.connect(NativeSocketConnection.java:62) ~[mysql-connector-j-8.3.0.jar:8.3.0]
	... 16 common frames omitted

2026-07-08T19:10:29.121-05:00 ERROR 30052 --- [Backend_Login] [io-8081-exec-10] o.a.c.c.C.[.[.[/].[dispatcherServlet]    : Servlet.service() for servlet [dispatcherServlet] in context with path [] threw exception

org.springframework.dao.DataAccessResourceFailureException: Unable to acquire JDBC Connection [HikariPool-1 - Connection is not available, request timed out after 30012ms (total=0, active=0, idle=0, waiting=0)] [n/a]
	at org.springframework.orm.jpa.vendor.HibernateJpaDialect.convertHibernateAccessException(HibernateJpaDialect.java:274) ~[spring-orm-6.1.13.jar:6.1.13]
	at org.springframework.orm.jpa.vendor.HibernateJpaDialect.translateExceptionIfPossible(HibernateJpaDialect.java:241) ~[spring-orm-6.1.13.jar:6.1.13]
	at org.springframework.orm.jpa.AbstractEntityManagerFactoryBean.translateExceptionIfPossible(AbstractEntityManagerFactoryBean.java:550) ~[spring-orm-6.1.13.jar:6.1.13]
	at org.springframework.dao.support.ChainedPersistenceExceptionTranslator.translateExceptionIfPossible(ChainedPersistenceExceptionTranslator.java:61) ~[spring-tx-6.1.13.jar:6.1.13]
	at org.springframework.dao.support.DataAccessUtils.translateIfNecessary(DataAccessUtils.java:335) ~[spring-tx-6.1.13.jar:6.1.13]
	at org.springframework.dao.support.PersistenceExceptionTranslationInterceptor.invoke(PersistenceExceptionTranslationInterceptor.java:160) ~[spring-tx-6.1.13.jar:6.1.13]
	at org.springframework.aop.framework.ReflectiveMethodInvocation.proceed(ReflectiveMethodInvocation.java:184) ~[spring-aop-6.1.13.jar:6.1.13]
	at org.springframework.data.jpa.repository.support.CrudMethodMetadataPostProcessor$CrudMethodMetadataPopulatingMethodInterceptor.invoke(CrudMethodMetadataPostProcessor.java:136) ~[spring-data-jpa-3.3.4.jar:3.3.4]
	at org.springframework.aop.framework.ReflectiveMethodInvocation.proceed(ReflectiveMethodInvocation.java:184) ~[spring-aop-6.1.13.jar:6.1.13]
	at org.springframework.aop.interceptor.ExposeInvocationInterceptor.invoke(ExposeInvocationInterceptor.java:97) ~[spring-aop-6.1.13.jar:6.1.13]
	at org.springframework.aop.framework.ReflectiveMethodInvocation.proceed(ReflectiveMethodInvocation.java:184) ~[spring-aop-6.1.13.jar:6.1.13]
	at org.springframework.aop.framework.JdkDynamicAopProxy.invoke(JdkDynamicAopProxy.java:223) ~[spring-aop-6.1.13.jar:6.1.13]
	at jdk.proxy2/jdk.proxy2.$Proxy141.findByCorreoUsuario(Unknown Source) ~[na:na]
	at com.interivalle.Security.UserDetailsServiceImpl.loadUserByUsername(UserDetailsServiceImpl.java:22) ~[classes/:na]
	at com.interivalle.Security.JwtAuthFilter.doFilterInternal(JwtAuthFilter.java:52) ~[classes/:na]
	at org.springframework.web.filter.OncePerRequestFilter.doFilter(OncePerRequestFilter.java:116) ~[spring-web-6.1.13.jar:6.1.13]
	at org.springframework.security.web.FilterChainProxy$VirtualFilterChain.doFilter(FilterChainProxy.java:374) ~[spring-security-web-6.3.3.jar:6.3.3]
	at org.springframework.security.web.authentication.logout.LogoutFilter.doFilter(LogoutFilter.java:107) ~[spring-security-web-6.3.3.jar:6.3.3]
	at org.springframework.security.web.authentication.logout.LogoutFilter.doFilter(LogoutFilter.java:93) ~[spring-security-web-6.3.3.jar:6.3.3]
	at org.springframework.security.web.FilterChainProxy$VirtualFilterChain.doFilter(FilterChainProxy.java:374) ~[spring-security-web-6.3.3.jar:6.3.3]
	at org.springframework.web.filter.CorsFilter.doFilterInternal(CorsFilter.java:91) ~[spring-web-6.1.13.jar:6.1.13]
	at org.springframework.web.filter.OncePerRequestFilter.doFilter(OncePerRequestFilter.java:116) ~[spring-web-6.1.13.jar:6.1.13]
	at org.springframework.security.web.FilterChainProxy$VirtualFilterChain.doFilter(FilterChainProxy.java:374) ~[spring-security-web-6.3.3.jar:6.3.3]
	at org.springframework.security.web.header.HeaderWriterFilter.doHeadersAfter(HeaderWriterFilter.java:90) ~[spring-security-web-6.3.3.jar:6.3.3]
	at org.springframework.security.web.header.HeaderWriterFilter.doFilterInternal(HeaderWriterFilter.java:75) ~[spring-security-web-6.3.3.jar:6.3.3]
	at org.springframework.web.filter.OncePerRequestFilter.doFilter(OncePerRequestFilter.java:116) ~[spring-web-6.1.13.jar:6.1.13]
	at org.springframework.security.web.FilterChainProxy$VirtualFilterChain.doFilter(FilterChainProxy.java:374) ~[spring-security-web-6.3.3.jar:6.3.3]
	at org.springframework.security.web.context.SecurityContextHolderFilter.doFilter(SecurityContextHolderFilter.java:82) ~[spring-security-web-6.3.3.jar:6.3.3]
	at org.springframework.security.web.context.SecurityContextHolderFilter.doFilter(SecurityContextHolderFilter.java:69) ~[spring-security-web-6.3.3.jar:6.3.3]
	at org.springframework.security.web.FilterChainProxy$VirtualFilterChain.doFilter(FilterChainProxy.java:374) ~[spring-security-web-6.3.3.jar:6.3.3]
	at org.springframework.security.web.context.request.async.WebAsyncManagerIntegrationFilter.doFilterInternal(WebAsyncManagerIntegrationFilter.java:62) ~[spring-security-web-6.3.3.jar:6.3.3]
	at org.springframework.web.filter.OncePerRequestFilter.doFilter(OncePerRequestFilter.java:116) ~[spring-web-6.1.13.jar:6.1.13]
	at org.springframework.security.web.FilterChainProxy$VirtualFilterChain.doFilter(FilterChainProxy.java:374) ~[spring-security-web-6.3.3.jar:6.3.3]
	at org.springframework.security.web.session.DisableEncodeUrlFilter.doFilterInternal(DisableEncodeUrlFilter.java:42) ~[spring-security-web-6.3.3.jar:6.3.3]
	at org.springframework.web.filter.OncePerRequestFilter.doFilter(OncePerRequestFilter.java:116) ~[spring-web-6.1.13.jar:6.1.13]
	at org.springframework.security.web.FilterChainProxy$VirtualFilterChain.doFilter(FilterChainProxy.java:374) ~[spring-security-web-6.3.3.jar:6.3.3]
	at org.springframework.security.web.FilterChainProxy.doFilterInternal(FilterChainProxy.java:233) ~[spring-security-web-6.3.3.jar:6.3.3]
	at org.springframework.security.web.FilterChainProxy.doFilter(FilterChainProxy.java:191) ~[spring-security-web-6.3.3.jar:6.3.3]
	at org.springframework.web.filter.CompositeFilter$VirtualFilterChain.doFilter(CompositeFilter.java:113) ~[spring-web-6.1.13.jar:6.1.13]
	at org.springframework.web.servlet.handler.HandlerMappingIntrospector.lambda$createCacheFilter$3(HandlerMappingIntrospector.java:195) ~[spring-webmvc-6.1.13.jar:6.1.13]
	at org.springframework.web.filter.CompositeFilter$VirtualFilterChain.doFilter(CompositeFilter.java:113) ~[spring-web-6.1.13.jar:6.1.13]
	at org.springframework.web.filter.CompositeFilter.doFilter(CompositeFilter.java:74) ~[spring-web-6.1.13.jar:6.1.13]
	at org.springframework.security.config.annotation.web.configuration.WebMvcSecurityConfiguration$CompositeFilterChainProxy.doFilter(WebMvcSecurityConfiguration.java:230) ~[spring-security-config-6.3.3.jar:6.3.3]
	at org.springframework.web.filter.DelegatingFilterProxy.invokeDelegate(DelegatingFilterProxy.java:352) ~[spring-web-6.1.13.jar:6.1.13]
	at org.springframework.web.filter.DelegatingFilterProxy.doFilter(DelegatingFilterProxy.java:268) ~[spring-web-6.1.13.jar:6.1.13]
	at org.apache.catalina.core.ApplicationFilterChain.internalDoFilter(ApplicationFilterChain.java:164) ~[tomcat-embed-core-10.1.30.jar:10.1.30]
	at org.apache.catalina.core.ApplicationFilterChain.doFilter(ApplicationFilterChain.java:140) ~[tomcat-embed-core-10.1.30.jar:10.1.30]
	at org.springframework.web.filter.RequestContextFilter.doFilterInternal(RequestContextFilter.java:100) ~[spring-web-6.1.13.jar:6.1.13]
	at org.springframework.web.filter.OncePerRequestFilter.doFilter(OncePerRequestFilter.java:116) ~[spring-web-6.1.13.jar:6.1.13]
	at org.apache.catalina.core.ApplicationFilterChain.internalDoFilter(ApplicationFilterChain.java:164) ~[tomcat-embed-core-10.1.30.jar:10.1.30]
	at org.apache.catalina.core.ApplicationFilterChain.doFilter(ApplicationFilterChain.java:140) ~[tomcat-embed-core-10.1.30.jar:10.1.30]
	at org.springframework.web.filter.FormContentFilter.doFilterInternal(FormContentFilter.java:93) ~[spring-web-6.1.13.jar:6.1.13]
	at org.springframework.web.filter.OncePerRequestFilter.doFilter(OncePerRequestFilter.java:116) ~[spring-web-6.1.13.jar:6.1.13]
	at org.apache.catalina.core.ApplicationFilterChain.internalDoFilter(ApplicationFilterChain.java:164) ~[tomcat-embed-core-10.1.30.jar:10.1.30]
	at org.apache.catalina.core.ApplicationFilterChain.doFilter(ApplicationFilterChain.java:140) ~[tomcat-embed-core-10.1.30.jar:10.1.30]
	at org.springframework.web.filter.CharacterEncodingFilter.doFilterInternal(CharacterEncodingFilter.java:201) ~[spring-web-6.1.13.jar:6.1.13]
	at org.springframework.web.filter.OncePerRequestFilter.doFilter(OncePerRequestFilter.java:116) ~[spring-web-6.1.13.jar:6.1.13]
	at org.apache.catalina.core.ApplicationFilterChain.internalDoFilter(ApplicationFilterChain.java:164) ~[tomcat-embed-core-10.1.30.jar:10.1.30]
	at org.apache.catalina.core.ApplicationFilterChain.doFilter(ApplicationFilterChain.java:140) ~[tomcat-embed-core-10.1.30.jar:10.1.30]
	at org.apache.catalina.core.StandardWrapperValve.invoke(StandardWrapperValve.java:167) ~[tomcat-embed-core-10.1.30.jar:10.1.30]
	at org.apache.catalina.core.StandardContextValve.invoke(StandardContextValve.java:90) ~[tomcat-embed-core-10.1.30.jar:10.1.30]
	at org.apache.catalina.authenticator.AuthenticatorBase.invoke(AuthenticatorBase.java:483) ~[tomcat-embed-core-10.1.30.jar:10.1.30]
	at org.apache.catalina.core.StandardHostValve.invoke(StandardHostValve.java:115) ~[tomcat-embed-core-10.1.30.jar:10.1.30]
	at org.apache.catalina.valves.ErrorReportValve.invoke(ErrorReportValve.java:93) ~[tomcat-embed-core-10.1.30.jar:10.1.30]
	at org.apache.catalina.core.StandardEngineValve.invoke(StandardEngineValve.java:74) ~[tomcat-embed-core-10.1.30.jar:10.1.30]
	at org.apache.catalina.connector.CoyoteAdapter.service(CoyoteAdapter.java:344) ~[tomcat-embed-core-10.1.30.jar:10.1.30]
	at org.apache.coyote.http11.Http11Processor.service(Http11Processor.java:384) ~[tomcat-embed-core-10.1.30.jar:10.1.30]
	at org.apache.coyote.AbstractProcessorLight.process(AbstractProcessorLight.java:63) ~[tomcat-embed-core-10.1.30.jar:10.1.30]
	at org.apache.coyote.AbstractProtocol$ConnectionHandler.process(AbstractProtocol.java:905) ~[tomcat-embed-core-10.1.30.jar:10.1.30]
	at org.apache.tomcat.util.net.NioEndpoint$SocketProcessor.doRun(NioEndpoint.java:1741) ~[tomcat-embed-core-10.1.30.jar:10.1.30]
	at org.apache.tomcat.util.net.SocketProcessorBase.run(SocketProcessorBase.java:52) ~[tomcat-embed-core-10.1.30.jar:10.1.30]
	at org.apache.tomcat.util.threads.ThreadPoolExecutor.runWorker(ThreadPoolExecutor.java:1190) ~[tomcat-embed-core-10.1.30.jar:10.1.30]
	at org.apache.tomcat.util.threads.ThreadPoolExecutor$Worker.run(ThreadPoolExecutor.java:659) ~[tomcat-embed-core-10.1.30.jar:10.1.30]
	at org.apache.tomcat.util.threads.TaskThread$WrappingRunnable.run(TaskThread.java:63) ~[tomcat-embed-core-10.1.30.jar:10.1.30]
	at java.base/java.lang.Thread.run(Thread.java:840) ~[na:na]
Caused by: org.hibernate.exception.JDBCConnectionException: Unable to acquire JDBC Connection [HikariPool-1 - Connection is not available, request timed out after 30012ms (total=0, active=0, idle=0, waiting=0)] [n/a]
	at org.hibernate.exception.internal.SQLExceptionTypeDelegate.convert(SQLExceptionTypeDelegate.java:51) ~[hibernate-core-6.5.3.Final.jar:6.5.3.Final]
	at org.hibernate.exception.internal.StandardSQLExceptionConverter.convert(StandardSQLExceptionConverter.java:58) ~[hibernate-core-6.5.3.Final.jar:6.5.3.Final]
	at org.hibernate.engine.jdbc.spi.SqlExceptionHelper.convert(SqlExceptionHelper.java:108) ~[hibernate-core-6.5.3.Final.jar:6.5.3.Final]
	at org.hibernate.engine.jdbc.spi.SqlExceptionHelper.convert(SqlExceptionHelper.java:94) ~[hibernate-core-6.5.3.Final.jar:6.5.3.Final]
	at org.hibernate.resource.jdbc.internal.LogicalConnectionManagedImpl.acquireConnectionIfNeeded(LogicalConnectionManagedImpl.java:129) ~[hibernate-core-6.5.3.Final.jar:6.5.3.Final]
	at org.hibernate.resource.jdbc.internal.LogicalConnectionManagedImpl.getPhysicalConnection(LogicalConnectionManagedImpl.java:156) ~[hibernate-core-6.5.3.Final.jar:6.5.3.Final]
	at org.hibernate.engine.jdbc.internal.StatementPreparerImpl.connection(StatementPreparerImpl.java:54) ~[hibernate-core-6.5.3.Final.jar:6.5.3.Final]
	at org.hibernate.engine.jdbc.internal.StatementPreparerImpl$5.doPrepare(StatementPreparerImpl.java:153) ~[hibernate-core-6.5.3.Final.jar:6.5.3.Final]
	at org.hibernate.engine.jdbc.internal.StatementPreparerImpl$StatementPreparationTemplate.prepareStatement(StatementPreparerImpl.java:183) ~[hibernate-core-6.5.3.Final.jar:6.5.3.Final]
	at org.hibernate.engine.jdbc.internal.StatementPreparerImpl.prepareQueryStatement(StatementPreparerImpl.java:155) ~[hibernate-core-6.5.3.Final.jar:6.5.3.Final]
	at org.hibernate.sql.exec.spi.JdbcSelectExecutor.lambda$list$0(JdbcSelectExecutor.java:85) ~[hibernate-core-6.5.3.Final.jar:6.5.3.Final]
	at org.hibernate.sql.results.jdbc.internal.DeferredResultSetAccess.executeQuery(DeferredResultSetAccess.java:231) ~[hibernate-core-6.5.3.Final.jar:6.5.3.Final]
	at org.hibernate.sql.results.jdbc.internal.DeferredResultSetAccess.getResultSet(DeferredResultSetAccess.java:167) ~[hibernate-core-6.5.3.Final.jar:6.5.3.Final]
	at org.hibernate.sql.results.jdbc.internal.JdbcValuesResultSetImpl.advanceNext(JdbcValuesResultSetImpl.java:265) ~[hibernate-core-6.5.3.Final.jar:6.5.3.Final]
	at org.hibernate.sql.results.jdbc.internal.JdbcValuesResultSetImpl.processNext(JdbcValuesResultSetImpl.java:145) ~[hibernate-core-6.5.3.Final.jar:6.5.3.Final]
	at org.hibernate.sql.results.jdbc.internal.AbstractJdbcValues.next(AbstractJdbcValues.java:19) ~[hibernate-core-6.5.3.Final.jar:6.5.3.Final]
	at org.hibernate.sql.results.internal.RowProcessingStateStandardImpl.next(RowProcessingStateStandardImpl.java:67) ~[hibernate-core-6.5.3.Final.jar:6.5.3.Final]
	at org.hibernate.sql.results.spi.ListResultsConsumer.consume(ListResultsConsumer.java:204) ~[hibernate-core-6.5.3.Final.jar:6.5.3.Final]
	at org.hibernate.sql.results.spi.ListResultsConsumer.consume(ListResultsConsumer.java:33) ~[hibernate-core-6.5.3.Final.jar:6.5.3.Final]
	at org.hibernate.sql.exec.internal.JdbcSelectExecutorStandardImpl.doExecuteQuery(JdbcSelectExecutorStandardImpl.java:211) ~[hibernate-core-6.5.3.Final.jar:6.5.3.Final]
	at org.hibernate.sql.exec.internal.JdbcSelectExecutorStandardImpl.executeQuery(JdbcSelectExecutorStandardImpl.java:83) ~[hibernate-core-6.5.3.Final.jar:6.5.3.Final]
	at org.hibernate.sql.exec.spi.JdbcSelectExecutor.list(JdbcSelectExecutor.java:76) ~[hibernate-core-6.5.3.Final.jar:6.5.3.Final]
	at org.hibernate.sql.exec.spi.JdbcSelectExecutor.list(JdbcSelectExecutor.java:65) ~[hibernate-core-6.5.3.Final.jar:6.5.3.Final]
	at org.hibernate.query.sqm.internal.ConcreteSqmSelectQueryPlan.lambda$new$2(ConcreteSqmSelectQueryPlan.java:139) ~[hibernate-core-6.5.3.Final.jar:6.5.3.Final]
	at org.hibernate.query.sqm.internal.ConcreteSqmSelectQueryPlan.withCacheableSqmInterpretation(ConcreteSqmSelectQueryPlan.java:382) ~[hibernate-core-6.5.3.Final.jar:6.5.3.Final]
	at org.hibernate.query.sqm.internal.ConcreteSqmSelectQueryPlan.performList(ConcreteSqmSelectQueryPlan.java:302) ~[hibernate-core-6.5.3.Final.jar:6.5.3.Final]
	at org.hibernate.query.sqm.internal.QuerySqmImpl.doList(QuerySqmImpl.java:526) ~[hibernate-core-6.5.3.Final.jar:6.5.3.Final]
	at org.hibernate.query.spi.AbstractSelectionQuery.list(AbstractSelectionQuery.java:423) ~[hibernate-core-6.5.3.Final.jar:6.5.3.Final]
	at org.hibernate.query.spi.AbstractSelectionQuery.getSingleResult(AbstractSelectionQuery.java:555) ~[hibernate-core-6.5.3.Final.jar:6.5.3.Final]
	at java.base/jdk.internal.reflect.NativeMethodAccessorImpl.invoke0(Native Method) ~[na:na]
	at java.base/jdk.internal.reflect.NativeMethodAccessorImpl.invoke(NativeMethodAccessorImpl.java:77) ~[na:na]
	at java.base/jdk.internal.reflect.DelegatingMethodAccessorImpl.invoke(DelegatingMethodAccessorImpl.java:43) ~[na:na]
	at java.base/java.lang.reflect.Method.invoke(Method.java:569) ~[na:na]
	at org.springframework.orm.jpa.SharedEntityManagerCreator$DeferredQueryInvocationHandler.invoke(SharedEntityManagerCreator.java:418) ~[spring-orm-6.1.13.jar:6.1.13]
	at jdk.proxy2/jdk.proxy2.$Proxy193.getSingleResult(Unknown Source) ~[na:na]
	at org.springframework.data.jpa.repository.query.JpaQueryExecution$SingleEntityExecution.doExecute(JpaQueryExecution.java:223) ~[spring-data-jpa-3.3.4.jar:3.3.4]
	at org.springframework.data.jpa.repository.query.JpaQueryExecution.execute(JpaQueryExecution.java:92) ~[spring-data-jpa-3.3.4.jar:3.3.4]
	at org.springframework.data.jpa.repository.query.AbstractJpaQuery.doExecute(AbstractJpaQuery.java:152) ~[spring-data-jpa-3.3.4.jar:3.3.4]
	at org.springframework.data.jpa.repository.query.AbstractJpaQuery.execute(AbstractJpaQuery.java:140) ~[spring-data-jpa-3.3.4.jar:3.3.4]
	at org.springframework.data.repository.core.support.RepositoryMethodInvoker.doInvoke(RepositoryMethodInvoker.java:170) ~[spring-data-commons-3.3.4.jar:3.3.4]
	at org.springframework.data.repository.core.support.RepositoryMethodInvoker.invoke(RepositoryMethodInvoker.java:158) ~[spring-data-commons-3.3.4.jar:3.3.4]
	at org.springframework.data.repository.core.support.QueryExecutorMethodInterceptor.doInvoke(QueryExecutorMethodInterceptor.java:169) ~[spring-data-commons-3.3.4.jar:3.3.4]
	at org.springframework.data.repository.core.support.QueryExecutorMethodInterceptor.invoke(QueryExecutorMethodInterceptor.java:148) ~[spring-data-commons-3.3.4.jar:3.3.4]
	at org.springframework.aop.framework.ReflectiveMethodInvocation.proceed(ReflectiveMethodInvocation.java:184) ~[spring-aop-6.1.13.jar:6.1.13]
	at org.springframework.data.projection.DefaultMethodInvokingMethodInterceptor.invoke(DefaultMethodInvokingMethodInterceptor.java:70) ~[spring-data-commons-3.3.4.jar:3.3.4]
	at org.springframework.aop.framework.ReflectiveMethodInvocation.proceed(ReflectiveMethodInvocation.java:184) ~[spring-aop-6.1.13.jar:6.1.13]
	at org.springframework.transaction.interceptor.TransactionAspectSupport.invokeWithinTransaction(TransactionAspectSupport.java:379) ~[spring-tx-6.1.13.jar:6.1.13]
	at org.springframework.transaction.interceptor.TransactionInterceptor.invoke(TransactionInterceptor.java:119) ~[spring-tx-6.1.13.jar:6.1.13]
	at org.springframework.aop.framework.ReflectiveMethodInvocation.proceed(ReflectiveMethodInvocation.java:184) ~[spring-aop-6.1.13.jar:6.1.13]
	at org.springframework.dao.support.PersistenceExceptionTranslationInterceptor.invoke(PersistenceExceptionTranslationInterceptor.java:138) ~[spring-tx-6.1.13.jar:6.1.13]
	... 69 common frames omitted
Caused by: java.sql.SQLTransientConnectionException: HikariPool-1 - Connection is not available, request timed out after 30012ms (total=0, active=0, idle=0, waiting=0)
	at com.zaxxer.hikari.pool.HikariPool.createTimeoutException(HikariPool.java:686) ~[HikariCP-5.1.0.jar:na]
	at com.zaxxer.hikari.pool.HikariPool.getConnection(HikariPool.java:179) ~[HikariCP-5.1.0.jar:na]
	at com.zaxxer.hikari.pool.HikariPool.getConnection(HikariPool.java:144) ~[HikariCP-5.1.0.jar:na]
	at com.zaxxer.hikari.HikariDataSource.getConnection(HikariDataSource.java:127) ~[HikariCP-5.1.0.jar:na]
	at org.hibernate.engine.jdbc.connections.internal.DatasourceConnectionProviderImpl.getConnection(DatasourceConnectionProviderImpl.java:122) ~[hibernate-core-6.5.3.Final.jar:6.5.3.Final]
	at org.hibernate.internal.NonContextualJdbcConnectionAccess.obtainConnection(NonContextualJdbcConnectionAccess.java:46) ~[hibernate-core-6.5.3.Final.jar:6.5.3.Final]
	at org.hibernate.resource.jdbc.internal.LogicalConnectionManagedImpl.acquireConnectionIfNeeded(LogicalConnectionManagedImpl.java:126) ~[hibernate-core-6.5.3.Final.jar:6.5.3.Final]
	... 114 common frames omitted
Caused by: com.mysql.cj.jdbc.exceptions.CommunicationsException: Communications link failure

The last packet sent successfully to the server was 0 milliseconds ago. The driver has not received any packets from the server.
	at com.mysql.cj.jdbc.exceptions.SQLError.createCommunicationsException(SQLError.java:174) ~[mysql-connector-j-8.3.0.jar:8.3.0]
	at com.mysql.cj.jdbc.exceptions.SQLExceptionsMapping.translateException(SQLExceptionsMapping.java:64) ~[mysql-connector-j-8.3.0.jar:8.3.0]
	at com.mysql.cj.jdbc.ConnectionImpl.createNewIO(ConnectionImpl.java:815) ~[mysql-connector-j-8.3.0.jar:8.3.0]
	at com.mysql.cj.jdbc.ConnectionImpl.<init>(ConnectionImpl.java:438) ~[mysql-connector-j-8.3.0.jar:8.3.0]
	at com.mysql.cj.jdbc.ConnectionImpl.getInstance(ConnectionImpl.java:241) ~[mysql-connector-j-8.3.0.jar:8.3.0]
	at com.mysql.cj.jdbc.NonRegisteringDriver.connect(NonRegisteringDriver.java:189) ~[mysql-connector-j-8.3.0.jar:8.3.0]
	at com.zaxxer.hikari.util.DriverDataSource.getConnection(DriverDataSource.java:137) ~[HikariCP-5.1.0.jar:na]
	at com.zaxxer.hikari.pool.PoolBase.newConnection(PoolBase.java:360) ~[HikariCP-5.1.0.jar:na]
	at com.zaxxer.hikari.pool.PoolBase.newPoolEntry(PoolBase.java:202) ~[HikariCP-5.1.0.jar:na]
	at com.zaxxer.hikari.pool.HikariPool.createPoolEntry(HikariPool.java:461) ~[HikariCP-5.1.0.jar:na]
	at com.zaxxer.hikari.pool.HikariPool$PoolEntryCreator.call(HikariPool.java:724) ~[HikariCP-5.1.0.jar:na]
	at com.zaxxer.hikari.pool.HikariPool$PoolEntryCreator.call(HikariPool.java:703) ~[HikariCP-5.1.0.jar:na]
	at java.base/java.util.concurrent.FutureTask.run(FutureTask.java:264) ~[na:na]
	at java.base/java.util.concurrent.ThreadPoolExecutor.runWorker(ThreadPoolExecutor.java:1136) ~[na:na]
	at java.base/java.util.concurrent.ThreadPoolExecutor$Worker.run(ThreadPoolExecutor.java:635) ~[na:na]
	... 1 common frames omitted
Caused by: com.mysql.cj.exceptions.CJCommunicationsException: Communications link failure

The last packet sent successfully to the server was 0 milliseconds ago. The driver has not received any packets from the server.
	at jdk.internal.reflect.GeneratedConstructorAccessor66.newInstance(Unknown Source) ~[na:na]
	at java.base/jdk.internal.reflect.DelegatingConstructorAccessorImpl.newInstance(DelegatingConstructorAccessorImpl.java:45) ~[na:na]
	at java.base/java.lang.reflect.Constructor.newInstanceWithCaller(Constructor.java:500) ~[na:na]
	at java.base/java.lang.reflect.Constructor.newInstance(Constructor.java:481) ~[na:na]
	at com.mysql.cj.exceptions.ExceptionFactory.createException(ExceptionFactory.java:61) ~[mysql-connector-j-8.3.0.jar:8.3.0]
	at com.mysql.cj.exceptions.ExceptionFactory.createException(ExceptionFactory.java:104) ~[mysql-connector-j-8.3.0.jar:8.3.0]
	at com.mysql.cj.exceptions.ExceptionFactory.createException(ExceptionFactory.java:149) ~[mysql-connector-j-8.3.0.jar:8.3.0]
	at com.mysql.cj.exceptions.ExceptionFactory.createCommunicationsException(ExceptionFactory.java:165) ~[mysql-connector-j-8.3.0.jar:8.3.0]
	at com.mysql.cj.protocol.a.NativeSocketConnection.connect(NativeSocketConnection.java:88) ~[mysql-connector-j-8.3.0.jar:8.3.0]
	at com.mysql.cj.NativeSession.connect(NativeSession.java:120) ~[mysql-connector-j-8.3.0.jar:8.3.0]
	at com.mysql.cj.jdbc.ConnectionImpl.connectOneTryOnly(ConnectionImpl.java:935) ~[mysql-connector-j-8.3.0.jar:8.3.0]
	at com.mysql.cj.jdbc.ConnectionImpl.createNewIO(ConnectionImpl.java:805) ~[mysql-connector-j-8.3.0.jar:8.3.0]
	... 13 common frames omitted
Caused by: java.net.ConnectException: Connection refused: getsockopt
	at java.base/sun.nio.ch.Net.pollConnect(Native Method) ~[na:na]
	at java.base/sun.nio.ch.Net.pollConnectNow(Net.java:672) ~[na:na]
	at java.base/sun.nio.ch.NioSocketImpl.timedFinishConnect(NioSocketImpl.java:547) ~[na:na]
	at java.base/sun.nio.ch.NioSocketImpl.connect(NioSocketImpl.java:602) ~[na:na]
	at java.base/java.net.SocksSocketImpl.connect(SocksSocketImpl.java:327) ~[na:na]
	at java.base/java.net.Socket.connect(Socket.java:633) ~[na:na]
	at com.mysql.cj.protocol.StandardSocketFactory.connect(StandardSocketFactory.java:153) ~[mysql-connector-j-8.3.0.jar:8.3.0]
	at com.mysql.cj.protocol.a.NativeSocketConnection.connect(NativeSocketConnection.java:62) ~[mysql-connector-j-8.3.0.jar:8.3.0]
	... 16 common frames omitted

2026-07-08T19:10:29.124-05:00 DEBUG 30052 --- [Backend_Login] [nio-8081-exec-3] o.s.security.web.FilterChainProxy        : Securing GET /error
2026-07-08T19:10:29.124-05:00 DEBUG 30052 --- [Backend_Login] [io-8081-exec-10] o.s.security.web.FilterChainProxy        : Securing GET /error
2026-07-08T19:10:29.124-05:00 DEBUG 30052 --- [Backend_Login] [nio-8081-exec-3] o.s.s.w.a.AnonymousAuthenticationFilter  : Set SecurityContextHolder to anonymous SecurityContext
2026-07-08T19:10:29.124-05:00 DEBUG 30052 --- [Backend_Login] [io-8081-exec-10] o.s.s.w.a.AnonymousAuthenticationFilter  : Set SecurityContextHolder to anonymous SecurityContext
2026-07-08T19:10:29.125-05:00 DEBUG 30052 --- [Backend_Login] [nio-8081-exec-3] o.s.security.web.FilterChainProxy        : Secured GET /error
2026-07-08T19:10:29.125-05:00 DEBUG 30052 --- [Backend_Login] [io-8081-exec-10] o.s.security.web.FilterChainProxy        : Secured GET /error
2026-07-08T19:10:29.128-05:00 DEBUG 30052 --- [Backend_Login] [nio-8081-exec-6] o.s.security.web.FilterChainProxy        : Securing GET /api/notificaciones/contador
Hibernate: select u1_0.id_usuario,u1_0.celular_usuario,u1_0.ciudad_usuario,u1_0.contrasena_usuario,u1_0.correo_usuario,u1_0.estado_usuario,u1_0.fecha_registro_usuario,u1_0.id_rol,u1_0.nombre_usuario from usuario u1_0 where u1_0.correo_usuario=?
2026-07-08T19:10:59.080-05:00 DEBUG 30052 --- [Backend_Login] [nio-8081-exec-7] o.s.security.web.FilterChainProxy        : Securing OPTIONS /api/notificaciones/contador
2026-07-08T19:10:59.138-05:00  WARN 30052 --- [Backend_Login] [nio-8081-exec-6] o.h.engine.jdbc.spi.SqlExceptionHelper   : SQL Error: 0, SQLState: 08S01
2026-07-08T19:10:59.138-05:00 ERROR 30052 --- [Backend_Login] [nio-8081-exec-6] o.h.engine.jdbc.spi.SqlExceptionHelper   : HikariPool-1 - Connection is not available, request timed out after 30003ms (total=0, active=0, idle=0, waiting=0)
2026-07-08T19:10:59.138-05:00 ERROR 30052 --- [Backend_Login] [nio-8081-exec-6] o.h.engine.jdbc.spi.SqlExceptionHelper   : Communications link failure

The last packet sent successfully to the server was 0 milliseconds ago. The driver has not received any packets from the server.
2026-07-08T19:10:59.139-05:00 ERROR 30052 --- [Backend_Login] [nio-8081-exec-6] o.a.c.c.C.[.[.[/].[dispatcherServlet]    : Servlet.service() for servlet [dispatcherServlet] in context with path [] threw exception

org.springframework.dao.DataAccessResourceFailureException: Unable to acquire JDBC Connection [HikariPool-1 - Connection is not available, request timed out after 30003ms (total=0, active=0, idle=0, waiting=0)] [n/a]
	at org.springframework.orm.jpa.vendor.HibernateJpaDialect.convertHibernateAccessException(HibernateJpaDialect.java:274) ~[spring-orm-6.1.13.jar:6.1.13]
	at org.springframework.orm.jpa.vendor.HibernateJpaDialect.translateExceptionIfPossible(HibernateJpaDialect.java:241) ~[spring-orm-6.1.13.jar:6.1.13]
	at org.springframework.orm.jpa.AbstractEntityManagerFactoryBean.translateExceptionIfPossible(AbstractEntityManagerFactoryBean.java:550) ~[spring-orm-6.1.13.jar:6.1.13]
	at org.springframework.dao.support.ChainedPersistenceExceptionTranslator.translateExceptionIfPossible(ChainedPersistenceExceptionTranslator.java:61) ~[spring-tx-6.1.13.jar:6.1.13]
	at org.springframework.dao.support.DataAccessUtils.translateIfNecessary(DataAccessUtils.java:335) ~[spring-tx-6.1.13.jar:6.1.13]
	at org.springframework.dao.support.PersistenceExceptionTranslationInterceptor.invoke(PersistenceExceptionTranslationInterceptor.java:160) ~[spring-tx-6.1.13.jar:6.1.13]
	at org.springframework.aop.framework.ReflectiveMethodInvocation.proceed(ReflectiveMethodInvocation.java:184) ~[spring-aop-6.1.13.jar:6.1.13]
	at org.springframework.data.jpa.repository.support.CrudMethodMetadataPostProcessor$CrudMethodMetadataPopulatingMethodInterceptor.invoke(CrudMethodMetadataPostProcessor.java:136) ~[spring-data-jpa-3.3.4.jar:3.3.4]
	at org.springframework.aop.framework.ReflectiveMethodInvocation.proceed(ReflectiveMethodInvocation.java:184) ~[spring-aop-6.1.13.jar:6.1.13]
	at org.springframework.aop.interceptor.ExposeInvocationInterceptor.invoke(ExposeInvocationInterceptor.java:97) ~[spring-aop-6.1.13.jar:6.1.13]
	at org.springframework.aop.framework.ReflectiveMethodInvocation.proceed(ReflectiveMethodInvocation.java:184) ~[spring-aop-6.1.13.jar:6.1.13]
	at org.springframework.aop.framework.JdkDynamicAopProxy.invoke(JdkDynamicAopProxy.java:223) ~[spring-aop-6.1.13.jar:6.1.13]
	at jdk.proxy2/jdk.proxy2.$Proxy141.findByCorreoUsuario(Unknown Source) ~[na:na]
	at com.interivalle.Security.UserDetailsServiceImpl.loadUserByUsername(UserDetailsServiceImpl.java:22) ~[classes/:na]
	at com.interivalle.Security.JwtAuthFilter.doFilterInternal(JwtAuthFilter.java:52) ~[classes/:na]
	at org.springframework.web.filter.OncePerRequestFilter.doFilter(OncePerRequestFilter.java:116) ~[spring-web-6.1.13.jar:6.1.13]
	at org.springframework.security.web.FilterChainProxy$VirtualFilterChain.doFilter(FilterChainProxy.java:374) ~[spring-security-web-6.3.3.jar:6.3.3]
	at org.springframework.security.web.authentication.logout.LogoutFilter.doFilter(LogoutFilter.java:107) ~[spring-security-web-6.3.3.jar:6.3.3]
	at org.springframework.security.web.authentication.logout.LogoutFilter.doFilter(LogoutFilter.java:93) ~[spring-security-web-6.3.3.jar:6.3.3]
	at org.springframework.security.web.FilterChainProxy$VirtualFilterChain.doFilter(FilterChainProxy.java:374) ~[spring-security-web-6.3.3.jar:6.3.3]
	at org.springframework.web.filter.CorsFilter.doFilterInternal(CorsFilter.java:91) ~[spring-web-6.1.13.jar:6.1.13]
	at org.springframework.web.filter.OncePerRequestFilter.doFilter(OncePerRequestFilter.java:116) ~[spring-web-6.1.13.jar:6.1.13]
	at org.springframework.security.web.FilterChainProxy$VirtualFilterChain.doFilter(FilterChainProxy.java:374) ~[spring-security-web-6.3.3.jar:6.3.3]
	at org.springframework.security.web.header.HeaderWriterFilter.doHeadersAfter(HeaderWriterFilter.java:90) ~[spring-security-web-6.3.3.jar:6.3.3]
	at org.springframework.security.web.header.HeaderWriterFilter.doFilterInternal(HeaderWriterFilter.java:75) ~[spring-security-web-6.3.3.jar:6.3.3]
	at org.springframework.web.filter.OncePerRequestFilter.doFilter(OncePerRequestFilter.java:116) ~[spring-web-6.1.13.jar:6.1.13]
	at org.springframework.security.web.FilterChainProxy$VirtualFilterChain.doFilter(FilterChainProxy.java:374) ~[spring-security-web-6.3.3.jar:6.3.3]
	at org.springframework.security.web.context.SecurityContextHolderFilter.doFilter(SecurityContextHolderFilter.java:82) ~[spring-security-web-6.3.3.jar:6.3.3]
	at org.springframework.security.web.context.SecurityContextHolderFilter.doFilter(SecurityContextHolderFilter.java:69) ~[spring-security-web-6.3.3.jar:6.3.3]
	at org.springframework.security.web.FilterChainProxy$VirtualFilterChain.doFilter(FilterChainProxy.java:374) ~[spring-security-web-6.3.3.jar:6.3.3]
	at org.springframework.security.web.context.request.async.WebAsyncManagerIntegrationFilter.doFilterInternal(WebAsyncManagerIntegrationFilter.java:62) ~[spring-security-web-6.3.3.jar:6.3.3]
	at org.springframework.web.filter.OncePerRequestFilter.doFilter(OncePerRequestFilter.java:116) ~[spring-web-6.1.13.jar:6.1.13]
	at org.springframework.security.web.FilterChainProxy$VirtualFilterChain.doFilter(FilterChainProxy.java:374) ~[spring-security-web-6.3.3.jar:6.3.3]
	at org.springframework.security.web.session.DisableEncodeUrlFilter.doFilterInternal(DisableEncodeUrlFilter.java:42) ~[spring-security-web-6.3.3.jar:6.3.3]
	at org.springframework.web.filter.OncePerRequestFilter.doFilter(OncePerRequestFilter.java:116) ~[spring-web-6.1.13.jar:6.1.13]
	at org.springframework.security.web.FilterChainProxy$VirtualFilterChain.doFilter(FilterChainProxy.java:374) ~[spring-security-web-6.3.3.jar:6.3.3]
	at org.springframework.security.web.FilterChainProxy.doFilterInternal(FilterChainProxy.java:233) ~[spring-security-web-6.3.3.jar:6.3.3]
	at org.springframework.security.web.FilterChainProxy.doFilter(FilterChainProxy.java:191) ~[spring-security-web-6.3.3.jar:6.3.3]
	at org.springframework.web.filter.CompositeFilter$VirtualFilterChain.doFilter(CompositeFilter.java:113) ~[spring-web-6.1.13.jar:6.1.13]
	at org.springframework.web.servlet.handler.HandlerMappingIntrospector.lambda$createCacheFilter$3(HandlerMappingIntrospector.java:195) ~[spring-webmvc-6.1.13.jar:6.1.13]
	at org.springframework.web.filter.CompositeFilter$VirtualFilterChain.doFilter(CompositeFilter.java:113) ~[spring-web-6.1.13.jar:6.1.13]
	at org.springframework.web.filter.CompositeFilter.doFilter(CompositeFilter.java:74) ~[spring-web-6.1.13.jar:6.1.13]
	at org.springframework.security.config.annotation.web.configuration.WebMvcSecurityConfiguration$CompositeFilterChainProxy.doFilter(WebMvcSecurityConfiguration.java:230) ~[spring-security-config-6.3.3.jar:6.3.3]
	at org.springframework.web.filter.DelegatingFilterProxy.invokeDelegate(DelegatingFilterProxy.java:352) ~[spring-web-6.1.13.jar:6.1.13]
	at org.springframework.web.filter.DelegatingFilterProxy.doFilter(DelegatingFilterProxy.java:268) ~[spring-web-6.1.13.jar:6.1.13]
	at org.apache.catalina.core.ApplicationFilterChain.internalDoFilter(ApplicationFilterChain.java:164) ~[tomcat-embed-core-10.1.30.jar:10.1.30]
	at org.apache.catalina.core.ApplicationFilterChain.doFilter(ApplicationFilterChain.java:140) ~[tomcat-embed-core-10.1.30.jar:10.1.30]
	at org.springframework.web.filter.RequestContextFilter.doFilterInternal(RequestContextFilter.java:100) ~[spring-web-6.1.13.jar:6.1.13]
	at org.springframework.web.filter.OncePerRequestFilter.doFilter(OncePerRequestFilter.java:116) ~[spring-web-6.1.13.jar:6.1.13]
	at org.apache.catalina.core.ApplicationFilterChain.internalDoFilter(ApplicationFilterChain.java:164) ~[tomcat-embed-core-10.1.30.jar:10.1.30]
	at org.apache.catalina.core.ApplicationFilterChain.doFilter(ApplicationFilterChain.java:140) ~[tomcat-embed-core-10.1.30.jar:10.1.30]
	at org.springframework.web.filter.FormContentFilter.doFilterInternal(FormContentFilter.java:93) ~[spring-web-6.1.13.jar:6.1.13]
	at org.springframework.web.filter.OncePerRequestFilter.doFilter(OncePerRequestFilter.java:116) ~[spring-web-6.1.13.jar:6.1.13]
	at org.apache.catalina.core.ApplicationFilterChain.internalDoFilter(ApplicationFilterChain.java:164) ~[tomcat-embed-core-10.1.30.jar:10.1.30]
	at org.apache.catalina.core.ApplicationFilterChain.doFilter(ApplicationFilterChain.java:140) ~[tomcat-embed-core-10.1.30.jar:10.1.30]
	at org.springframework.web.filter.CharacterEncodingFilter.doFilterInternal(CharacterEncodingFilter.java:201) ~[spring-web-6.1.13.jar:6.1.13]
	at org.springframework.web.filter.OncePerRequestFilter.doFilter(OncePerRequestFilter.java:116) ~[spring-web-6.1.13.jar:6.1.13]
	at org.apache.catalina.core.ApplicationFilterChain.internalDoFilter(ApplicationFilterChain.java:164) ~[tomcat-embed-core-10.1.30.jar:10.1.30]
	at org.apache.catalina.core.ApplicationFilterChain.doFilter(ApplicationFilterChain.java:140) ~[tomcat-embed-core-10.1.30.jar:10.1.30]
	at org.apache.catalina.core.StandardWrapperValve.invoke(StandardWrapperValve.java:167) ~[tomcat-embed-core-10.1.30.jar:10.1.30]
	at org.apache.catalina.core.StandardContextValve.invoke(StandardContextValve.java:90) ~[tomcat-embed-core-10.1.30.jar:10.1.30]
	at org.apache.catalina.authenticator.AuthenticatorBase.invoke(AuthenticatorBase.java:483) ~[tomcat-embed-core-10.1.30.jar:10.1.30]
	at org.apache.catalina.core.StandardHostValve.invoke(StandardHostValve.java:115) ~[tomcat-embed-core-10.1.30.jar:10.1.30]
	at org.apache.catalina.valves.ErrorReportValve.invoke(ErrorReportValve.java:93) ~[tomcat-embed-core-10.1.30.jar:10.1.30]
	at org.apache.catalina.core.StandardEngineValve.invoke(StandardEngineValve.java:74) ~[tomcat-embed-core-10.1.30.jar:10.1.30]
	at org.apache.catalina.connector.CoyoteAdapter.service(CoyoteAdapter.java:344) ~[tomcat-embed-core-10.1.30.jar:10.1.30]
	at org.apache.coyote.http11.Http11Processor.service(Http11Processor.java:384) ~[tomcat-embed-core-10.1.30.jar:10.1.30]
	at org.apache.coyote.AbstractProcessorLight.process(AbstractProcessorLight.java:63) ~[tomcat-embed-core-10.1.30.jar:10.1.30]
	at org.apache.coyote.AbstractProtocol$ConnectionHandler.process(AbstractProtocol.java:905) ~[tomcat-embed-core-10.1.30.jar:10.1.30]
	at org.apache.tomcat.util.net.NioEndpoint$SocketProcessor.doRun(NioEndpoint.java:1741) ~[tomcat-embed-core-10.1.30.jar:10.1.30]
	at org.apache.tomcat.util.net.SocketProcessorBase.run(SocketProcessorBase.java:52) ~[tomcat-embed-core-10.1.30.jar:10.1.30]
	at org.apache.tomcat.util.threads.ThreadPoolExecutor.runWorker(ThreadPoolExecutor.java:1190) ~[tomcat-embed-core-10.1.30.jar:10.1.30]
	at org.apache.tomcat.util.threads.ThreadPoolExecutor$Worker.run(ThreadPoolExecutor.java:659) ~[tomcat-embed-core-10.1.30.jar:10.1.30]
	at org.apache.tomcat.util.threads.TaskThread$WrappingRunnable.run(TaskThread.java:63) ~[tomcat-embed-core-10.1.30.jar:10.1.30]
	at java.base/java.lang.Thread.run(Thread.java:840) ~[na:na]
Caused by: org.hibernate.exception.JDBCConnectionException: Unable to acquire JDBC Connection [HikariPool-1 - Connection is not available, request timed out after 30003ms (total=0, active=0, idle=0, waiting=0)] [n/a]
	at org.hibernate.exception.internal.SQLExceptionTypeDelegate.convert(SQLExceptionTypeDelegate.java:51) ~[hibernate-core-6.5.3.Final.jar:6.5.3.Final]
	at org.hibernate.exception.internal.StandardSQLExceptionConverter.convert(StandardSQLExceptionConverter.java:58) ~[hibernate-core-6.5.3.Final.jar:6.5.3.Final]
	at org.hibernate.engine.jdbc.spi.SqlExceptionHelper.convert(SqlExceptionHelper.java:108) ~[hibernate-core-6.5.3.Final.jar:6.5.3.Final]
	at org.hibernate.engine.jdbc.spi.SqlExceptionHelper.convert(SqlExceptionHelper.java:94) ~[hibernate-core-6.5.3.Final.jar:6.5.3.Final]
	at org.hibernate.resource.jdbc.internal.LogicalConnectionManagedImpl.acquireConnectionIfNeeded(LogicalConnectionManagedImpl.java:129) ~[hibernate-core-6.5.3.Final.jar:6.5.3.Final]
	at org.hibernate.resource.jdbc.internal.LogicalConnectionManagedImpl.getPhysicalConnection(LogicalConnectionManagedImpl.java:156) ~[hibernate-core-6.5.3.Final.jar:6.5.3.Final]
	at org.hibernate.engine.jdbc.internal.StatementPreparerImpl.connection(StatementPreparerImpl.java:54) ~[hibernate-core-6.5.3.Final.jar:6.5.3.Final]
	at org.hibernate.engine.jdbc.internal.StatementPreparerImpl$5.doPrepare(StatementPreparerImpl.java:153) ~[hibernate-core-6.5.3.Final.jar:6.5.3.Final]
	at org.hibernate.engine.jdbc.internal.StatementPreparerImpl$StatementPreparationTemplate.prepareStatement(StatementPreparerImpl.java:183) ~[hibernate-core-6.5.3.Final.jar:6.5.3.Final]
	at org.hibernate.engine.jdbc.internal.StatementPreparerImpl.prepareQueryStatement(StatementPreparerImpl.java:155) ~[hibernate-core-6.5.3.Final.jar:6.5.3.Final]
	at org.hibernate.sql.exec.spi.JdbcSelectExecutor.lambda$list$0(JdbcSelectExecutor.java:85) ~[hibernate-core-6.5.3.Final.jar:6.5.3.Final]
	at org.hibernate.sql.results.jdbc.internal.DeferredResultSetAccess.executeQuery(DeferredResultSetAccess.java:231) ~[hibernate-core-6.5.3.Final.jar:6.5.3.Final]
	at org.hibernate.sql.results.jdbc.internal.DeferredResultSetAccess.getResultSet(DeferredResultSetAccess.java:167) ~[hibernate-core-6.5.3.Final.jar:6.5.3.Final]
	at org.hibernate.sql.results.jdbc.internal.JdbcValuesResultSetImpl.advanceNext(JdbcValuesResultSetImpl.java:265) ~[hibernate-core-6.5.3.Final.jar:6.5.3.Final]
	at org.hibernate.sql.results.jdbc.internal.JdbcValuesResultSetImpl.processNext(JdbcValuesResultSetImpl.java:145) ~[hibernate-core-6.5.3.Final.jar:6.5.3.Final]
	at org.hibernate.sql.results.jdbc.internal.AbstractJdbcValues.next(AbstractJdbcValues.java:19) ~[hibernate-core-6.5.3.Final.jar:6.5.3.Final]
	at org.hibernate.sql.results.internal.RowProcessingStateStandardImpl.next(RowProcessingStateStandardImpl.java:67) ~[hibernate-core-6.5.3.Final.jar:6.5.3.Final]
	at org.hibernate.sql.results.spi.ListResultsConsumer.consume(ListResultsConsumer.java:204) ~[hibernate-core-6.5.3.Final.jar:6.5.3.Final]
	at org.hibernate.sql.results.spi.ListResultsConsumer.consume(ListResultsConsumer.java:33) ~[hibernate-core-6.5.3.Final.jar:6.5.3.Final]
	at org.hibernate.sql.exec.internal.JdbcSelectExecutorStandardImpl.doExecuteQuery(JdbcSelectExecutorStandardImpl.java:211) ~[hibernate-core-6.5.3.Final.jar:6.5.3.Final]
	at org.hibernate.sql.exec.internal.JdbcSelectExecutorStandardImpl.executeQuery(JdbcSelectExecutorStandardImpl.java:83) ~[hibernate-core-6.5.3.Final.jar:6.5.3.Final]
	at org.hibernate.sql.exec.spi.JdbcSelectExecutor.list(JdbcSelectExecutor.java:76) ~[hibernate-core-6.5.3.Final.jar:6.5.3.Final]
	at org.hibernate.sql.exec.spi.JdbcSelectExecutor.list(JdbcSelectExecutor.java:65) ~[hibernate-core-6.5.3.Final.jar:6.5.3.Final]
	at org.hibernate.query.sqm.internal.ConcreteSqmSelectQueryPlan.lambda$new$2(ConcreteSqmSelectQueryPlan.java:139) ~[hibernate-core-6.5.3.Final.jar:6.5.3.Final]
	at org.hibernate.query.sqm.internal.ConcreteSqmSelectQueryPlan.withCacheableSqmInterpretation(ConcreteSqmSelectQueryPlan.java:382) ~[hibernate-core-6.5.3.Final.jar:6.5.3.Final]
	at org.hibernate.query.sqm.internal.ConcreteSqmSelectQueryPlan.performList(ConcreteSqmSelectQueryPlan.java:302) ~[hibernate-core-6.5.3.Final.jar:6.5.3.Final]
	at org.hibernate.query.sqm.internal.QuerySqmImpl.doList(QuerySqmImpl.java:526) ~[hibernate-core-6.5.3.Final.jar:6.5.3.Final]
	at org.hibernate.query.spi.AbstractSelectionQuery.list(AbstractSelectionQuery.java:423) ~[hibernate-core-6.5.3.Final.jar:6.5.3.Final]
	at org.hibernate.query.spi.AbstractSelectionQuery.getSingleResult(AbstractSelectionQuery.java:555) ~[hibernate-core-6.5.3.Final.jar:6.5.3.Final]
	at java.base/jdk.internal.reflect.NativeMethodAccessorImpl.invoke0(Native Method) ~[na:na]
	at java.base/jdk.internal.reflect.NativeMethodAccessorImpl.invoke(NativeMethodAccessorImpl.java:77) ~[na:na]
	at java.base/jdk.internal.reflect.DelegatingMethodAccessorImpl.invoke(DelegatingMethodAccessorImpl.java:43) ~[na:na]
	at java.base/java.lang.reflect.Method.invoke(Method.java:569) ~[na:na]
	at org.springframework.orm.jpa.SharedEntityManagerCreator$DeferredQueryInvocationHandler.invoke(SharedEntityManagerCreator.java:418) ~[spring-orm-6.1.13.jar:6.1.13]
	at jdk.proxy2/jdk.proxy2.$Proxy193.getSingleResult(Unknown Source) ~[na:na]
	at org.springframework.data.jpa.repository.query.JpaQueryExecution$SingleEntityExecution.doExecute(JpaQueryExecution.java:223) ~[spring-data-jpa-3.3.4.jar:3.3.4]
	at org.springframework.data.jpa.repository.query.JpaQueryExecution.execute(JpaQueryExecution.java:92) ~[spring-data-jpa-3.3.4.jar:3.3.4]
	at org.springframework.data.jpa.repository.query.AbstractJpaQuery.doExecute(AbstractJpaQuery.java:152) ~[spring-data-jpa-3.3.4.jar:3.3.4]
	at org.springframework.data.jpa.repository.query.AbstractJpaQuery.execute(AbstractJpaQuery.java:140) ~[spring-data-jpa-3.3.4.jar:3.3.4]
	at org.springframework.data.repository.core.support.RepositoryMethodInvoker.doInvoke(RepositoryMethodInvoker.java:170) ~[spring-data-commons-3.3.4.jar:3.3.4]
	at org.springframework.data.repository.core.support.RepositoryMethodInvoker.invoke(RepositoryMethodInvoker.java:158) ~[spring-data-commons-3.3.4.jar:3.3.4]
	at org.springframework.data.repository.core.support.QueryExecutorMethodInterceptor.doInvoke(QueryExecutorMethodInterceptor.java:169) ~[spring-data-commons-3.3.4.jar:3.3.4]
	at org.springframework.data.repository.core.support.QueryExecutorMethodInterceptor.invoke(QueryExecutorMethodInterceptor.java:148) ~[spring-data-commons-3.3.4.jar:3.3.4]
	at org.springframework.aop.framework.ReflectiveMethodInvocation.proceed(ReflectiveMethodInvocation.java:184) ~[spring-aop-6.1.13.jar:6.1.13]
	at org.springframework.data.projection.DefaultMethodInvokingMethodInterceptor.invoke(DefaultMethodInvokingMethodInterceptor.java:70) ~[spring-data-commons-3.3.4.jar:3.3.4]
	at org.springframework.aop.framework.ReflectiveMethodInvocation.proceed(ReflectiveMethodInvocation.java:184) ~[spring-aop-6.1.13.jar:6.1.13]
	at org.springframework.transaction.interceptor.TransactionAspectSupport.invokeWithinTransaction(TransactionAspectSupport.java:379) ~[spring-tx-6.1.13.jar:6.1.13]
	at org.springframework.transaction.interceptor.TransactionInterceptor.invoke(TransactionInterceptor.java:119) ~[spring-tx-6.1.13.jar:6.1.13]
	at org.springframework.aop.framework.ReflectiveMethodInvocation.proceed(ReflectiveMethodInvocation.java:184) ~[spring-aop-6.1.13.jar:6.1.13]
	at org.springframework.dao.support.PersistenceExceptionTranslationInterceptor.invoke(PersistenceExceptionTranslationInterceptor.java:138) ~[spring-tx-6.1.13.jar:6.1.13]
	... 69 common frames omitted
Caused by: java.sql.SQLTransientConnectionException: HikariPool-1 - Connection is not available, request timed out after 30003ms (total=0, active=0, idle=0, waiting=0)
	at com.zaxxer.hikari.pool.HikariPool.createTimeoutException(HikariPool.java:686) ~[HikariCP-5.1.0.jar:na]
	at com.zaxxer.hikari.pool.HikariPool.getConnection(HikariPool.java:179) ~[HikariCP-5.1.0.jar:na]
	at com.zaxxer.hikari.pool.HikariPool.getConnection(HikariPool.java:144) ~[HikariCP-5.1.0.jar:na]
	at com.zaxxer.hikari.HikariDataSource.getConnection(HikariDataSource.java:127) ~[HikariCP-5.1.0.jar:na]
	at org.hibernate.engine.jdbc.connections.internal.DatasourceConnectionProviderImpl.getConnection(DatasourceConnectionProviderImpl.java:122) ~[hibernate-core-6.5.3.Final.jar:6.5.3.Final]
	at org.hibernate.internal.NonContextualJdbcConnectionAccess.obtainConnection(NonContextualJdbcConnectionAccess.java:46) ~[hibernate-core-6.5.3.Final.jar:6.5.3.Final]
	at org.hibernate.resource.jdbc.internal.LogicalConnectionManagedImpl.acquireConnectionIfNeeded(LogicalConnectionManagedImpl.java:126) ~[hibernate-core-6.5.3.Final.jar:6.5.3.Final]
	... 114 common frames omitted
Caused by: com.mysql.cj.jdbc.exceptions.CommunicationsException: Communications link failure

The last packet sent successfully to the server was 0 milliseconds ago. The driver has not received any packets from the server.
	at com.mysql.cj.jdbc.exceptions.SQLError.createCommunicationsException(SQLError.java:174) ~[mysql-connector-j-8.3.0.jar:8.3.0]
	at com.mysql.cj.jdbc.exceptions.SQLExceptionsMapping.translateException(SQLExceptionsMapping.java:64) ~[mysql-connector-j-8.3.0.jar:8.3.0]
	at com.mysql.cj.jdbc.ConnectionImpl.createNewIO(ConnectionImpl.java:815) ~[mysql-connector-j-8.3.0.jar:8.3.0]
	at com.mysql.cj.jdbc.ConnectionImpl.<init>(ConnectionImpl.java:438) ~[mysql-connector-j-8.3.0.jar:8.3.0]
	at com.mysql.cj.jdbc.ConnectionImpl.getInstance(ConnectionImpl.java:241) ~[mysql-connector-j-8.3.0.jar:8.3.0]
	at com.mysql.cj.jdbc.NonRegisteringDriver.connect(NonRegisteringDriver.java:189) ~[mysql-connector-j-8.3.0.jar:8.3.0]
	at com.zaxxer.hikari.util.DriverDataSource.getConnection(DriverDataSource.java:137) ~[HikariCP-5.1.0.jar:na]
	at com.zaxxer.hikari.pool.PoolBase.newConnection(PoolBase.java:360) ~[HikariCP-5.1.0.jar:na]
	at com.zaxxer.hikari.pool.PoolBase.newPoolEntry(PoolBase.java:202) ~[HikariCP-5.1.0.jar:na]
	at com.zaxxer.hikari.pool.HikariPool.createPoolEntry(HikariPool.java:461) ~[HikariCP-5.1.0.jar:na]
	at com.zaxxer.hikari.pool.HikariPool$PoolEntryCreator.call(HikariPool.java:724) ~[HikariCP-5.1.0.jar:na]
	at com.zaxxer.hikari.pool.HikariPool$PoolEntryCreator.call(HikariPool.java:703) ~[HikariCP-5.1.0.jar:na]
	at java.base/java.util.concurrent.FutureTask.run(FutureTask.java:264) ~[na:na]
	at java.base/java.util.concurrent.ThreadPoolExecutor.runWorker(ThreadPoolExecutor.java:1136) ~[na:na]
	at java.base/java.util.concurrent.ThreadPoolExecutor$Worker.run(ThreadPoolExecutor.java:635) ~[na:na]
	... 1 common frames omitted
Caused by: com.mysql.cj.exceptions.CJCommunicationsException: Communications link failure

The last packet sent successfully to the server was 0 milliseconds ago. The driver has not received any packets from the server.
	at jdk.internal.reflect.GeneratedConstructorAccessor66.newInstance(Unknown Source) ~[na:na]
	at java.base/jdk.internal.reflect.DelegatingConstructorAccessorImpl.newInstance(DelegatingConstructorAccessorImpl.java:45) ~[na:na]
	at java.base/java.lang.reflect.Constructor.newInstanceWithCaller(Constructor.java:500) ~[na:na]
	at java.base/java.lang.reflect.Constructor.newInstance(Constructor.java:481) ~[na:na]
	at com.mysql.cj.exceptions.ExceptionFactory.createException(ExceptionFactory.java:61) ~[mysql-connector-j-8.3.0.jar:8.3.0]
	at com.mysql.cj.exceptions.ExceptionFactory.createException(ExceptionFactory.java:104) ~[mysql-connector-j-8.3.0.jar:8.3.0]
	at com.mysql.cj.exceptions.ExceptionFactory.createException(ExceptionFactory.java:149) ~[mysql-connector-j-8.3.0.jar:8.3.0]
	at com.mysql.cj.exceptions.ExceptionFactory.createCommunicationsException(ExceptionFactory.java:165) ~[mysql-connector-j-8.3.0.jar:8.3.0]
	at com.mysql.cj.protocol.a.NativeSocketConnection.connect(NativeSocketConnection.java:88) ~[mysql-connector-j-8.3.0.jar:8.3.0]
	at com.mysql.cj.NativeSession.connect(NativeSession.java:120) ~[mysql-connector-j-8.3.0.jar:8.3.0]
	at com.mysql.cj.jdbc.ConnectionImpl.connectOneTryOnly(ConnectionImpl.java:935) ~[mysql-connector-j-8.3.0.jar:8.3.0]
	at com.mysql.cj.jdbc.ConnectionImpl.createNewIO(ConnectionImpl.java:805) ~[mysql-connector-j-8.3.0.jar:8.3.0]
	... 13 common frames omitted
Caused by: java.net.ConnectException: Connection refused: getsockopt
	at java.base/sun.nio.ch.Net.pollConnect(Native Method) ~[na:na]
	at java.base/sun.nio.ch.Net.pollConnectNow(Net.java:672) ~[na:na]
	at java.base/sun.nio.ch.NioSocketImpl.timedFinishConnect(NioSocketImpl.java:547) ~[na:na]
	at java.base/sun.nio.ch.NioSocketImpl.connect(NioSocketImpl.java:602) ~[na:na]
	at java.base/java.net.SocksSocketImpl.connect(SocksSocketImpl.java:327) ~[na:na]
	at java.base/java.net.Socket.connect(Socket.java:633) ~[na:na]
	at com.mysql.cj.protocol.StandardSocketFactory.connect(StandardSocketFactory.java:153) ~[mysql-connector-j-8.3.0.jar:8.3.0]
	at com.mysql.cj.protocol.a.NativeSocketConnection.connect(NativeSocketConnection.java:62) ~[mysql-connector-j-8.3.0.jar:8.3.0]
	... 16 common frames omitted

2026-07-08T19:10:59.142-05:00 DEBUG 30052 --- [Backend_Login] [nio-8081-exec-6] o.s.security.web.FilterChainProxy        : Securing GET /error
2026-07-08T19:10:59.142-05:00 DEBUG 30052 --- [Backend_Login] [nio-8081-exec-6] o.s.s.w.a.AnonymousAuthenticationFilter  : Set SecurityContextHolder to anonymous SecurityContext
2026-07-08T19:10:59.142-05:00 DEBUG 30052 --- [Backend_Login] [nio-8081-exec-6] o.s.security.web.FilterChainProxy        : Secured GET /error
2026-07-08T19:10:59.144-05:00 DEBUG 30052 --- [Backend_Login] [nio-8081-exec-9] o.s.security.web.FilterChainProxy        : Securing GET /api/notificaciones/contador
Hibernate: select u1_0.id_usuario,u1_0.celular_usuario,u1_0.ciudad_usuario,u1_0.contrasena_usuario,u1_0.correo_usuario,u1_0.estado_usuario,u1_0.fecha_registro_usuario,u1_0.id_rol,u1_0.nombre_usuario from usuario u1_0 where u1_0.correo_usuario=?
2026-07-08T19:11:19.095-05:00 DEBUG 30052 --- [Backend_Login] [nio-8081-exec-1] o.s.security.web.FilterChainProxy        : Securing OPTIONS /api/notificaciones/contador
2026-07-08T19:11:19.099-05:00 DEBUG 30052 --- [Backend_Login] [nio-8081-exec-2] o.s.security.web.FilterChainProxy        : Securing GET /api/notificaciones/contador
2026-07-08T19:11:19.100-05:00 DEBUG 30052 --- [Backend_Login] [nio-8081-exec-2] o.s.s.w.a.AnonymousAuthenticationFilter  : Set SecurityContextHolder to anonymous SecurityContext
2026-07-08T19:11:19.101-05:00 DEBUG 30052 --- [Backend_Login] [nio-8081-exec-2] o.s.s.w.a.Http403ForbiddenEntryPoint     : Pre-authenticated entry point called. Rejecting access
2026-07-08T19:11:19.103-05:00 DEBUG 30052 --- [Backend_Login] [nio-8081-exec-2] o.s.security.web.FilterChainProxy        : Securing GET /error
2026-07-08T19:11:19.103-05:00 DEBUG 30052 --- [Backend_Login] [nio-8081-exec-2] o.s.security.web.FilterChainProxy        : Secured GET /error
2026-07-08T19:11:19.107-05:00 DEBUG 30052 --- [Backend_Login] [nio-8081-exec-2] o.s.s.w.a.AnonymousAuthenticationFilter  : Set SecurityContextHolder to anonymous SecurityContext
2026-07-08T19:11:29.089-05:00 DEBUG 30052 --- [Backend_Login] [nio-8081-exec-4] o.s.security.web.FilterChainProxy        : Securing OPTIONS /api/notificaciones/contador
2026-07-08T19:11:29.163-05:00  WARN 30052 --- [Backend_Login] [nio-8081-exec-9] o.h.engine.jdbc.spi.SqlExceptionHelper   : SQL Error: 0, SQLState: 08S01
2026-07-08T19:11:29.163-05:00 ERROR 30052 --- [Backend_Login] [nio-8081-exec-9] o.h.engine.jdbc.spi.SqlExceptionHelper   : HikariPool-1 - Connection is not available, request timed out after 30012ms (total=0, active=0, idle=0, waiting=0)
2026-07-08T19:11:29.164-05:00 ERROR 30052 --- [Backend_Login] [nio-8081-exec-9] o.h.engine.jdbc.spi.SqlExceptionHelper   : Communications link failure

The last packet sent successfully to the server was 0 milliseconds ago. The driver has not received any packets from the server.
2026-07-08T19:11:29.164-05:00 ERROR 30052 --- [Backend_Login] [nio-8081-exec-9] o.a.c.c.C.[.[.[/].[dispatcherServlet]    : Servlet.service() for servlet [dispatcherServlet] in context with path [] threw exception

org.springframework.dao.DataAccessResourceFailureException: Unable to acquire JDBC Connection [HikariPool-1 - Connection is not available, request timed out after 30012ms (total=0, active=0, idle=0, waiting=0)] [n/a]
	at org.springframework.orm.jpa.vendor.HibernateJpaDialect.convertHibernateAccessException(HibernateJpaDialect.java:274) ~[spring-orm-6.1.13.jar:6.1.13]
	at org.springframework.orm.jpa.vendor.HibernateJpaDialect.translateExceptionIfPossible(HibernateJpaDialect.java:241) ~[spring-orm-6.1.13.jar:6.1.13]
	at org.springframework.orm.jpa.AbstractEntityManagerFactoryBean.translateExceptionIfPossible(AbstractEntityManagerFactoryBean.java:550) ~[spring-orm-6.1.13.jar:6.1.13]
	at org.springframework.dao.support.ChainedPersistenceExceptionTranslator.translateExceptionIfPossible(ChainedPersistenceExceptionTranslator.java:61) ~[spring-tx-6.1.13.jar:6.1.13]
	at org.springframework.dao.support.DataAccessUtils.translateIfNecessary(DataAccessUtils.java:335) ~[spring-tx-6.1.13.jar:6.1.13]
	at org.springframework.dao.support.PersistenceExceptionTranslationInterceptor.invoke(PersistenceExceptionTranslationInterceptor.java:160) ~[spring-tx-6.1.13.jar:6.1.13]
	at org.springframework.aop.framework.ReflectiveMethodInvocation.proceed(ReflectiveMethodInvocation.java:184) ~[spring-aop-6.1.13.jar:6.1.13]
	at org.springframework.data.jpa.repository.support.CrudMethodMetadataPostProcessor$CrudMethodMetadataPopulatingMethodInterceptor.invoke(CrudMethodMetadataPostProcessor.java:136) ~[spring-data-jpa-3.3.4.jar:3.3.4]
	at org.springframework.aop.framework.ReflectiveMethodInvocation.proceed(ReflectiveMethodInvocation.java:184) ~[spring-aop-6.1.13.jar:6.1.13]
	at org.springframework.aop.interceptor.ExposeInvocationInterceptor.invoke(ExposeInvocationInterceptor.java:97) ~[spring-aop-6.1.13.jar:6.1.13]
	at org.springframework.aop.framework.ReflectiveMethodInvocation.proceed(ReflectiveMethodInvocation.java:184) ~[spring-aop-6.1.13.jar:6.1.13]
	at org.springframework.aop.framework.JdkDynamicAopProxy.invoke(JdkDynamicAopProxy.java:223) ~[spring-aop-6.1.13.jar:6.1.13]
	at jdk.proxy2/jdk.proxy2.$Proxy141.findByCorreoUsuario(Unknown Source) ~[na:na]
	at com.interivalle.Security.UserDetailsServiceImpl.loadUserByUsername(UserDetailsServiceImpl.java:22) ~[classes/:na]
	at com.interivalle.Security.JwtAuthFilter.doFilterInternal(JwtAuthFilter.java:52) ~[classes/:na]
	at org.springframework.web.filter.OncePerRequestFilter.doFilter(OncePerRequestFilter.java:116) ~[spring-web-6.1.13.jar:6.1.13]
	at org.springframework.security.web.FilterChainProxy$VirtualFilterChain.doFilter(FilterChainProxy.java:374) ~[spring-security-web-6.3.3.jar:6.3.3]
	at org.springframework.security.web.authentication.logout.LogoutFilter.doFilter(LogoutFilter.java:107) ~[spring-security-web-6.3.3.jar:6.3.3]
	at org.springframework.security.web.authentication.logout.LogoutFilter.doFilter(LogoutFilter.java:93) ~[spring-security-web-6.3.3.jar:6.3.3]
	at org.springframework.security.web.FilterChainProxy$VirtualFilterChain.doFilter(FilterChainProxy.java:374) ~[spring-security-web-6.3.3.jar:6.3.3]
	at org.springframework.web.filter.CorsFilter.doFilterInternal(CorsFilter.java:91) ~[spring-web-6.1.13.jar:6.1.13]
	at org.springframework.web.filter.OncePerRequestFilter.doFilter(OncePerRequestFilter.java:116) ~[spring-web-6.1.13.jar:6.1.13]
	at org.springframework.security.web.FilterChainProxy$VirtualFilterChain.doFilter(FilterChainProxy.java:374) ~[spring-security-web-6.3.3.jar:6.3.3]
	at org.springframework.security.web.header.HeaderWriterFilter.doHeadersAfter(HeaderWriterFilter.java:90) ~[spring-security-web-6.3.3.jar:6.3.3]
	at org.springframework.security.web.header.HeaderWriterFilter.doFilterInternal(HeaderWriterFilter.java:75) ~[spring-security-web-6.3.3.jar:6.3.3]
	at org.springframework.web.filter.OncePerRequestFilter.doFilter(OncePerRequestFilter.java:116) ~[spring-web-6.1.13.jar:6.1.13]
	at org.springframework.security.web.FilterChainProxy$VirtualFilterChain.doFilter(FilterChainProxy.java:374) ~[spring-security-web-6.3.3.jar:6.3.3]
	at org.springframework.security.web.context.SecurityContextHolderFilter.doFilter(SecurityContextHolderFilter.java:82) ~[spring-security-web-6.3.3.jar:6.3.3]
	at org.springframework.security.web.context.SecurityContextHolderFilter.doFilter(SecurityContextHolderFilter.java:69) ~[spring-security-web-6.3.3.jar:6.3.3]
	at org.springframework.security.web.FilterChainProxy$VirtualFilterChain.doFilter(FilterChainProxy.java:374) ~[spring-security-web-6.3.3.jar:6.3.3]
	at org.springframework.security.web.context.request.async.WebAsyncManagerIntegrationFilter.doFilterInternal(WebAsyncManagerIntegrationFilter.java:62) ~[spring-security-web-6.3.3.jar:6.3.3]
	at org.springframework.web.filter.OncePerRequestFilter.doFilter(OncePerRequestFilter.java:116) ~[spring-web-6.1.13.jar:6.1.13]
	at org.springframework.security.web.FilterChainProxy$VirtualFilterChain.doFilter(FilterChainProxy.java:374) ~[spring-security-web-6.3.3.jar:6.3.3]
	at org.springframework.security.web.session.DisableEncodeUrlFilter.doFilterInternal(DisableEncodeUrlFilter.java:42) ~[spring-security-web-6.3.3.jar:6.3.3]
	at org.springframework.web.filter.OncePerRequestFilter.doFilter(OncePerRequestFilter.java:116) ~[spring-web-6.1.13.jar:6.1.13]
	at org.springframework.security.web.FilterChainProxy$VirtualFilterChain.doFilter(FilterChainProxy.java:374) ~[spring-security-web-6.3.3.jar:6.3.3]
	at org.springframework.security.web.FilterChainProxy.doFilterInternal(FilterChainProxy.java:233) ~[spring-security-web-6.3.3.jar:6.3.3]
	at org.springframework.security.web.FilterChainProxy.doFilter(FilterChainProxy.java:191) ~[spring-security-web-6.3.3.jar:6.3.3]
	at org.springframework.web.filter.CompositeFilter$VirtualFilterChain.doFilter(CompositeFilter.java:113) ~[spring-web-6.1.13.jar:6.1.13]
	at org.springframework.web.servlet.handler.HandlerMappingIntrospector.lambda$createCacheFilter$3(HandlerMappingIntrospector.java:195) ~[spring-webmvc-6.1.13.jar:6.1.13]
	at org.springframework.web.filter.CompositeFilter$VirtualFilterChain.doFilter(CompositeFilter.java:113) ~[spring-web-6.1.13.jar:6.1.13]
	at org.springframework.web.filter.CompositeFilter.doFilter(CompositeFilter.java:74) ~[spring-web-6.1.13.jar:6.1.13]
	at org.springframework.security.config.annotation.web.configuration.WebMvcSecurityConfiguration$CompositeFilterChainProxy.doFilter(WebMvcSecurityConfiguration.java:230) ~[spring-security-config-6.3.3.jar:6.3.3]
	at org.springframework.web.filter.DelegatingFilterProxy.invokeDelegate(DelegatingFilterProxy.java:352) ~[spring-web-6.1.13.jar:6.1.13]
	at org.springframework.web.filter.DelegatingFilterProxy.doFilter(DelegatingFilterProxy.java:268) ~[spring-web-6.1.13.jar:6.1.13]
	at org.apache.catalina.core.ApplicationFilterChain.internalDoFilter(ApplicationFilterChain.java:164) ~[tomcat-embed-core-10.1.30.jar:10.1.30]
	at org.apache.catalina.core.ApplicationFilterChain.doFilter(ApplicationFilterChain.java:140) ~[tomcat-embed-core-10.1.30.jar:10.1.30]
	at org.springframework.web.filter.RequestContextFilter.doFilterInternal(RequestContextFilter.java:100) ~[spring-web-6.1.13.jar:6.1.13]
	at org.springframework.web.filter.OncePerRequestFilter.doFilter(OncePerRequestFilter.java:116) ~[spring-web-6.1.13.jar:6.1.13]
	at org.apache.catalina.core.ApplicationFilterChain.internalDoFilter(ApplicationFilterChain.java:164) ~[tomcat-embed-core-10.1.30.jar:10.1.30]
	at org.apache.catalina.core.ApplicationFilterChain.doFilter(ApplicationFilterChain.java:140) ~[tomcat-embed-core-10.1.30.jar:10.1.30]
	at org.springframework.web.filter.FormContentFilter.doFilterInternal(FormContentFilter.java:93) ~[spring-web-6.1.13.jar:6.1.13]
	at org.springframework.web.filter.OncePerRequestFilter.doFilter(OncePerRequestFilter.java:116) ~[spring-web-6.1.13.jar:6.1.13]
	at org.apache.catalina.core.ApplicationFilterChain.internalDoFilter(ApplicationFilterChain.java:164) ~[tomcat-embed-core-10.1.30.jar:10.1.30]
	at org.apache.catalina.core.ApplicationFilterChain.doFilter(ApplicationFilterChain.java:140) ~[tomcat-embed-core-10.1.30.jar:10.1.30]
	at org.springframework.web.filter.CharacterEncodingFilter.doFilterInternal(CharacterEncodingFilter.java:201) ~[spring-web-6.1.13.jar:6.1.13]
	at org.springframework.web.filter.OncePerRequestFilter.doFilter(OncePerRequestFilter.java:116) ~[spring-web-6.1.13.jar:6.1.13]
	at org.apache.catalina.core.ApplicationFilterChain.internalDoFilter(ApplicationFilterChain.java:164) ~[tomcat-embed-core-10.1.30.jar:10.1.30]
	at org.apache.catalina.core.ApplicationFilterChain.doFilter(ApplicationFilterChain.java:140) ~[tomcat-embed-core-10.1.30.jar:10.1.30]
	at org.apache.catalina.core.StandardWrapperValve.invoke(StandardWrapperValve.java:167) ~[tomcat-embed-core-10.1.30.jar:10.1.30]
	at org.apache.catalina.core.StandardContextValve.invoke(StandardContextValve.java:90) ~[tomcat-embed-core-10.1.30.jar:10.1.30]
	at org.apache.catalina.authenticator.AuthenticatorBase.invoke(AuthenticatorBase.java:483) ~[tomcat-embed-core-10.1.30.jar:10.1.30]
	at org.apache.catalina.core.StandardHostValve.invoke(StandardHostValve.java:115) ~[tomcat-embed-core-10.1.30.jar:10.1.30]
	at org.apache.catalina.valves.ErrorReportValve.invoke(ErrorReportValve.java:93) ~[tomcat-embed-core-10.1.30.jar:10.1.30]
	at org.apache.catalina.core.StandardEngineValve.invoke(StandardEngineValve.java:74) ~[tomcat-embed-core-10.1.30.jar:10.1.30]
	at org.apache.catalina.connector.CoyoteAdapter.service(CoyoteAdapter.java:344) ~[tomcat-embed-core-10.1.30.jar:10.1.30]
	at org.apache.coyote.http11.Http11Processor.service(Http11Processor.java:384) ~[tomcat-embed-core-10.1.30.jar:10.1.30]
	at org.apache.coyote.AbstractProcessorLight.process(AbstractProcessorLight.java:63) ~[tomcat-embed-core-10.1.30.jar:10.1.30]
	at org.apache.coyote.AbstractProtocol$ConnectionHandler.process(AbstractProtocol.java:905) ~[tomcat-embed-core-10.1.30.jar:10.1.30]
	at org.apache.tomcat.util.net.NioEndpoint$SocketProcessor.doRun(NioEndpoint.java:1741) ~[tomcat-embed-core-10.1.30.jar:10.1.30]
	at org.apache.tomcat.util.net.SocketProcessorBase.run(SocketProcessorBase.java:52) ~[tomcat-embed-core-10.1.30.jar:10.1.30]
	at org.apache.tomcat.util.threads.ThreadPoolExecutor.runWorker(ThreadPoolExecutor.java:1190) ~[tomcat-embed-core-10.1.30.jar:10.1.30]
	at org.apache.tomcat.util.threads.ThreadPoolExecutor$Worker.run(ThreadPoolExecutor.java:659) ~[tomcat-embed-core-10.1.30.jar:10.1.30]
	at org.apache.tomcat.util.threads.TaskThread$WrappingRunnable.run(TaskThread.java:63) ~[tomcat-embed-core-10.1.30.jar:10.1.30]
	at java.base/java.lang.Thread.run(Thread.java:840) ~[na:na]
Caused by: org.hibernate.exception.JDBCConnectionException: Unable to acquire JDBC Connection [HikariPool-1 - Connection is not available, request timed out after 30012ms (total=0, active=0, idle=0, waiting=0)] [n/a]
	at org.hibernate.exception.internal.SQLExceptionTypeDelegate.convert(SQLExceptionTypeDelegate.java:51) ~[hibernate-core-6.5.3.Final.jar:6.5.3.Final]
	at org.hibernate.exception.internal.StandardSQLExceptionConverter.convert(StandardSQLExceptionConverter.java:58) ~[hibernate-core-6.5.3.Final.jar:6.5.3.Final]
	at org.hibernate.engine.jdbc.spi.SqlExceptionHelper.convert(SqlExceptionHelper.java:108) ~[hibernate-core-6.5.3.Final.jar:6.5.3.Final]
	at org.hibernate.engine.jdbc.spi.SqlExceptionHelper.convert(SqlExceptionHelper.java:94) ~[hibernate-core-6.5.3.Final.jar:6.5.3.Final]
	at org.hibernate.resource.jdbc.internal.LogicalConnectionManagedImpl.acquireConnectionIfNeeded(LogicalConnectionManagedImpl.java:129) ~[hibernate-core-6.5.3.Final.jar:6.5.3.Final]
	at org.hibernate.resource.jdbc.internal.LogicalConnectionManagedImpl.getPhysicalConnection(LogicalConnectionManagedImpl.java:156) ~[hibernate-core-6.5.3.Final.jar:6.5.3.Final]
	at org.hibernate.engine.jdbc.internal.StatementPreparerImpl.connection(StatementPreparerImpl.java:54) ~[hibernate-core-6.5.3.Final.jar:6.5.3.Final]
	at org.hibernate.engine.jdbc.internal.StatementPreparerImpl$5.doPrepare(StatementPreparerImpl.java:153) ~[hibernate-core-6.5.3.Final.jar:6.5.3.Final]
	at org.hibernate.engine.jdbc.internal.StatementPreparerImpl$StatementPreparationTemplate.prepareStatement(StatementPreparerImpl.java:183) ~[hibernate-core-6.5.3.Final.jar:6.5.3.Final]
	at org.hibernate.engine.jdbc.internal.StatementPreparerImpl.prepareQueryStatement(StatementPreparerImpl.java:155) ~[hibernate-core-6.5.3.Final.jar:6.5.3.Final]
	at org.hibernate.sql.exec.spi.JdbcSelectExecutor.lambda$list$0(JdbcSelectExecutor.java:85) ~[hibernate-core-6.5.3.Final.jar:6.5.3.Final]
	at org.hibernate.sql.results.jdbc.internal.DeferredResultSetAccess.executeQuery(DeferredResultSetAccess.java:231) ~[hibernate-core-6.5.3.Final.jar:6.5.3.Final]
	at org.hibernate.sql.results.jdbc.internal.DeferredResultSetAccess.getResultSet(DeferredResultSetAccess.java:167) ~[hibernate-core-6.5.3.Final.jar:6.5.3.Final]
	at org.hibernate.sql.results.jdbc.internal.JdbcValuesResultSetImpl.advanceNext(JdbcValuesResultSetImpl.java:265) ~[hibernate-core-6.5.3.Final.jar:6.5.3.Final]
	at org.hibernate.sql.results.jdbc.internal.JdbcValuesResultSetImpl.processNext(JdbcValuesResultSetImpl.java:145) ~[hibernate-core-6.5.3.Final.jar:6.5.3.Final]
	at org.hibernate.sql.results.jdbc.internal.AbstractJdbcValues.next(AbstractJdbcValues.java:19) ~[hibernate-core-6.5.3.Final.jar:6.5.3.Final]
	at org.hibernate.sql.results.internal.RowProcessingStateStandardImpl.next(RowProcessingStateStandardImpl.java:67) ~[hibernate-core-6.5.3.Final.jar:6.5.3.Final]
	at org.hibernate.sql.results.spi.ListResultsConsumer.consume(ListResultsConsumer.java:204) ~[hibernate-core-6.5.3.Final.jar:6.5.3.Final]
	at org.hibernate.sql.results.spi.ListResultsConsumer.consume(ListResultsConsumer.java:33) ~[hibernate-core-6.5.3.Final.jar:6.5.3.Final]
	at org.hibernate.sql.exec.internal.JdbcSelectExecutorStandardImpl.doExecuteQuery(JdbcSelectExecutorStandardImpl.java:211) ~[hibernate-core-6.5.3.Final.jar:6.5.3.Final]
	at org.hibernate.sql.exec.internal.JdbcSelectExecutorStandardImpl.executeQuery(JdbcSelectExecutorStandardImpl.java:83) ~[hibernate-core-6.5.3.Final.jar:6.5.3.Final]
	at org.hibernate.sql.exec.spi.JdbcSelectExecutor.list(JdbcSelectExecutor.java:76) ~[hibernate-core-6.5.3.Final.jar:6.5.3.Final]
	at org.hibernate.sql.exec.spi.JdbcSelectExecutor.list(JdbcSelectExecutor.java:65) ~[hibernate-core-6.5.3.Final.jar:6.5.3.Final]
	at org.hibernate.query.sqm.internal.ConcreteSqmSelectQueryPlan.lambda$new$2(ConcreteSqmSelectQueryPlan.java:139) ~[hibernate-core-6.5.3.Final.jar:6.5.3.Final]
	at org.hibernate.query.sqm.internal.ConcreteSqmSelectQueryPlan.withCacheableSqmInterpretation(ConcreteSqmSelectQueryPlan.java:382) ~[hibernate-core-6.5.3.Final.jar:6.5.3.Final]
	at org.hibernate.query.sqm.internal.ConcreteSqmSelectQueryPlan.performList(ConcreteSqmSelectQueryPlan.java:302) ~[hibernate-core-6.5.3.Final.jar:6.5.3.Final]
	at org.hibernate.query.sqm.internal.QuerySqmImpl.doList(QuerySqmImpl.java:526) ~[hibernate-core-6.5.3.Final.jar:6.5.3.Final]
	at org.hibernate.query.spi.AbstractSelectionQuery.list(AbstractSelectionQuery.java:423) ~[hibernate-core-6.5.3.Final.jar:6.5.3.Final]
	at org.hibernate.query.spi.AbstractSelectionQuery.getSingleResult(AbstractSelectionQuery.java:555) ~[hibernate-core-6.5.3.Final.jar:6.5.3.Final]
	at java.base/jdk.internal.reflect.NativeMethodAccessorImpl.invoke0(Native Method) ~[na:na]
	at java.base/jdk.internal.reflect.NativeMethodAccessorImpl.invoke(NativeMethodAccessorImpl.java:77) ~[na:na]
	at java.base/jdk.internal.reflect.DelegatingMethodAccessorImpl.invoke(DelegatingMethodAccessorImpl.java:43) ~[na:na]
	at java.base/java.lang.reflect.Method.invoke(Method.java:569) ~[na:na]
	at org.springframework.orm.jpa.SharedEntityManagerCreator$DeferredQueryInvocationHandler.invoke(SharedEntityManagerCreator.java:418) ~[spring-orm-6.1.13.jar:6.1.13]
	at jdk.proxy2/jdk.proxy2.$Proxy193.getSingleResult(Unknown Source) ~[na:na]
	at org.springframework.data.jpa.repository.query.JpaQueryExecution$SingleEntityExecution.doExecute(JpaQueryExecution.java:223) ~[spring-data-jpa-3.3.4.jar:3.3.4]
	at org.springframework.data.jpa.repository.query.JpaQueryExecution.execute(JpaQueryExecution.java:92) ~[spring-data-jpa-3.3.4.jar:3.3.4]
	at org.springframework.data.jpa.repository.query.AbstractJpaQuery.doExecute(AbstractJpaQuery.java:152) ~[spring-data-jpa-3.3.4.jar:3.3.4]
	at org.springframework.data.jpa.repository.query.AbstractJpaQuery.execute(AbstractJpaQuery.java:140) ~[spring-data-jpa-3.3.4.jar:3.3.4]
	at org.springframework.data.repository.core.support.RepositoryMethodInvoker.doInvoke(RepositoryMethodInvoker.java:170) ~[spring-data-commons-3.3.4.jar:3.3.4]
	at org.springframework.data.repository.core.support.RepositoryMethodInvoker.invoke(RepositoryMethodInvoker.java:158) ~[spring-data-commons-3.3.4.jar:3.3.4]
	at org.springframework.data.repository.core.support.QueryExecutorMethodInterceptor.doInvoke(QueryExecutorMethodInterceptor.java:169) ~[spring-data-commons-3.3.4.jar:3.3.4]
	at org.springframework.data.repository.core.support.QueryExecutorMethodInterceptor.invoke(QueryExecutorMethodInterceptor.java:148) ~[spring-data-commons-3.3.4.jar:3.3.4]
	at org.springframework.aop.framework.ReflectiveMethodInvocation.proceed(ReflectiveMethodInvocation.java:184) ~[spring-aop-6.1.13.jar:6.1.13]
	at org.springframework.data.projection.DefaultMethodInvokingMethodInterceptor.invoke(DefaultMethodInvokingMethodInterceptor.java:70) ~[spring-data-commons-3.3.4.jar:3.3.4]
	at org.springframework.aop.framework.ReflectiveMethodInvocation.proceed(ReflectiveMethodInvocation.java:184) ~[spring-aop-6.1.13.jar:6.1.13]
	at org.springframework.transaction.interceptor.TransactionAspectSupport.invokeWithinTransaction(TransactionAspectSupport.java:379) ~[spring-tx-6.1.13.jar:6.1.13]
	at org.springframework.transaction.interceptor.TransactionInterceptor.invoke(TransactionInterceptor.java:119) ~[spring-tx-6.1.13.jar:6.1.13]
	at org.springframework.aop.framework.ReflectiveMethodInvocation.proceed(ReflectiveMethodInvocation.java:184) ~[spring-aop-6.1.13.jar:6.1.13]
	at org.springframework.dao.support.PersistenceExceptionTranslationInterceptor.invoke(PersistenceExceptionTranslationInterceptor.java:138) ~[spring-tx-6.1.13.jar:6.1.13]
	... 69 common frames omitted
Caused by: java.sql.SQLTransientConnectionException: HikariPool-1 - Connection is not available, request timed out after 30012ms (total=0, active=0, idle=0, waiting=0)
	at com.zaxxer.hikari.pool.HikariPool.createTimeoutException(HikariPool.java:686) ~[HikariCP-5.1.0.jar:na]
	at com.zaxxer.hikari.pool.HikariPool.getConnection(HikariPool.java:179) ~[HikariCP-5.1.0.jar:na]
	at com.zaxxer.hikari.pool.HikariPool.getConnection(HikariPool.java:144) ~[HikariCP-5.1.0.jar:na]
	at com.zaxxer.hikari.HikariDataSource.getConnection(HikariDataSource.java:127) ~[HikariCP-5.1.0.jar:na]
	at org.hibernate.engine.jdbc.connections.internal.DatasourceConnectionProviderImpl.getConnection(DatasourceConnectionProviderImpl.java:122) ~[hibernate-core-6.5.3.Final.jar:6.5.3.Final]
	at org.hibernate.internal.NonContextualJdbcConnectionAccess.obtainConnection(NonContextualJdbcConnectionAccess.java:46) ~[hibernate-core-6.5.3.Final.jar:6.5.3.Final]
	at org.hibernate.resource.jdbc.internal.LogicalConnectionManagedImpl.acquireConnectionIfNeeded(LogicalConnectionManagedImpl.java:126) ~[hibernate-core-6.5.3.Final.jar:6.5.3.Final]
	... 114 common frames omitted
Caused by: com.mysql.cj.jdbc.exceptions.CommunicationsException: Communications link failure

The last packet sent successfully to the server was 0 milliseconds ago. The driver has not received any packets from the server.
	at com.mysql.cj.jdbc.exceptions.SQLError.createCommunicationsException(SQLError.java:174) ~[mysql-connector-j-8.3.0.jar:8.3.0]
	at com.mysql.cj.jdbc.exceptions.SQLExceptionsMapping.translateException(SQLExceptionsMapping.java:64) ~[mysql-connector-j-8.3.0.jar:8.3.0]
	at com.mysql.cj.jdbc.ConnectionImpl.createNewIO(ConnectionImpl.java:815) ~[mysql-connector-j-8.3.0.jar:8.3.0]
	at com.mysql.cj.jdbc.ConnectionImpl.<init>(ConnectionImpl.java:438) ~[mysql-connector-j-8.3.0.jar:8.3.0]
	at com.mysql.cj.jdbc.ConnectionImpl.getInstance(ConnectionImpl.java:241) ~[mysql-connector-j-8.3.0.jar:8.3.0]
	at com.mysql.cj.jdbc.NonRegisteringDriver.connect(NonRegisteringDriver.java:189) ~[mysql-connector-j-8.3.0.jar:8.3.0]
	at com.zaxxer.hikari.util.DriverDataSource.getConnection(DriverDataSource.java:137) ~[HikariCP-5.1.0.jar:na]
	at com.zaxxer.hikari.pool.PoolBase.newConnection(PoolBase.java:360) ~[HikariCP-5.1.0.jar:na]
	at com.zaxxer.hikari.pool.PoolBase.newPoolEntry(PoolBase.java:202) ~[HikariCP-5.1.0.jar:na]
	at com.zaxxer.hikari.pool.HikariPool.createPoolEntry(HikariPool.java:461) ~[HikariCP-5.1.0.jar:na]
	at com.zaxxer.hikari.pool.HikariPool$PoolEntryCreator.call(HikariPool.java:724) ~[HikariCP-5.1.0.jar:na]
	at com.zaxxer.hikari.pool.HikariPool$PoolEntryCreator.call(HikariPool.java:703) ~[HikariCP-5.1.0.jar:na]
	at java.base/java.util.concurrent.FutureTask.run(FutureTask.java:264) ~[na:na]
	at java.base/java.util.concurrent.ThreadPoolExecutor.runWorker(ThreadPoolExecutor.java:1136) ~[na:na]
	at java.base/java.util.concurrent.ThreadPoolExecutor$Worker.run(ThreadPoolExecutor.java:635) ~[na:na]
	... 1 common frames omitted
Caused by: com.mysql.cj.exceptions.CJCommunicationsException: Communications link failure

The last packet sent successfully to the server was 0 milliseconds ago. The driver has not received any packets from the server.
	at jdk.internal.reflect.GeneratedConstructorAccessor66.newInstance(Unknown Source) ~[na:na]
	at java.base/jdk.internal.reflect.DelegatingConstructorAccessorImpl.newInstance(DelegatingConstructorAccessorImpl.java:45) ~[na:na]
	at java.base/java.lang.reflect.Constructor.newInstanceWithCaller(Constructor.java:500) ~[na:na]
	at java.base/java.lang.reflect.Constructor.newInstance(Constructor.java:481) ~[na:na]
	at com.mysql.cj.exceptions.ExceptionFactory.createException(ExceptionFactory.java:61) ~[mysql-connector-j-8.3.0.jar:8.3.0]
	at com.mysql.cj.exceptions.ExceptionFactory.createException(ExceptionFactory.java:104) ~[mysql-connector-j-8.3.0.jar:8.3.0]
	at com.mysql.cj.exceptions.ExceptionFactory.createException(ExceptionFactory.java:149) ~[mysql-connector-j-8.3.0.jar:8.3.0]
	at com.mysql.cj.exceptions.ExceptionFactory.createCommunicationsException(ExceptionFactory.java:165) ~[mysql-connector-j-8.3.0.jar:8.3.0]
	at com.mysql.cj.protocol.a.NativeSocketConnection.connect(NativeSocketConnection.java:88) ~[mysql-connector-j-8.3.0.jar:8.3.0]
	at com.mysql.cj.NativeSession.connect(NativeSession.java:120) ~[mysql-connector-j-8.3.0.jar:8.3.0]
	at com.mysql.cj.jdbc.ConnectionImpl.connectOneTryOnly(ConnectionImpl.java:935) ~[mysql-connector-j-8.3.0.jar:8.3.0]
	at com.mysql.cj.jdbc.ConnectionImpl.createNewIO(ConnectionImpl.java:805) ~[mysql-connector-j-8.3.0.jar:8.3.0]
	... 13 common frames omitted
Caused by: java.net.ConnectException: Connection refused: getsockopt
	at java.base/sun.nio.ch.Net.pollConnect(Native Method) ~[na:na]
	at java.base/sun.nio.ch.Net.pollConnectNow(Net.java:672) ~[na:na]
	at java.base/sun.nio.ch.NioSocketImpl.timedFinishConnect(NioSocketImpl.java:547) ~[na:na]
	at java.base/sun.nio.ch.NioSocketImpl.connect(NioSocketImpl.java:602) ~[na:na]
	at java.base/java.net.SocksSocketImpl.connect(SocksSocketImpl.java:327) ~[na:na]
	at java.base/java.net.Socket.connect(Socket.java:633) ~[na:na]
	at com.mysql.cj.protocol.StandardSocketFactory.connect(StandardSocketFactory.java:153) ~[mysql-connector-j-8.3.0.jar:8.3.0]
	at com.mysql.cj.protocol.a.NativeSocketConnection.connect(NativeSocketConnection.java:62) ~[mysql-connector-j-8.3.0.jar:8.3.0]
	... 16 common frames omitted

2026-07-08T19:11:29.168-05:00 DEBUG 30052 --- [Backend_Login] [nio-8081-exec-9] o.s.security.web.FilterChainProxy        : Securing GET /error
2026-07-08T19:11:29.168-05:00 DEBUG 30052 --- [Backend_Login] [nio-8081-exec-9] o.s.s.w.a.AnonymousAuthenticationFilter  : Set SecurityContextHolder to anonymous SecurityContext
2026-07-08T19:11:29.169-05:00 DEBUG 30052 --- [Backend_Login] [nio-8081-exec-9] o.s.security.web.FilterChainProxy        : Secured GET /error
2026-07-08T19:11:29.172-05:00 DEBUG 30052 --- [Backend_Login] [nio-8081-exec-9] o.s.security.web.FilterChainProxy        : Securing GET /api/notificaciones/contador
Hibernate: select u1_0.id_usuario,u1_0.celular_usuario,u1_0.ciudad_usuario,u1_0.contrasena_usuario,u1_0.correo_usuario,u1_0.estado_usuario,u1_0.fecha_registro_usuario,u1_0.id_rol,u1_0.nombre_usuario from usuario u1_0 where u1_0.correo_usuario=?
2026-07-08T19:11:59.092-05:00 DEBUG 30052 --- [Backend_Login] [nio-8081-exec-8] o.s.security.web.FilterChainProxy        : Securing OPTIONS /api/notificaciones/contador
2026-07-08T19:11:59.182-05:00  WARN 30052 --- [Backend_Login] [nio-8081-exec-9] o.h.engine.jdbc.spi.SqlExceptionHelper   : SQL Error: 0, SQLState: 08S01
2026-07-08T19:11:59.182-05:00 ERROR 30052 --- [Backend_Login] [nio-8081-exec-9] o.h.engine.jdbc.spi.SqlExceptionHelper   : HikariPool-1 - Connection is not available, request timed out after 30003ms (total=0, active=0, idle=0, waiting=0)
2026-07-08T19:11:59.182-05:00 ERROR 30052 --- [Backend_Login] [nio-8081-exec-9] o.h.engine.jdbc.spi.SqlExceptionHelper   : Communications link failure

The last packet sent successfully to the server was 0 milliseconds ago. The driver has not received any packets from the server.
2026-07-08T19:11:59.183-05:00 ERROR 30052 --- [Backend_Login] [nio-8081-exec-9] o.a.c.c.C.[.[.[/].[dispatcherServlet]    : Servlet.service() for servlet [dispatcherServlet] in context with path [] threw exception

org.springframework.dao.DataAccessResourceFailureException: Unable to acquire JDBC Connection [HikariPool-1 - Connection is not available, request timed out after 30003ms (total=0, active=0, idle=0, waiting=0)] [n/a]
	at org.springframework.orm.jpa.vendor.HibernateJpaDialect.convertHibernateAccessException(HibernateJpaDialect.java:274) ~[spring-orm-6.1.13.jar:6.1.13]
	at org.springframework.orm.jpa.vendor.HibernateJpaDialect.translateExceptionIfPossible(HibernateJpaDialect.java:241) ~[spring-orm-6.1.13.jar:6.1.13]
	at org.springframework.orm.jpa.AbstractEntityManagerFactoryBean.translateExceptionIfPossible(AbstractEntityManagerFactoryBean.java:550) ~[spring-orm-6.1.13.jar:6.1.13]
	at org.springframework.dao.support.ChainedPersistenceExceptionTranslator.translateExceptionIfPossible(ChainedPersistenceExceptionTranslator.java:61) ~[spring-tx-6.1.13.jar:6.1.13]
	at org.springframework.dao.support.DataAccessUtils.translateIfNecessary(DataAccessUtils.java:335) ~[spring-tx-6.1.13.jar:6.1.13]
	at org.springframework.dao.support.PersistenceExceptionTranslationInterceptor.invoke(PersistenceExceptionTranslationInterceptor.java:160) ~[spring-tx-6.1.13.jar:6.1.13]
	at org.springframework.aop.framework.ReflectiveMethodInvocation.proceed(ReflectiveMethodInvocation.java:184) ~[spring-aop-6.1.13.jar:6.1.13]
	at org.springframework.data.jpa.repository.support.CrudMethodMetadataPostProcessor$CrudMethodMetadataPopulatingMethodInterceptor.invoke(CrudMethodMetadataPostProcessor.java:136) ~[spring-data-jpa-3.3.4.jar:3.3.4]
	at org.springframework.aop.framework.ReflectiveMethodInvocation.proceed(ReflectiveMethodInvocation.java:184) ~[spring-aop-6.1.13.jar:6.1.13]
	at org.springframework.aop.interceptor.ExposeInvocationInterceptor.invoke(ExposeInvocationInterceptor.java:97) ~[spring-aop-6.1.13.jar:6.1.13]
	at org.springframework.aop.framework.ReflectiveMethodInvocation.proceed(ReflectiveMethodInvocation.java:184) ~[spring-aop-6.1.13.jar:6.1.13]
	at org.springframework.aop.framework.JdkDynamicAopProxy.invoke(JdkDynamicAopProxy.java:223) ~[spring-aop-6.1.13.jar:6.1.13]
	at jdk.proxy2/jdk.proxy2.$Proxy141.findByCorreoUsuario(Unknown Source) ~[na:na]
	at com.interivalle.Security.UserDetailsServiceImpl.loadUserByUsername(UserDetailsServiceImpl.java:22) ~[classes/:na]
	at com.interivalle.Security.JwtAuthFilter.doFilterInternal(JwtAuthFilter.java:52) ~[classes/:na]
	at org.springframework.web.filter.OncePerRequestFilter.doFilter(OncePerRequestFilter.java:116) ~[spring-web-6.1.13.jar:6.1.13]
	at org.springframework.security.web.FilterChainProxy$VirtualFilterChain.doFilter(FilterChainProxy.java:374) ~[spring-security-web-6.3.3.jar:6.3.3]
	at org.springframework.security.web.authentication.logout.LogoutFilter.doFilter(LogoutFilter.java:107) ~[spring-security-web-6.3.3.jar:6.3.3]
	at org.springframework.security.web.authentication.logout.LogoutFilter.doFilter(LogoutFilter.java:93) ~[spring-security-web-6.3.3.jar:6.3.3]
	at org.springframework.security.web.FilterChainProxy$VirtualFilterChain.doFilter(FilterChainProxy.java:374) ~[spring-security-web-6.3.3.jar:6.3.3]
	at org.springframework.web.filter.CorsFilter.doFilterInternal(CorsFilter.java:91) ~[spring-web-6.1.13.jar:6.1.13]
	at org.springframework.web.filter.OncePerRequestFilter.doFilter(OncePerRequestFilter.java:116) ~[spring-web-6.1.13.jar:6.1.13]
	at org.springframework.security.web.FilterChainProxy$VirtualFilterChain.doFilter(FilterChainProxy.java:374) ~[spring-security-web-6.3.3.jar:6.3.3]
	at org.springframework.security.web.header.HeaderWriterFilter.doHeadersAfter(HeaderWriterFilter.java:90) ~[spring-security-web-6.3.3.jar:6.3.3]
	at org.springframework.security.web.header.HeaderWriterFilter.doFilterInternal(HeaderWriterFilter.java:75) ~[spring-security-web-6.3.3.jar:6.3.3]
	at org.springframework.web.filter.OncePerRequestFilter.doFilter(OncePerRequestFilter.java:116) ~[spring-web-6.1.13.jar:6.1.13]
	at org.springframework.security.web.FilterChainProxy$VirtualFilterChain.doFilter(FilterChainProxy.java:374) ~[spring-security-web-6.3.3.jar:6.3.3]
	at org.springframework.security.web.context.SecurityContextHolderFilter.doFilter(SecurityContextHolderFilter.java:82) ~[spring-security-web-6.3.3.jar:6.3.3]
	at org.springframework.security.web.context.SecurityContextHolderFilter.doFilter(SecurityContextHolderFilter.java:69) ~[spring-security-web-6.3.3.jar:6.3.3]
	at org.springframework.security.web.FilterChainProxy$VirtualFilterChain.doFilter(FilterChainProxy.java:374) ~[spring-security-web-6.3.3.jar:6.3.3]
	at org.springframework.security.web.context.request.async.WebAsyncManagerIntegrationFilter.doFilterInternal(WebAsyncManagerIntegrationFilter.java:62) ~[spring-security-web-6.3.3.jar:6.3.3]
	at org.springframework.web.filter.OncePerRequestFilter.doFilter(OncePerRequestFilter.java:116) ~[spring-web-6.1.13.jar:6.1.13]
	at org.springframework.security.web.FilterChainProxy$VirtualFilterChain.doFilter(FilterChainProxy.java:374) ~[spring-security-web-6.3.3.jar:6.3.3]
	at org.springframework.security.web.session.DisableEncodeUrlFilter.doFilterInternal(DisableEncodeUrlFilter.java:42) ~[spring-security-web-6.3.3.jar:6.3.3]
	at org.springframework.web.filter.OncePerRequestFilter.doFilter(OncePerRequestFilter.java:116) ~[spring-web-6.1.13.jar:6.1.13]
	at org.springframework.security.web.FilterChainProxy$VirtualFilterChain.doFilter(FilterChainProxy.java:374) ~[spring-security-web-6.3.3.jar:6.3.3]
	at org.springframework.security.web.FilterChainProxy.doFilterInternal(FilterChainProxy.java:233) ~[spring-security-web-6.3.3.jar:6.3.3]
	at org.springframework.security.web.FilterChainProxy.doFilter(FilterChainProxy.java:191) ~[spring-security-web-6.3.3.jar:6.3.3]
	at org.springframework.web.filter.CompositeFilter$VirtualFilterChain.doFilter(CompositeFilter.java:113) ~[spring-web-6.1.13.jar:6.1.13]
	at org.springframework.web.servlet.handler.HandlerMappingIntrospector.lambda$createCacheFilter$3(HandlerMappingIntrospector.java:195) ~[spring-webmvc-6.1.13.jar:6.1.13]
	at org.springframework.web.filter.CompositeFilter$VirtualFilterChain.doFilter(CompositeFilter.java:113) ~[spring-web-6.1.13.jar:6.1.13]
	at org.springframework.web.filter.CompositeFilter.doFilter(CompositeFilter.java:74) ~[spring-web-6.1.13.jar:6.1.13]
	at org.springframework.security.config.annotation.web.configuration.WebMvcSecurityConfiguration$CompositeFilterChainProxy.doFilter(WebMvcSecurityConfiguration.java:230) ~[spring-security-config-6.3.3.jar:6.3.3]
	at org.springframework.web.filter.DelegatingFilterProxy.invokeDelegate(DelegatingFilterProxy.java:352) ~[spring-web-6.1.13.jar:6.1.13]
	at org.springframework.web.filter.DelegatingFilterProxy.doFilter(DelegatingFilterProxy.java:268) ~[spring-web-6.1.13.jar:6.1.13]
	at org.apache.catalina.core.ApplicationFilterChain.internalDoFilter(ApplicationFilterChain.java:164) ~[tomcat-embed-core-10.1.30.jar:10.1.30]
	at org.apache.catalina.core.ApplicationFilterChain.doFilter(ApplicationFilterChain.java:140) ~[tomcat-embed-core-10.1.30.jar:10.1.30]
	at org.springframework.web.filter.RequestContextFilter.doFilterInternal(RequestContextFilter.java:100) ~[spring-web-6.1.13.jar:6.1.13]
	at org.springframework.web.filter.OncePerRequestFilter.doFilter(OncePerRequestFilter.java:116) ~[spring-web-6.1.13.jar:6.1.13]
	at org.apache.catalina.core.ApplicationFilterChain.internalDoFilter(ApplicationFilterChain.java:164) ~[tomcat-embed-core-10.1.30.jar:10.1.30]
	at org.apache.catalina.core.ApplicationFilterChain.doFilter(ApplicationFilterChain.java:140) ~[tomcat-embed-core-10.1.30.jar:10.1.30]
	at org.springframework.web.filter.FormContentFilter.doFilterInternal(FormContentFilter.java:93) ~[spring-web-6.1.13.jar:6.1.13]
	at org.springframework.web.filter.OncePerRequestFilter.doFilter(OncePerRequestFilter.java:116) ~[spring-web-6.1.13.jar:6.1.13]
	at org.apache.catalina.core.ApplicationFilterChain.internalDoFilter(ApplicationFilterChain.java:164) ~[tomcat-embed-core-10.1.30.jar:10.1.30]
	at org.apache.catalina.core.ApplicationFilterChain.doFilter(ApplicationFilterChain.java:140) ~[tomcat-embed-core-10.1.30.jar:10.1.30]
	at org.springframework.web.filter.CharacterEncodingFilter.doFilterInternal(CharacterEncodingFilter.java:201) ~[spring-web-6.1.13.jar:6.1.13]
	at org.springframework.web.filter.OncePerRequestFilter.doFilter(OncePerRequestFilter.java:116) ~[spring-web-6.1.13.jar:6.1.13]
	at org.apache.catalina.core.ApplicationFilterChain.internalDoFilter(ApplicationFilterChain.java:164) ~[tomcat-embed-core-10.1.30.jar:10.1.30]
	at org.apache.catalina.core.ApplicationFilterChain.doFilter(ApplicationFilterChain.java:140) ~[tomcat-embed-core-10.1.30.jar:10.1.30]
	at org.apache.catalina.core.StandardWrapperValve.invoke(StandardWrapperValve.java:167) ~[tomcat-embed-core-10.1.30.jar:10.1.30]
	at org.apache.catalina.core.StandardContextValve.invoke(StandardContextValve.java:90) ~[tomcat-embed-core-10.1.30.jar:10.1.30]
	at org.apache.catalina.authenticator.AuthenticatorBase.invoke(AuthenticatorBase.java:483) ~[tomcat-embed-core-10.1.30.jar:10.1.30]
	at org.apache.catalina.core.StandardHostValve.invoke(StandardHostValve.java:115) ~[tomcat-embed-core-10.1.30.jar:10.1.30]
	at org.apache.catalina.valves.ErrorReportValve.invoke(ErrorReportValve.java:93) ~[tomcat-embed-core-10.1.30.jar:10.1.30]
	at org.apache.catalina.core.StandardEngineValve.invoke(StandardEngineValve.java:74) ~[tomcat-embed-core-10.1.30.jar:10.1.30]
	at org.apache.catalina.connector.CoyoteAdapter.service(CoyoteAdapter.java:344) ~[tomcat-embed-core-10.1.30.jar:10.1.30]
	at org.apache.coyote.http11.Http11Processor.service(Http11Processor.java:384) ~[tomcat-embed-core-10.1.30.jar:10.1.30]
	at org.apache.coyote.AbstractProcessorLight.process(AbstractProcessorLight.java:63) ~[tomcat-embed-core-10.1.30.jar:10.1.30]
	at org.apache.coyote.AbstractProtocol$ConnectionHandler.process(AbstractProtocol.java:905) ~[tomcat-embed-core-10.1.30.jar:10.1.30]
	at org.apache.tomcat.util.net.NioEndpoint$SocketProcessor.doRun(NioEndpoint.java:1741) ~[tomcat-embed-core-10.1.30.jar:10.1.30]
	at org.apache.tomcat.util.net.SocketProcessorBase.run(SocketProcessorBase.java:52) ~[tomcat-embed-core-10.1.30.jar:10.1.30]
	at org.apache.tomcat.util.threads.ThreadPoolExecutor.runWorker(ThreadPoolExecutor.java:1190) ~[tomcat-embed-core-10.1.30.jar:10.1.30]
	at org.apache.tomcat.util.threads.ThreadPoolExecutor$Worker.run(ThreadPoolExecutor.java:659) ~[tomcat-embed-core-10.1.30.jar:10.1.30]
	at org.apache.tomcat.util.threads.TaskThread$WrappingRunnable.run(TaskThread.java:63) ~[tomcat-embed-core-10.1.30.jar:10.1.30]
	at java.base/java.lang.Thread.run(Thread.java:840) ~[na:na]
Caused by: org.hibernate.exception.JDBCConnectionException: Unable to acquire JDBC Connection [HikariPool-1 - Connection is not available, request timed out after 30003ms (total=0, active=0, idle=0, waiting=0)] [n/a]
	at org.hibernate.exception.internal.SQLExceptionTypeDelegate.convert(SQLExceptionTypeDelegate.java:51) ~[hibernate-core-6.5.3.Final.jar:6.5.3.Final]
	at org.hibernate.exception.internal.StandardSQLExceptionConverter.convert(StandardSQLExceptionConverter.java:58) ~[hibernate-core-6.5.3.Final.jar:6.5.3.Final]
	at org.hibernate.engine.jdbc.spi.SqlExceptionHelper.convert(SqlExceptionHelper.java:108) ~[hibernate-core-6.5.3.Final.jar:6.5.3.Final]
	at org.hibernate.engine.jdbc.spi.SqlExceptionHelper.convert(SqlExceptionHelper.java:94) ~[hibernate-core-6.5.3.Final.jar:6.5.3.Final]
	at org.hibernate.resource.jdbc.internal.LogicalConnectionManagedImpl.acquireConnectionIfNeeded(LogicalConnectionManagedImpl.java:129) ~[hibernate-core-6.5.3.Final.jar:6.5.3.Final]
	at org.hibernate.resource.jdbc.internal.LogicalConnectionManagedImpl.getPhysicalConnection(LogicalConnectionManagedImpl.java:156) ~[hibernate-core-6.5.3.Final.jar:6.5.3.Final]
	at org.hibernate.engine.jdbc.internal.StatementPreparerImpl.connection(StatementPreparerImpl.java:54) ~[hibernate-core-6.5.3.Final.jar:6.5.3.Final]
	at org.hibernate.engine.jdbc.internal.StatementPreparerImpl$5.doPrepare(StatementPreparerImpl.java:153) ~[hibernate-core-6.5.3.Final.jar:6.5.3.Final]
	at org.hibernate.engine.jdbc.internal.StatementPreparerImpl$StatementPreparationTemplate.prepareStatement(StatementPreparerImpl.java:183) ~[hibernate-core-6.5.3.Final.jar:6.5.3.Final]
	at org.hibernate.engine.jdbc.internal.StatementPreparerImpl.prepareQueryStatement(StatementPreparerImpl.java:155) ~[hibernate-core-6.5.3.Final.jar:6.5.3.Final]
	at org.hibernate.sql.exec.spi.JdbcSelectExecutor.lambda$list$0(JdbcSelectExecutor.java:85) ~[hibernate-core-6.5.3.Final.jar:6.5.3.Final]
	at org.hibernate.sql.results.jdbc.internal.DeferredResultSetAccess.executeQuery(DeferredResultSetAccess.java:231) ~[hibernate-core-6.5.3.Final.jar:6.5.3.Final]
	at org.hibernate.sql.results.jdbc.internal.DeferredResultSetAccess.getResultSet(DeferredResultSetAccess.java:167) ~[hibernate-core-6.5.3.Final.jar:6.5.3.Final]
	at org.hibernate.sql.results.jdbc.internal.JdbcValuesResultSetImpl.advanceNext(JdbcValuesResultSetImpl.java:265) ~[hibernate-core-6.5.3.Final.jar:6.5.3.Final]
	at org.hibernate.sql.results.jdbc.internal.JdbcValuesResultSetImpl.processNext(JdbcValuesResultSetImpl.java:145) ~[hibernate-core-6.5.3.Final.jar:6.5.3.Final]
	at org.hibernate.sql.results.jdbc.internal.AbstractJdbcValues.next(AbstractJdbcValues.java:19) ~[hibernate-core-6.5.3.Final.jar:6.5.3.Final]
	at org.hibernate.sql.results.internal.RowProcessingStateStandardImpl.next(RowProcessingStateStandardImpl.java:67) ~[hibernate-core-6.5.3.Final.jar:6.5.3.Final]
	at org.hibernate.sql.results.spi.ListResultsConsumer.consume(ListResultsConsumer.java:204) ~[hibernate-core-6.5.3.Final.jar:6.5.3.Final]
	at org.hibernate.sql.results.spi.ListResultsConsumer.consume(ListResultsConsumer.java:33) ~[hibernate-core-6.5.3.Final.jar:6.5.3.Final]
	at org.hibernate.sql.exec.internal.JdbcSelectExecutorStandardImpl.doExecuteQuery(JdbcSelectExecutorStandardImpl.java:211) ~[hibernate-core-6.5.3.Final.jar:6.5.3.Final]
	at org.hibernate.sql.exec.internal.JdbcSelectExecutorStandardImpl.executeQuery(JdbcSelectExecutorStandardImpl.java:83) ~[hibernate-core-6.5.3.Final.jar:6.5.3.Final]
	at org.hibernate.sql.exec.spi.JdbcSelectExecutor.list(JdbcSelectExecutor.java:76) ~[hibernate-core-6.5.3.Final.jar:6.5.3.Final]
	at org.hibernate.sql.exec.spi.JdbcSelectExecutor.list(JdbcSelectExecutor.java:65) ~[hibernate-core-6.5.3.Final.jar:6.5.3.Final]
	at org.hibernate.query.sqm.internal.ConcreteSqmSelectQueryPlan.lambda$new$2(ConcreteSqmSelectQueryPlan.java:139) ~[hibernate-core-6.5.3.Final.jar:6.5.3.Final]
	at org.hibernate.query.sqm.internal.ConcreteSqmSelectQueryPlan.withCacheableSqmInterpretation(ConcreteSqmSelectQueryPlan.java:382) ~[hibernate-core-6.5.3.Final.jar:6.5.3.Final]
	at org.hibernate.query.sqm.internal.ConcreteSqmSelectQueryPlan.performList(ConcreteSqmSelectQueryPlan.java:302) ~[hibernate-core-6.5.3.Final.jar:6.5.3.Final]
	at org.hibernate.query.sqm.internal.QuerySqmImpl.doList(QuerySqmImpl.java:526) ~[hibernate-core-6.5.3.Final.jar:6.5.3.Final]
	at org.hibernate.query.spi.AbstractSelectionQuery.list(AbstractSelectionQuery.java:423) ~[hibernate-core-6.5.3.Final.jar:6.5.3.Final]
	at org.hibernate.query.spi.AbstractSelectionQuery.getSingleResult(AbstractSelectionQuery.java:555) ~[hibernate-core-6.5.3.Final.jar:6.5.3.Final]
	at java.base/jdk.internal.reflect.NativeMethodAccessorImpl.invoke0(Native Method) ~[na:na]
	at java.base/jdk.internal.reflect.NativeMethodAccessorImpl.invoke(NativeMethodAccessorImpl.java:77) ~[na:na]
	at java.base/jdk.internal.reflect.DelegatingMethodAccessorImpl.invoke(DelegatingMethodAccessorImpl.java:43) ~[na:na]
	at java.base/java.lang.reflect.Method.invoke(Method.java:569) ~[na:na]
	at org.springframework.orm.jpa.SharedEntityManagerCreator$DeferredQueryInvocationHandler.invoke(SharedEntityManagerCreator.java:418) ~[spring-orm-6.1.13.jar:6.1.13]
	at jdk.proxy2/jdk.proxy2.$Proxy193.getSingleResult(Unknown Source) ~[na:na]
	at org.springframework.data.jpa.repository.query.JpaQueryExecution$SingleEntityExecution.doExecute(JpaQueryExecution.java:223) ~[spring-data-jpa-3.3.4.jar:3.3.4]
	at org.springframework.data.jpa.repository.query.JpaQueryExecution.execute(JpaQueryExecution.java:92) ~[spring-data-jpa-3.3.4.jar:3.3.4]
	at org.springframework.data.jpa.repository.query.AbstractJpaQuery.doExecute(AbstractJpaQuery.java:152) ~[spring-data-jpa-3.3.4.jar:3.3.4]
	at org.springframework.data.jpa.repository.query.AbstractJpaQuery.execute(AbstractJpaQuery.java:140) ~[spring-data-jpa-3.3.4.jar:3.3.4]
	at org.springframework.data.repository.core.support.RepositoryMethodInvoker.doInvoke(RepositoryMethodInvoker.java:170) ~[spring-data-commons-3.3.4.jar:3.3.4]
	at org.springframework.data.repository.core.support.RepositoryMethodInvoker.invoke(RepositoryMethodInvoker.java:158) ~[spring-data-commons-3.3.4.jar:3.3.4]
	at org.springframework.data.repository.core.support.QueryExecutorMethodInterceptor.doInvoke(QueryExecutorMethodInterceptor.java:169) ~[spring-data-commons-3.3.4.jar:3.3.4]
	at org.springframework.data.repository.core.support.QueryExecutorMethodInterceptor.invoke(QueryExecutorMethodInterceptor.java:148) ~[spring-data-commons-3.3.4.jar:3.3.4]
	at org.springframework.aop.framework.ReflectiveMethodInvocation.proceed(ReflectiveMethodInvocation.java:184) ~[spring-aop-6.1.13.jar:6.1.13]
	at org.springframework.data.projection.DefaultMethodInvokingMethodInterceptor.invoke(DefaultMethodInvokingMethodInterceptor.java:70) ~[spring-data-commons-3.3.4.jar:3.3.4]
	at org.springframework.aop.framework.ReflectiveMethodInvocation.proceed(ReflectiveMethodInvocation.java:184) ~[spring-aop-6.1.13.jar:6.1.13]
	at org.springframework.transaction.interceptor.TransactionAspectSupport.invokeWithinTransaction(TransactionAspectSupport.java:379) ~[spring-tx-6.1.13.jar:6.1.13]
	at org.springframework.transaction.interceptor.TransactionInterceptor.invoke(TransactionInterceptor.java:119) ~[spring-tx-6.1.13.jar:6.1.13]
	at org.springframework.aop.framework.ReflectiveMethodInvocation.proceed(ReflectiveMethodInvocation.java:184) ~[spring-aop-6.1.13.jar:6.1.13]
	at org.springframework.dao.support.PersistenceExceptionTranslationInterceptor.invoke(PersistenceExceptionTranslationInterceptor.java:138) ~[spring-tx-6.1.13.jar:6.1.13]
	... 69 common frames omitted
Caused by: java.sql.SQLTransientConnectionException: HikariPool-1 - Connection is not available, request timed out after 30003ms (total=0, active=0, idle=0, waiting=0)
	at com.zaxxer.hikari.pool.HikariPool.createTimeoutException(HikariPool.java:686) ~[HikariCP-5.1.0.jar:na]
	at com.zaxxer.hikari.pool.HikariPool.getConnection(HikariPool.java:179) ~[HikariCP-5.1.0.jar:na]
	at com.zaxxer.hikari.pool.HikariPool.getConnection(HikariPool.java:144) ~[HikariCP-5.1.0.jar:na]
	at com.zaxxer.hikari.HikariDataSource.getConnection(HikariDataSource.java:127) ~[HikariCP-5.1.0.jar:na]
	at org.hibernate.engine.jdbc.connections.internal.DatasourceConnectionProviderImpl.getConnection(DatasourceConnectionProviderImpl.java:122) ~[hibernate-core-6.5.3.Final.jar:6.5.3.Final]
	at org.hibernate.internal.NonContextualJdbcConnectionAccess.obtainConnection(NonContextualJdbcConnectionAccess.java:46) ~[hibernate-core-6.5.3.Final.jar:6.5.3.Final]
	at org.hibernate.resource.jdbc.internal.LogicalConnectionManagedImpl.acquireConnectionIfNeeded(LogicalConnectionManagedImpl.java:126) ~[hibernate-core-6.5.3.Final.jar:6.5.3.Final]
	... 114 common frames omitted
Caused by: com.mysql.cj.jdbc.exceptions.CommunicationsException: Communications link failure

The last packet sent successfully to the server was 0 milliseconds ago. The driver has not received any packets from the server.
	at com.mysql.cj.jdbc.exceptions.SQLError.createCommunicationsException(SQLError.java:174) ~[mysql-connector-j-8.3.0.jar:8.3.0]
	at com.mysql.cj.jdbc.exceptions.SQLExceptionsMapping.translateException(SQLExceptionsMapping.java:64) ~[mysql-connector-j-8.3.0.jar:8.3.0]
	at com.mysql.cj.jdbc.ConnectionImpl.createNewIO(ConnectionImpl.java:815) ~[mysql-connector-j-8.3.0.jar:8.3.0]
	at com.mysql.cj.jdbc.ConnectionImpl.<init>(ConnectionImpl.java:438) ~[mysql-connector-j-8.3.0.jar:8.3.0]
	at com.mysql.cj.jdbc.ConnectionImpl.getInstance(ConnectionImpl.java:241) ~[mysql-connector-j-8.3.0.jar:8.3.0]
	at com.mysql.cj.jdbc.NonRegisteringDriver.connect(NonRegisteringDriver.java:189) ~[mysql-connector-j-8.3.0.jar:8.3.0]
	at com.zaxxer.hikari.util.DriverDataSource.getConnection(DriverDataSource.java:137) ~[HikariCP-5.1.0.jar:na]
	at com.zaxxer.hikari.pool.PoolBase.newConnection(PoolBase.java:360) ~[HikariCP-5.1.0.jar:na]
	at com.zaxxer.hikari.pool.PoolBase.newPoolEntry(PoolBase.java:202) ~[HikariCP-5.1.0.jar:na]
	at com.zaxxer.hikari.pool.HikariPool.createPoolEntry(HikariPool.java:461) ~[HikariCP-5.1.0.jar:na]
	at com.zaxxer.hikari.pool.HikariPool$PoolEntryCreator.call(HikariPool.java:724) ~[HikariCP-5.1.0.jar:na]
	at com.zaxxer.hikari.pool.HikariPool$PoolEntryCreator.call(HikariPool.java:703) ~[HikariCP-5.1.0.jar:na]
	at java.base/java.util.concurrent.FutureTask.run(FutureTask.java:264) ~[na:na]
	at java.base/java.util.concurrent.ThreadPoolExecutor.runWorker(ThreadPoolExecutor.java:1136) ~[na:na]
	at java.base/java.util.concurrent.ThreadPoolExecutor$Worker.run(ThreadPoolExecutor.java:635) ~[na:na]
	... 1 common frames omitted
Caused by: com.mysql.cj.exceptions.CJCommunicationsException: Communications link failure

The last packet sent successfully to the server was 0 milliseconds ago. The driver has not received any packets from the server.
	at jdk.internal.reflect.GeneratedConstructorAccessor66.newInstance(Unknown Source) ~[na:na]
	at java.base/jdk.internal.reflect.DelegatingConstructorAccessorImpl.newInstance(DelegatingConstructorAccessorImpl.java:45) ~[na:na]
	at java.base/java.lang.reflect.Constructor.newInstanceWithCaller(Constructor.java:500) ~[na:na]
	at java.base/java.lang.reflect.Constructor.newInstance(Constructor.java:481) ~[na:na]
	at com.mysql.cj.exceptions.ExceptionFactory.createException(ExceptionFactory.java:61) ~[mysql-connector-j-8.3.0.jar:8.3.0]
	at com.mysql.cj.exceptions.ExceptionFactory.createException(ExceptionFactory.java:104) ~[mysql-connector-j-8.3.0.jar:8.3.0]
	at com.mysql.cj.exceptions.ExceptionFactory.createException(ExceptionFactory.java:149) ~[mysql-connector-j-8.3.0.jar:8.3.0]
	at com.mysql.cj.exceptions.ExceptionFactory.createCommunicationsException(ExceptionFactory.java:165) ~[mysql-connector-j-8.3.0.jar:8.3.0]
	at com.mysql.cj.protocol.a.NativeSocketConnection.connect(NativeSocketConnection.java:88) ~[mysql-connector-j-8.3.0.jar:8.3.0]
	at com.mysql.cj.NativeSession.connect(NativeSession.java:120) ~[mysql-connector-j-8.3.0.jar:8.3.0]
	at com.mysql.cj.jdbc.ConnectionImpl.connectOneTryOnly(ConnectionImpl.java:935) ~[mysql-connector-j-8.3.0.jar:8.3.0]
	at com.mysql.cj.jdbc.ConnectionImpl.createNewIO(ConnectionImpl.java:805) ~[mysql-connector-j-8.3.0.jar:8.3.0]
	... 13 common frames omitted
Caused by: java.net.ConnectException: Connection refused: getsockopt
	at java.base/sun.nio.ch.Net.pollConnect(Native Method) ~[na:na]
	at java.base/sun.nio.ch.Net.pollConnectNow(Net.java:672) ~[na:na]
	at java.base/sun.nio.ch.NioSocketImpl.timedFinishConnect(NioSocketImpl.java:547) ~[na:na]
	at java.base/sun.nio.ch.NioSocketImpl.connect(NioSocketImpl.java:602) ~[na:na]
	at java.base/java.net.SocksSocketImpl.connect(SocksSocketImpl.java:327) ~[na:na]
	at java.base/java.net.Socket.connect(Socket.java:633) ~[na:na]
	at com.mysql.cj.protocol.StandardSocketFactory.connect(StandardSocketFactory.java:153) ~[mysql-connector-j-8.3.0.jar:8.3.0]
	at com.mysql.cj.protocol.a.NativeSocketConnection.connect(NativeSocketConnection.java:62) ~[mysql-connector-j-8.3.0.jar:8.3.0]
	... 16 common frames omitted

2026-07-08T19:11:59.187-05:00 DEBUG 30052 --- [Backend_Login] [nio-8081-exec-9] o.s.security.web.FilterChainProxy        : Securing GET /error
2026-07-08T19:11:59.187-05:00 DEBUG 30052 --- [Backend_Login] [nio-8081-exec-9] o.s.s.w.a.AnonymousAuthenticationFilter  : Set SecurityContextHolder to anonymous SecurityContext
2026-07-08T19:11:59.188-05:00 DEBUG 30052 --- [Backend_Login] [nio-8081-exec-9] o.s.security.web.FilterChainProxy        : Secured GET /error
2026-07-08T19:11:59.192-05:00 DEBUG 30052 --- [Backend_Login] [nio-8081-exec-3] o.s.security.web.FilterChainProxy        : Securing GET /api/notificaciones/contador
Hibernate: select u1_0.id_usuario,u1_0.celular_usuario,u1_0.ciudad_usuario,u1_0.contrasena_usuario,u1_0.correo_usuario,u1_0.estado_usuario,u1_0.fecha_registro_usuario,u1_0.id_rol,u1_0.nombre_usuario from usuario u1_0 where u1_0.correo_usuario=?
2026-07-08T19:12:19.134-05:00 DEBUG 30052 --- [Backend_Login] [io-8081-exec-10] o.s.security.web.FilterChainProxy        : Securing OPTIONS /api/notificaciones/contador
2026-07-08T19:12:19.137-05:00 DEBUG 30052 --- [Backend_Login] [nio-8081-exec-7] o.s.security.web.FilterChainProxy        : Securing GET /api/notificaciones/contador
2026-07-08T19:12:19.138-05:00 DEBUG 30052 --- [Backend_Login] [nio-8081-exec-7] o.s.s.w.a.AnonymousAuthenticationFilter  : Set SecurityContextHolder to anonymous SecurityContext
2026-07-08T19:12:19.139-05:00 DEBUG 30052 --- [Backend_Login] [nio-8081-exec-7] o.s.s.w.a.Http403ForbiddenEntryPoint     : Pre-authenticated entry point called. Rejecting access
2026-07-08T19:12:19.140-05:00 DEBUG 30052 --- [Backend_Login] [nio-8081-exec-7] o.s.security.web.FilterChainProxy        : Securing GET /error
2026-07-08T19:12:19.142-05:00 DEBUG 30052 --- [Backend_Login] [nio-8081-exec-7] o.s.security.web.FilterChainProxy        : Secured GET /error
2026-07-08T19:12:19.145-05:00 DEBUG 30052 --- [Backend_Login] [nio-8081-exec-7] o.s.s.w.a.AnonymousAuthenticationFilter  : Set SecurityContextHolder to anonymous SecurityContext
2026-07-08T19:12:22.940-05:00 DEBUG 30052 --- [Backend_Login] [nio-8081-exec-3] o.s.security.web.FilterChainProxy        : Secured GET /api/notificaciones/contador
Hibernate: select u1_0.id_usuario,u1_0.celular_usuario,u1_0.ciudad_usuario,u1_0.contrasena_usuario,u1_0.correo_usuario,u1_0.estado_usuario,u1_0.fecha_registro_usuario,u1_0.id_rol,u1_0.nombre_usuario from usuario u1_0 where u1_0.correo_usuario=?
Hibernate: select count(n1_0.id_notificacion) from notificacion n1_0 where n1_0.id_usuario_destino=? and not(n1_0.leida)
2026-07-08T19:12:29.085-05:00 DEBUG 30052 --- [Backend_Login] [nio-8081-exec-6] o.s.security.web.FilterChainProxy        : Securing OPTIONS /api/notificaciones/contador
2026-07-08T19:12:29.088-05:00 DEBUG 30052 --- [Backend_Login] [nio-8081-exec-1] o.s.security.web.FilterChainProxy        : Securing GET /api/notificaciones/contador
Hibernate: select u1_0.id_usuario,u1_0.celular_usuario,u1_0.ciudad_usuario,u1_0.contrasena_usuario,u1_0.correo_usuario,u1_0.estado_usuario,u1_0.fecha_registro_usuario,u1_0.id_rol,u1_0.nombre_usuario from usuario u1_0 where u1_0.correo_usuario=?
2026-07-08T19:12:29.095-05:00 DEBUG 30052 --- [Backend_Login] [nio-8081-exec-1] o.s.security.web.FilterChainProxy        : Secured GET /api/notificaciones/contador
Hibernate: select u1_0.id_usuario,u1_0.celular_usuario,u1_0.ciudad_usuario,u1_0.contrasena_usuario,u1_0.correo_usuario,u1_0.estado_usuario,u1_0.fecha_registro_usuario,u1_0.id_rol,u1_0.nombre_usuario from usuario u1_0 where u1_0.correo_usuario=?
Hibernate: select count(n1_0.id_notificacion) from notificacion n1_0 where n1_0.id_usuario_destino=? and not(n1_0.leida)
2026-07-08T19:12:59.101-05:00 DEBUG 30052 --- [Backend_Login] [nio-8081-exec-2] o.s.security.web.FilterChainProxy        : Securing OPTIONS /api/notificaciones/contador
2026-07-08T19:12:59.108-05:00 DEBUG 30052 --- [Backend_Login] [nio-8081-exec-4] o.s.security.web.FilterChainProxy        : Securing GET /api/notificaciones/contador
Hibernate: select u1_0.id_usuario,u1_0.celular_usuario,u1_0.ciudad_usuario,u1_0.contrasena_usuario,u1_0.correo_usuario,u1_0.estado_usuario,u1_0.fecha_registro_usuario,u1_0.id_rol,u1_0.nombre_usuario from usuario u1_0 where u1_0.correo_usuario=?
2026-07-08T19:12:59.122-05:00 DEBUG 30052 --- [Backend_Login] [nio-8081-exec-4] o.s.security.web.FilterChainProxy        : Secured GET /api/notificaciones/contador
Hibernate: select u1_0.id_usuario,u1_0.celular_usuario,u1_0.ciudad_usuario,u1_0.contrasena_usuario,u1_0.correo_usuario,u1_0.estado_usuario,u1_0.fecha_registro_usuario,u1_0.id_rol,u1_0.nombre_usuario from usuario u1_0 where u1_0.correo_usuario=?
Hibernate: select count(n1_0.id_notificacion) from notificacion n1_0 where n1_0.id_usuario_destino=? and not(n1_0.leida)
2026-07-08T19:13:19.092-05:00 DEBUG 30052 --- [Backend_Login] [nio-8081-exec-5] o.s.security.web.FilterChainProxy        : Securing OPTIONS /api/notificaciones/contador
2026-07-08T19:13:19.095-05:00 DEBUG 30052 --- [Backend_Login] [nio-8081-exec-8] o.s.security.web.FilterChainProxy        : Securing GET /api/notificaciones/contador
2026-07-08T19:13:19.096-05:00 DEBUG 30052 --- [Backend_Login] [nio-8081-exec-8] o.s.s.w.a.AnonymousAuthenticationFilter  : Set SecurityContextHolder to anonymous SecurityContext
2026-07-08T19:13:19.098-05:00 DEBUG 30052 --- [Backend_Login] [nio-8081-exec-8] o.s.s.w.a.Http403ForbiddenEntryPoint     : Pre-authenticated entry point called. Rejecting access
2026-07-08T19:13:19.099-05:00 DEBUG 30052 --- [Backend_Login] [nio-8081-exec-8] o.s.security.web.FilterChainProxy        : Securing GET /error
2026-07-08T19:13:19.099-05:00 DEBUG 30052 --- [Backend_Login] [nio-8081-exec-8] o.s.security.web.FilterChainProxy        : Secured GET /error
2026-07-08T19:13:19.102-05:00 DEBUG 30052 --- [Backend_Login] [nio-8081-exec-8] o.s.s.w.a.AnonymousAuthenticationFilter  : Set SecurityContextHolder to anonymous SecurityContext
2026-07-08T19:13:32.920-05:00 DEBUG 30052 --- [Backend_Login] [nio-8081-exec-9] o.s.security.web.FilterChainProxy        : Securing OPTIONS /api/notificaciones/contador
2026-07-08T19:13:33.007-05:00 DEBUG 30052 --- [Backend_Login] [io-8081-exec-10] o.s.security.web.FilterChainProxy        : Securing GET /api/notificaciones/contador
Hibernate: select u1_0.id_usuario,u1_0.celular_usuario,u1_0.ciudad_usuario,u1_0.contrasena_usuario,u1_0.correo_usuario,u1_0.estado_usuario,u1_0.fecha_registro_usuario,u1_0.id_rol,u1_0.nombre_usuario from usuario u1_0 where u1_0.correo_usuario=?
2026-07-08T19:13:33.016-05:00 DEBUG 30052 --- [Backend_Login] [io-8081-exec-10] o.s.security.web.FilterChainProxy        : Secured GET /api/notificaciones/contador
Hibernate: select u1_0.id_usuario,u1_0.celular_usuario,u1_0.ciudad_usuario,u1_0.contrasena_usuario,u1_0.correo_usuario,u1_0.estado_usuario,u1_0.fecha_registro_usuario,u1_0.id_rol,u1_0.nombre_usuario from usuario u1_0 where u1_0.correo_usuario=?
Hibernate: select count(n1_0.id_notificacion) from notificacion n1_0 where n1_0.id_usuario_destino=? and not(n1_0.leida)
2026-07-08T19:13:59.078-05:00 DEBUG 30052 --- [Backend_Login] [nio-8081-exec-7] o.s.security.web.FilterChainProxy        : Securing OPTIONS /api/notificaciones/contador
2026-07-08T19:13:59.081-05:00 DEBUG 30052 --- [Backend_Login] [nio-8081-exec-3] o.s.security.web.FilterChainProxy        : Securing GET /api/notificaciones/contador
Hibernate: select u1_0.id_usuario,u1_0.celular_usuario,u1_0.ciudad_usuario,u1_0.contrasena_usuario,u1_0.correo_usuario,u1_0.estado_usuario,u1_0.fecha_registro_usuario,u1_0.id_rol,u1_0.nombre_usuario from usuario u1_0 where u1_0.correo_usuario=?
2026-07-08T19:13:59.086-05:00 DEBUG 30052 --- [Backend_Login] [nio-8081-exec-3] o.s.security.web.FilterChainProxy        : Secured GET /api/notificaciones/contador
Hibernate: select u1_0.id_usuario,u1_0.celular_usuario,u1_0.ciudad_usuario,u1_0.contrasena_usuario,u1_0.correo_usuario,u1_0.estado_usuario,u1_0.fecha_registro_usuario,u1_0.id_rol,u1_0.nombre_usuario from usuario u1_0 where u1_0.correo_usuario=?
Hibernate: select count(n1_0.id_notificacion) from notificacion n1_0 where n1_0.id_usuario_destino=? and not(n1_0.leida)
2026-07-08T19:14:19.102-05:00 DEBUG 30052 --- [Backend_Login] [nio-8081-exec-6] o.s.security.web.FilterChainProxy        : Securing OPTIONS /api/notificaciones/contador
2026-07-08T19:14:19.105-05:00 DEBUG 30052 --- [Backend_Login] [nio-8081-exec-1] o.s.security.web.FilterChainProxy        : Securing GET /api/notificaciones/contador
2026-07-08T19:14:19.106-05:00 DEBUG 30052 --- [Backend_Login] [nio-8081-exec-1] o.s.s.w.a.AnonymousAuthenticationFilter  : Set SecurityContextHolder to anonymous SecurityContext
2026-07-08T19:14:19.107-05:00 DEBUG 30052 --- [Backend_Login] [nio-8081-exec-1] o.s.s.w.a.Http403ForbiddenEntryPoint     : Pre-authenticated entry point called. Rejecting access
2026-07-08T19:14:19.108-05:00 DEBUG 30052 --- [Backend_Login] [nio-8081-exec-1] o.s.security.web.FilterChainProxy        : Securing GET /error
2026-07-08T19:14:19.109-05:00 DEBUG 30052 --- [Backend_Login] [nio-8081-exec-1] o.s.security.web.FilterChainProxy        : Secured GET /error
2026-07-08T19:14:19.110-05:00 DEBUG 30052 --- [Backend_Login] [nio-8081-exec-1] o.s.s.w.a.AnonymousAuthenticationFilter  : Set SecurityContextHolder to anonymous SecurityContext
2026-07-08T19:14:29.088-05:00 DEBUG 30052 --- [Backend_Login] [nio-8081-exec-2] o.s.security.web.FilterChainProxy        : Securing OPTIONS /api/notificaciones/contador
2026-07-08T19:14:29.092-05:00 DEBUG 30052 --- [Backend_Login] [nio-8081-exec-4] o.s.security.web.FilterChainProxy        : Securing GET /api/notificaciones/contador
Hibernate: select u1_0.id_usuario,u1_0.celular_usuario,u1_0.ciudad_usuario,u1_0.contrasena_usuario,u1_0.correo_usuario,u1_0.estado_usuario,u1_0.fecha_registro_usuario,u1_0.id_rol,u1_0.nombre_usuario from usuario u1_0 where u1_0.correo_usuario=?
2026-07-08T19:14:29.097-05:00 DEBUG 30052 --- [Backend_Login] [nio-8081-exec-4] o.s.security.web.FilterChainProxy        : Secured GET /api/notificaciones/contador
Hibernate: select u1_0.id_usuario,u1_0.celular_usuario,u1_0.ciudad_usuario,u1_0.contrasena_usuario,u1_0.correo_usuario,u1_0.estado_usuario,u1_0.fecha_registro_usuario,u1_0.id_rol,u1_0.nombre_usuario from usuario u1_0 where u1_0.correo_usuario=?
Hibernate: select count(n1_0.id_notificacion) from notificacion n1_0 where n1_0.id_usuario_destino=? and not(n1_0.leida)
2026-07-08T19:15:19.110-05:00 DEBUG 30052 --- [Backend_Login] [nio-8081-exec-5] o.s.security.web.FilterChainProxy        : Securing OPTIONS /api/notificaciones/contador
2026-07-08T19:15:19.113-05:00 DEBUG 30052 --- [Backend_Login] [nio-8081-exec-8] o.s.security.web.FilterChainProxy        : Securing OPTIONS /api/notificaciones/contador
2026-07-08T19:15:19.115-05:00 DEBUG 30052 --- [Backend_Login] [nio-8081-exec-9] o.s.security.web.FilterChainProxy        : Securing GET /api/notificaciones/contador
2026-07-08T19:15:19.116-05:00 DEBUG 30052 --- [Backend_Login] [nio-8081-exec-9] o.s.s.w.a.AnonymousAuthenticationFilter  : Set SecurityContextHolder to anonymous SecurityContext
2026-07-08T19:15:19.117-05:00 DEBUG 30052 --- [Backend_Login] [nio-8081-exec-9] o.s.s.w.a.Http403ForbiddenEntryPoint     : Pre-authenticated entry point called. Rejecting access
2026-07-08T19:15:19.117-05:00 DEBUG 30052 --- [Backend_Login] [io-8081-exec-10] o.s.security.web.FilterChainProxy        : Securing GET /api/notificaciones/contador
2026-07-08T19:15:19.118-05:00 DEBUG 30052 --- [Backend_Login] [nio-8081-exec-9] o.s.security.web.FilterChainProxy        : Securing GET /error
2026-07-08T19:15:19.118-05:00 DEBUG 30052 --- [Backend_Login] [nio-8081-exec-9] o.s.security.web.FilterChainProxy        : Secured GET /error
2026-07-08T19:15:19.121-05:00 DEBUG 30052 --- [Backend_Login] [nio-8081-exec-9] o.s.s.w.a.AnonymousAuthenticationFilter  : Set SecurityContextHolder to anonymous SecurityContext
Hibernate: select u1_0.id_usuario,u1_0.celular_usuario,u1_0.ciudad_usuario,u1_0.contrasena_usuario,u1_0.correo_usuario,u1_0.estado_usuario,u1_0.fecha_registro_usuario,u1_0.id_rol,u1_0.nombre_usuario from usuario u1_0 where u1_0.correo_usuario=?
2026-07-08T19:15:19.126-05:00 DEBUG 30052 --- [Backend_Login] [io-8081-exec-10] o.s.security.web.FilterChainProxy        : Secured GET /api/notificaciones/contador
Hibernate: select u1_0.id_usuario,u1_0.celular_usuario,u1_0.ciudad_usuario,u1_0.contrasena_usuario,u1_0.correo_usuario,u1_0.estado_usuario,u1_0.fecha_registro_usuario,u1_0.id_rol,u1_0.nombre_usuario from usuario u1_0 where u1_0.correo_usuario=?
Hibernate: select count(n1_0.id_notificacion) from notificacion n1_0 where n1_0.id_usuario_destino=? and not(n1_0.leida)
2026-07-08T19:16:19.085-05:00 DEBUG 30052 --- [Backend_Login] [nio-8081-exec-7] o.s.security.web.FilterChainProxy        : Securing OPTIONS /api/notificaciones/contador
2026-07-08T19:16:19.086-05:00 DEBUG 30052 --- [Backend_Login] [nio-8081-exec-3] o.s.security.web.FilterChainProxy        : Securing OPTIONS /api/notificaciones/contador
2026-07-08T19:16:19.088-05:00 DEBUG 30052 --- [Backend_Login] [nio-8081-exec-6] o.s.security.web.FilterChainProxy        : Securing GET /api/notificaciones/contador
2026-07-08T19:16:19.089-05:00 DEBUG 30052 --- [Backend_Login] [nio-8081-exec-6] o.s.s.w.a.AnonymousAuthenticationFilter  : Set SecurityContextHolder to anonymous SecurityContext
2026-07-08T19:16:19.090-05:00 DEBUG 30052 --- [Backend_Login] [nio-8081-exec-6] o.s.s.w.a.Http403ForbiddenEntryPoint     : Pre-authenticated entry point called. Rejecting access
2026-07-08T19:16:19.090-05:00 DEBUG 30052 --- [Backend_Login] [nio-8081-exec-1] o.s.security.web.FilterChainProxy        : Securing GET /api/notificaciones/contador
2026-07-08T19:16:19.091-05:00 DEBUG 30052 --- [Backend_Login] [nio-8081-exec-6] o.s.security.web.FilterChainProxy        : Securing GET /error
2026-07-08T19:16:19.091-05:00 DEBUG 30052 --- [Backend_Login] [nio-8081-exec-6] o.s.security.web.FilterChainProxy        : Secured GET /error
2026-07-08T19:16:19.093-05:00 DEBUG 30052 --- [Backend_Login] [nio-8081-exec-6] o.s.s.w.a.AnonymousAuthenticationFilter  : Set SecurityContextHolder to anonymous SecurityContext
Hibernate: select u1_0.id_usuario,u1_0.celular_usuario,u1_0.ciudad_usuario,u1_0.contrasena_usuario,u1_0.correo_usuario,u1_0.estado_usuario,u1_0.fecha_registro_usuario,u1_0.id_rol,u1_0.nombre_usuario from usuario u1_0 where u1_0.correo_usuario=?
2026-07-08T19:16:19.099-05:00 DEBUG 30052 --- [Backend_Login] [nio-8081-exec-1] o.s.security.web.FilterChainProxy        : Secured GET /api/notificaciones/contador
Hibernate: select u1_0.id_usuario,u1_0.celular_usuario,u1_0.ciudad_usuario,u1_0.contrasena_usuario,u1_0.correo_usuario,u1_0.estado_usuario,u1_0.fecha_registro_usuario,u1_0.id_rol,u1_0.nombre_usuario from usuario u1_0 where u1_0.correo_usuario=?
Hibernate: select count(n1_0.id_notificacion) from notificacion n1_0 where n1_0.id_usuario_destino=? and not(n1_0.leida)
2026-07-08T19:17:19.095-05:00 DEBUG 30052 --- [Backend_Login] [nio-8081-exec-2] o.s.security.web.FilterChainProxy        : Securing OPTIONS /api/notificaciones/contador
2026-07-08T19:17:19.099-05:00 DEBUG 30052 --- [Backend_Login] [nio-8081-exec-4] o.s.security.web.FilterChainProxy        : Securing GET /api/notificaciones/contador
2026-07-08T19:17:19.104-05:00 DEBUG 30052 --- [Backend_Login] [nio-8081-exec-5] o.s.security.web.FilterChainProxy        : Securing OPTIONS /api/notificaciones/contador
Hibernate: select u1_0.id_usuario,u1_0.celular_usuario,u1_0.ciudad_usuario,u1_0.contrasena_usuario,u1_0.correo_usuario,u1_0.estado_usuario,u1_0.fecha_registro_usuario,u1_0.id_rol,u1_0.nombre_usuario from usuario u1_0 where u1_0.correo_usuario=?
2026-07-08T19:17:19.107-05:00 DEBUG 30052 --- [Backend_Login] [nio-8081-exec-8] o.s.security.web.FilterChainProxy        : Securing GET /api/notificaciones/contador
2026-07-08T19:17:19.107-05:00  WARN 30052 --- [Backend_Login] [nio-8081-exec-4] com.zaxxer.hikari.pool.PoolBase          : HikariPool-1 - Failed to validate connection com.mysql.cj.jdbc.ConnectionImpl@5a681d62 (No operations allowed after connection closed.). Possibly consider using a shorter maxLifetime value.
2026-07-08T19:17:19.107-05:00 DEBUG 30052 --- [Backend_Login] [nio-8081-exec-8] o.s.s.w.a.AnonymousAuthenticationFilter  : Set SecurityContextHolder to anonymous SecurityContext
2026-07-08T19:17:19.108-05:00 DEBUG 30052 --- [Backend_Login] [nio-8081-exec-8] o.s.s.w.a.Http403ForbiddenEntryPoint     : Pre-authenticated entry point called. Rejecting access
2026-07-08T19:17:19.108-05:00  WARN 30052 --- [Backend_Login] [nio-8081-exec-4] com.zaxxer.hikari.pool.PoolBase          : HikariPool-1 - Failed to validate connection com.mysql.cj.jdbc.ConnectionImpl@1060a7d7 (No operations allowed after connection closed.). Possibly consider using a shorter maxLifetime value.
2026-07-08T19:17:19.108-05:00 DEBUG 30052 --- [Backend_Login] [nio-8081-exec-8] o.s.security.web.FilterChainProxy        : Securing GET /error
2026-07-08T19:17:19.109-05:00 DEBUG 30052 --- [Backend_Login] [nio-8081-exec-8] o.s.security.web.FilterChainProxy        : Secured GET /error
2026-07-08T19:17:19.109-05:00  WARN 30052 --- [Backend_Login] [nio-8081-exec-4] com.zaxxer.hikari.pool.PoolBase          : HikariPool-1 - Failed to validate connection com.mysql.cj.jdbc.ConnectionImpl@ab76374 (No operations allowed after connection closed.). Possibly consider using a shorter maxLifetime value.
2026-07-08T19:17:19.110-05:00  WARN 30052 --- [Backend_Login] [nio-8081-exec-4] com.zaxxer.hikari.pool.PoolBase          : HikariPool-1 - Failed to validate connection com.mysql.cj.jdbc.ConnectionImpl@10aeec4d (No operations allowed after connection closed.). Possibly consider using a shorter maxLifetime value.
2026-07-08T19:17:19.110-05:00 DEBUG 30052 --- [Backend_Login] [nio-8081-exec-8] o.s.s.w.a.AnonymousAuthenticationFilter  : Set SecurityContextHolder to anonymous SecurityContext
2026-07-08T19:17:19.111-05:00  WARN 30052 --- [Backend_Login] [nio-8081-exec-4] com.zaxxer.hikari.pool.PoolBase          : HikariPool-1 - Failed to validate connection com.mysql.cj.jdbc.ConnectionImpl@1bd854b1 (No operations allowed after connection closed.). Possibly consider using a shorter maxLifetime value.
2026-07-08T19:17:19.112-05:00  WARN 30052 --- [Backend_Login] [nio-8081-exec-4] com.zaxxer.hikari.pool.PoolBase          : HikariPool-1 - Failed to validate connection com.mysql.cj.jdbc.ConnectionImpl@5825275f (No operations allowed after connection closed.). Possibly consider using a shorter maxLifetime value.
2026-07-08T19:17:19.113-05:00  WARN 30052 --- [Backend_Login] [nio-8081-exec-4] com.zaxxer.hikari.pool.PoolBase          : HikariPool-1 - Failed to validate connection com.mysql.cj.jdbc.ConnectionImpl@1819d36 (No operations allowed after connection closed.). Possibly consider using a shorter maxLifetime value.
2026-07-08T19:17:19.115-05:00  WARN 30052 --- [Backend_Login] [nio-8081-exec-4] com.zaxxer.hikari.pool.PoolBase          : HikariPool-1 - Failed to validate connection com.mysql.cj.jdbc.ConnectionImpl@17343802 (No operations allowed after connection closed.). Possibly consider using a shorter maxLifetime value.
2026-07-08T19:17:19.116-05:00  WARN 30052 --- [Backend_Login] [nio-8081-exec-4] com.zaxxer.hikari.pool.PoolBase          : HikariPool-1 - Failed to validate connection com.mysql.cj.jdbc.ConnectionImpl@5b35a743 (No operations allowed after connection closed.). Possibly consider using a shorter maxLifetime value.
2026-07-08T19:17:19.117-05:00  WARN 30052 --- [Backend_Login] [nio-8081-exec-4] com.zaxxer.hikari.pool.PoolBase          : HikariPool-1 - Failed to validate connection com.mysql.cj.jdbc.ConnectionImpl@2adb6ca5 (No operations allowed after connection closed.). Possibly consider using a shorter maxLifetime value.
2026-07-08T19:17:49.115-05:00  WARN 30052 --- [Backend_Login] [nio-8081-exec-4] o.h.engine.jdbc.spi.SqlExceptionHelper   : SQL Error: 0, SQLState: 08S01
2026-07-08T19:17:49.115-05:00 ERROR 30052 --- [Backend_Login] [nio-8081-exec-4] o.h.engine.jdbc.spi.SqlExceptionHelper   : HikariPool-1 - Connection is not available, request timed out after 30008ms (total=0, active=0, idle=0, waiting=0)
2026-07-08T19:17:49.115-05:00 ERROR 30052 --- [Backend_Login] [nio-8081-exec-4] o.h.engine.jdbc.spi.SqlExceptionHelper   : Communications link failure

The last packet sent successfully to the server was 0 milliseconds ago. The driver has not received any packets from the server.
2026-07-08T19:17:49.116-05:00 ERROR 30052 --- [Backend_Login] [nio-8081-exec-4] o.a.c.c.C.[.[.[/].[dispatcherServlet]    : Servlet.service() for servlet [dispatcherServlet] in context with path [] threw exception

org.springframework.dao.DataAccessResourceFailureException: Unable to acquire JDBC Connection [HikariPool-1 - Connection is not available, request timed out after 30008ms (total=0, active=0, idle=0, waiting=0)] [n/a]
	at org.springframework.orm.jpa.vendor.HibernateJpaDialect.convertHibernateAccessException(HibernateJpaDialect.java:274) ~[spring-orm-6.1.13.jar:6.1.13]
	at org.springframework.orm.jpa.vendor.HibernateJpaDialect.translateExceptionIfPossible(HibernateJpaDialect.java:241) ~[spring-orm-6.1.13.jar:6.1.13]
	at org.springframework.orm.jpa.AbstractEntityManagerFactoryBean.translateExceptionIfPossible(AbstractEntityManagerFactoryBean.java:550) ~[spring-orm-6.1.13.jar:6.1.13]
	at org.springframework.dao.support.ChainedPersistenceExceptionTranslator.translateExceptionIfPossible(ChainedPersistenceExceptionTranslator.java:61) ~[spring-tx-6.1.13.jar:6.1.13]
	at org.springframework.dao.support.DataAccessUtils.translateIfNecessary(DataAccessUtils.java:335) ~[spring-tx-6.1.13.jar:6.1.13]
	at org.springframework.dao.support.PersistenceExceptionTranslationInterceptor.invoke(PersistenceExceptionTranslationInterceptor.java:160) ~[spring-tx-6.1.13.jar:6.1.13]
	at org.springframework.aop.framework.ReflectiveMethodInvocation.proceed(ReflectiveMethodInvocation.java:184) ~[spring-aop-6.1.13.jar:6.1.13]
	at org.springframework.data.jpa.repository.support.CrudMethodMetadataPostProcessor$CrudMethodMetadataPopulatingMethodInterceptor.invoke(CrudMethodMetadataPostProcessor.java:136) ~[spring-data-jpa-3.3.4.jar:3.3.4]
	at org.springframework.aop.framework.ReflectiveMethodInvocation.proceed(ReflectiveMethodInvocation.java:184) ~[spring-aop-6.1.13.jar:6.1.13]
	at org.springframework.aop.interceptor.ExposeInvocationInterceptor.invoke(ExposeInvocationInterceptor.java:97) ~[spring-aop-6.1.13.jar:6.1.13]
	at org.springframework.aop.framework.ReflectiveMethodInvocation.proceed(ReflectiveMethodInvocation.java:184) ~[spring-aop-6.1.13.jar:6.1.13]
	at org.springframework.aop.framework.JdkDynamicAopProxy.invoke(JdkDynamicAopProxy.java:223) ~[spring-aop-6.1.13.jar:6.1.13]
	at jdk.proxy2/jdk.proxy2.$Proxy141.findByCorreoUsuario(Unknown Source) ~[na:na]
	at com.interivalle.Security.UserDetailsServiceImpl.loadUserByUsername(UserDetailsServiceImpl.java:22) ~[classes/:na]
	at com.interivalle.Security.JwtAuthFilter.doFilterInternal(JwtAuthFilter.java:52) ~[classes/:na]
	at org.springframework.web.filter.OncePerRequestFilter.doFilter(OncePerRequestFilter.java:116) ~[spring-web-6.1.13.jar:6.1.13]
	at org.springframework.security.web.FilterChainProxy$VirtualFilterChain.doFilter(FilterChainProxy.java:374) ~[spring-security-web-6.3.3.jar:6.3.3]
	at org.springframework.security.web.authentication.logout.LogoutFilter.doFilter(LogoutFilter.java:107) ~[spring-security-web-6.3.3.jar:6.3.3]
	at org.springframework.security.web.authentication.logout.LogoutFilter.doFilter(LogoutFilter.java:93) ~[spring-security-web-6.3.3.jar:6.3.3]
	at org.springframework.security.web.FilterChainProxy$VirtualFilterChain.doFilter(FilterChainProxy.java:374) ~[spring-security-web-6.3.3.jar:6.3.3]
	at org.springframework.web.filter.CorsFilter.doFilterInternal(CorsFilter.java:91) ~[spring-web-6.1.13.jar:6.1.13]
	at org.springframework.web.filter.OncePerRequestFilter.doFilter(OncePerRequestFilter.java:116) ~[spring-web-6.1.13.jar:6.1.13]
	at org.springframework.security.web.FilterChainProxy$VirtualFilterChain.doFilter(FilterChainProxy.java:374) ~[spring-security-web-6.3.3.jar:6.3.3]
	at org.springframework.security.web.header.HeaderWriterFilter.doHeadersAfter(HeaderWriterFilter.java:90) ~[spring-security-web-6.3.3.jar:6.3.3]
	at org.springframework.security.web.header.HeaderWriterFilter.doFilterInternal(HeaderWriterFilter.java:75) ~[spring-security-web-6.3.3.jar:6.3.3]
	at org.springframework.web.filter.OncePerRequestFilter.doFilter(OncePerRequestFilter.java:116) ~[spring-web-6.1.13.jar:6.1.13]
	at org.springframework.security.web.FilterChainProxy$VirtualFilterChain.doFilter(FilterChainProxy.java:374) ~[spring-security-web-6.3.3.jar:6.3.3]
	at org.springframework.security.web.context.SecurityContextHolderFilter.doFilter(SecurityContextHolderFilter.java:82) ~[spring-security-web-6.3.3.jar:6.3.3]
	at org.springframework.security.web.context.SecurityContextHolderFilter.doFilter(SecurityContextHolderFilter.java:69) ~[spring-security-web-6.3.3.jar:6.3.3]
	at org.springframework.security.web.FilterChainProxy$VirtualFilterChain.doFilter(FilterChainProxy.java:374) ~[spring-security-web-6.3.3.jar:6.3.3]
	at org.springframework.security.web.context.request.async.WebAsyncManagerIntegrationFilter.doFilterInternal(WebAsyncManagerIntegrationFilter.java:62) ~[spring-security-web-6.3.3.jar:6.3.3]
	at org.springframework.web.filter.OncePerRequestFilter.doFilter(OncePerRequestFilter.java:116) ~[spring-web-6.1.13.jar:6.1.13]
	at org.springframework.security.web.FilterChainProxy$VirtualFilterChain.doFilter(FilterChainProxy.java:374) ~[spring-security-web-6.3.3.jar:6.3.3]
	at org.springframework.security.web.session.DisableEncodeUrlFilter.doFilterInternal(DisableEncodeUrlFilter.java:42) ~[spring-security-web-6.3.3.jar:6.3.3]
	at org.springframework.web.filter.OncePerRequestFilter.doFilter(OncePerRequestFilter.java:116) ~[spring-web-6.1.13.jar:6.1.13]
	at org.springframework.security.web.FilterChainProxy$VirtualFilterChain.doFilter(FilterChainProxy.java:374) ~[spring-security-web-6.3.3.jar:6.3.3]
	at org.springframework.security.web.FilterChainProxy.doFilterInternal(FilterChainProxy.java:233) ~[spring-security-web-6.3.3.jar:6.3.3]
	at org.springframework.security.web.FilterChainProxy.doFilter(FilterChainProxy.java:191) ~[spring-security-web-6.3.3.jar:6.3.3]
	at org.springframework.web.filter.CompositeFilter$VirtualFilterChain.doFilter(CompositeFilter.java:113) ~[spring-web-6.1.13.jar:6.1.13]
	at org.springframework.web.servlet.handler.HandlerMappingIntrospector.lambda$createCacheFilter$3(HandlerMappingIntrospector.java:195) ~[spring-webmvc-6.1.13.jar:6.1.13]
	at org.springframework.web.filter.CompositeFilter$VirtualFilterChain.doFilter(CompositeFilter.java:113) ~[spring-web-6.1.13.jar:6.1.13]
	at org.springframework.web.filter.CompositeFilter.doFilter(CompositeFilter.java:74) ~[spring-web-6.1.13.jar:6.1.13]
	at org.springframework.security.config.annotation.web.configuration.WebMvcSecurityConfiguration$CompositeFilterChainProxy.doFilter(WebMvcSecurityConfiguration.java:230) ~[spring-security-config-6.3.3.jar:6.3.3]
	at org.springframework.web.filter.DelegatingFilterProxy.invokeDelegate(DelegatingFilterProxy.java:352) ~[spring-web-6.1.13.jar:6.1.13]
	at org.springframework.web.filter.DelegatingFilterProxy.doFilter(DelegatingFilterProxy.java:268) ~[spring-web-6.1.13.jar:6.1.13]
	at org.apache.catalina.core.ApplicationFilterChain.internalDoFilter(ApplicationFilterChain.java:164) ~[tomcat-embed-core-10.1.30.jar:10.1.30]
	at org.apache.catalina.core.ApplicationFilterChain.doFilter(ApplicationFilterChain.java:140) ~[tomcat-embed-core-10.1.30.jar:10.1.30]
	at org.springframework.web.filter.RequestContextFilter.doFilterInternal(RequestContextFilter.java:100) ~[spring-web-6.1.13.jar:6.1.13]
	at org.springframework.web.filter.OncePerRequestFilter.doFilter(OncePerRequestFilter.java:116) ~[spring-web-6.1.13.jar:6.1.13]
	at org.apache.catalina.core.ApplicationFilterChain.internalDoFilter(ApplicationFilterChain.java:164) ~[tomcat-embed-core-10.1.30.jar:10.1.30]
	at org.apache.catalina.core.ApplicationFilterChain.doFilter(ApplicationFilterChain.java:140) ~[tomcat-embed-core-10.1.30.jar:10.1.30]
	at org.springframework.web.filter.FormContentFilter.doFilterInternal(FormContentFilter.java:93) ~[spring-web-6.1.13.jar:6.1.13]
	at org.springframework.web.filter.OncePerRequestFilter.doFilter(OncePerRequestFilter.java:116) ~[spring-web-6.1.13.jar:6.1.13]
	at org.apache.catalina.core.ApplicationFilterChain.internalDoFilter(ApplicationFilterChain.java:164) ~[tomcat-embed-core-10.1.30.jar:10.1.30]
	at org.apache.catalina.core.ApplicationFilterChain.doFilter(ApplicationFilterChain.java:140) ~[tomcat-embed-core-10.1.30.jar:10.1.30]
	at org.springframework.web.filter.CharacterEncodingFilter.doFilterInternal(CharacterEncodingFilter.java:201) ~[spring-web-6.1.13.jar:6.1.13]
	at org.springframework.web.filter.OncePerRequestFilter.doFilter(OncePerRequestFilter.java:116) ~[spring-web-6.1.13.jar:6.1.13]
	at org.apache.catalina.core.ApplicationFilterChain.internalDoFilter(ApplicationFilterChain.java:164) ~[tomcat-embed-core-10.1.30.jar:10.1.30]
	at org.apache.catalina.core.ApplicationFilterChain.doFilter(ApplicationFilterChain.java:140) ~[tomcat-embed-core-10.1.30.jar:10.1.30]
	at org.apache.catalina.core.StandardWrapperValve.invoke(StandardWrapperValve.java:167) ~[tomcat-embed-core-10.1.30.jar:10.1.30]
	at org.apache.catalina.core.StandardContextValve.invoke(StandardContextValve.java:90) ~[tomcat-embed-core-10.1.30.jar:10.1.30]
	at org.apache.catalina.authenticator.AuthenticatorBase.invoke(AuthenticatorBase.java:483) ~[tomcat-embed-core-10.1.30.jar:10.1.30]
	at org.apache.catalina.core.StandardHostValve.invoke(StandardHostValve.java:115) ~[tomcat-embed-core-10.1.30.jar:10.1.30]
	at org.apache.catalina.valves.ErrorReportValve.invoke(ErrorReportValve.java:93) ~[tomcat-embed-core-10.1.30.jar:10.1.30]
	at org.apache.catalina.core.StandardEngineValve.invoke(StandardEngineValve.java:74) ~[tomcat-embed-core-10.1.30.jar:10.1.30]
	at org.apache.catalina.connector.CoyoteAdapter.service(CoyoteAdapter.java:344) ~[tomcat-embed-core-10.1.30.jar:10.1.30]
	at org.apache.coyote.http11.Http11Processor.service(Http11Processor.java:384) ~[tomcat-embed-core-10.1.30.jar:10.1.30]
	at org.apache.coyote.AbstractProcessorLight.process(AbstractProcessorLight.java:63) ~[tomcat-embed-core-10.1.30.jar:10.1.30]
	at org.apache.coyote.AbstractProtocol$ConnectionHandler.process(AbstractProtocol.java:905) ~[tomcat-embed-core-10.1.30.jar:10.1.30]
	at org.apache.tomcat.util.net.NioEndpoint$SocketProcessor.doRun(NioEndpoint.java:1741) ~[tomcat-embed-core-10.1.30.jar:10.1.30]
	at org.apache.tomcat.util.net.SocketProcessorBase.run(SocketProcessorBase.java:52) ~[tomcat-embed-core-10.1.30.jar:10.1.30]
	at org.apache.tomcat.util.threads.ThreadPoolExecutor.runWorker(ThreadPoolExecutor.java:1190) ~[tomcat-embed-core-10.1.30.jar:10.1.30]
	at org.apache.tomcat.util.threads.ThreadPoolExecutor$Worker.run(ThreadPoolExecutor.java:659) ~[tomcat-embed-core-10.1.30.jar:10.1.30]
	at org.apache.tomcat.util.threads.TaskThread$WrappingRunnable.run(TaskThread.java:63) ~[tomcat-embed-core-10.1.30.jar:10.1.30]
	at java.base/java.lang.Thread.run(Thread.java:840) ~[na:na]
Caused by: org.hibernate.exception.JDBCConnectionException: Unable to acquire JDBC Connection [HikariPool-1 - Connection is not available, request timed out after 30008ms (total=0, active=0, idle=0, waiting=0)] [n/a]
	at org.hibernate.exception.internal.SQLExceptionTypeDelegate.convert(SQLExceptionTypeDelegate.java:51) ~[hibernate-core-6.5.3.Final.jar:6.5.3.Final]
	at org.hibernate.exception.internal.StandardSQLExceptionConverter.convert(StandardSQLExceptionConverter.java:58) ~[hibernate-core-6.5.3.Final.jar:6.5.3.Final]
	at org.hibernate.engine.jdbc.spi.SqlExceptionHelper.convert(SqlExceptionHelper.java:108) ~[hibernate-core-6.5.3.Final.jar:6.5.3.Final]
	at org.hibernate.engine.jdbc.spi.SqlExceptionHelper.convert(SqlExceptionHelper.java:94) ~[hibernate-core-6.5.3.Final.jar:6.5.3.Final]
	at org.hibernate.resource.jdbc.internal.LogicalConnectionManagedImpl.acquireConnectionIfNeeded(LogicalConnectionManagedImpl.java:129) ~[hibernate-core-6.5.3.Final.jar:6.5.3.Final]
	at org.hibernate.resource.jdbc.internal.LogicalConnectionManagedImpl.getPhysicalConnection(LogicalConnectionManagedImpl.java:156) ~[hibernate-core-6.5.3.Final.jar:6.5.3.Final]
	at org.hibernate.engine.jdbc.internal.StatementPreparerImpl.connection(StatementPreparerImpl.java:54) ~[hibernate-core-6.5.3.Final.jar:6.5.3.Final]
	at org.hibernate.engine.jdbc.internal.StatementPreparerImpl$5.doPrepare(StatementPreparerImpl.java:153) ~[hibernate-core-6.5.3.Final.jar:6.5.3.Final]
	at org.hibernate.engine.jdbc.internal.StatementPreparerImpl$StatementPreparationTemplate.prepareStatement(StatementPreparerImpl.java:183) ~[hibernate-core-6.5.3.Final.jar:6.5.3.Final]
	at org.hibernate.engine.jdbc.internal.StatementPreparerImpl.prepareQueryStatement(StatementPreparerImpl.java:155) ~[hibernate-core-6.5.3.Final.jar:6.5.3.Final]
	at org.hibernate.sql.exec.spi.JdbcSelectExecutor.lambda$list$0(JdbcSelectExecutor.java:85) ~[hibernate-core-6.5.3.Final.jar:6.5.3.Final]
	at org.hibernate.sql.results.jdbc.internal.DeferredResultSetAccess.executeQuery(DeferredResultSetAccess.java:231) ~[hibernate-core-6.5.3.Final.jar:6.5.3.Final]
	at org.hibernate.sql.results.jdbc.internal.DeferredResultSetAccess.getResultSet(DeferredResultSetAccess.java:167) ~[hibernate-core-6.5.3.Final.jar:6.5.3.Final]
	at org.hibernate.sql.results.jdbc.internal.JdbcValuesResultSetImpl.advanceNext(JdbcValuesResultSetImpl.java:265) ~[hibernate-core-6.5.3.Final.jar:6.5.3.Final]
	at org.hibernate.sql.results.jdbc.internal.JdbcValuesResultSetImpl.processNext(JdbcValuesResultSetImpl.java:145) ~[hibernate-core-6.5.3.Final.jar:6.5.3.Final]
	at org.hibernate.sql.results.jdbc.internal.AbstractJdbcValues.next(AbstractJdbcValues.java:19) ~[hibernate-core-6.5.3.Final.jar:6.5.3.Final]
	at org.hibernate.sql.results.internal.RowProcessingStateStandardImpl.next(RowProcessingStateStandardImpl.java:67) ~[hibernate-core-6.5.3.Final.jar:6.5.3.Final]
	at org.hibernate.sql.results.spi.ListResultsConsumer.consume(ListResultsConsumer.java:204) ~[hibernate-core-6.5.3.Final.jar:6.5.3.Final]
	at org.hibernate.sql.results.spi.ListResultsConsumer.consume(ListResultsConsumer.java:33) ~[hibernate-core-6.5.3.Final.jar:6.5.3.Final]
	at org.hibernate.sql.exec.internal.JdbcSelectExecutorStandardImpl.doExecuteQuery(JdbcSelectExecutorStandardImpl.java:211) ~[hibernate-core-6.5.3.Final.jar:6.5.3.Final]
	at org.hibernate.sql.exec.internal.JdbcSelectExecutorStandardImpl.executeQuery(JdbcSelectExecutorStandardImpl.java:83) ~[hibernate-core-6.5.3.Final.jar:6.5.3.Final]
	at org.hibernate.sql.exec.spi.JdbcSelectExecutor.list(JdbcSelectExecutor.java:76) ~[hibernate-core-6.5.3.Final.jar:6.5.3.Final]
	at org.hibernate.sql.exec.spi.JdbcSelectExecutor.list(JdbcSelectExecutor.java:65) ~[hibernate-core-6.5.3.Final.jar:6.5.3.Final]
	at org.hibernate.query.sqm.internal.ConcreteSqmSelectQueryPlan.lambda$new$2(ConcreteSqmSelectQueryPlan.java:139) ~[hibernate-core-6.5.3.Final.jar:6.5.3.Final]
	at org.hibernate.query.sqm.internal.ConcreteSqmSelectQueryPlan.withCacheableSqmInterpretation(ConcreteSqmSelectQueryPlan.java:382) ~[hibernate-core-6.5.3.Final.jar:6.5.3.Final]
	at org.hibernate.query.sqm.internal.ConcreteSqmSelectQueryPlan.performList(ConcreteSqmSelectQueryPlan.java:302) ~[hibernate-core-6.5.3.Final.jar:6.5.3.Final]
	at org.hibernate.query.sqm.internal.QuerySqmImpl.doList(QuerySqmImpl.java:526) ~[hibernate-core-6.5.3.Final.jar:6.5.3.Final]
	at org.hibernate.query.spi.AbstractSelectionQuery.list(AbstractSelectionQuery.java:423) ~[hibernate-core-6.5.3.Final.jar:6.5.3.Final]
	at org.hibernate.query.spi.AbstractSelectionQuery.getSingleResult(AbstractSelectionQuery.java:555) ~[hibernate-core-6.5.3.Final.jar:6.5.3.Final]
	at jdk.internal.reflect.GeneratedMethodAccessor59.invoke(Unknown Source) ~[na:na]
	at java.base/jdk.internal.reflect.DelegatingMethodAccessorImpl.invoke(DelegatingMethodAccessorImpl.java:43) ~[na:na]
	at java.base/java.lang.reflect.Method.invoke(Method.java:569) ~[na:na]
	at org.springframework.orm.jpa.SharedEntityManagerCreator$DeferredQueryInvocationHandler.invoke(SharedEntityManagerCreator.java:418) ~[spring-orm-6.1.13.jar:6.1.13]
	at jdk.proxy2/jdk.proxy2.$Proxy193.getSingleResult(Unknown Source) ~[na:na]
	at org.springframework.data.jpa.repository.query.JpaQueryExecution$SingleEntityExecution.doExecute(JpaQueryExecution.java:223) ~[spring-data-jpa-3.3.4.jar:3.3.4]
	at org.springframework.data.jpa.repository.query.JpaQueryExecution.execute(JpaQueryExecution.java:92) ~[spring-data-jpa-3.3.4.jar:3.3.4]
	at org.springframework.data.jpa.repository.query.AbstractJpaQuery.doExecute(AbstractJpaQuery.java:152) ~[spring-data-jpa-3.3.4.jar:3.3.4]
	at org.springframework.data.jpa.repository.query.AbstractJpaQuery.execute(AbstractJpaQuery.java:140) ~[spring-data-jpa-3.3.4.jar:3.3.4]
	at org.springframework.data.repository.core.support.RepositoryMethodInvoker.doInvoke(RepositoryMethodInvoker.java:170) ~[spring-data-commons-3.3.4.jar:3.3.4]
	at org.springframework.data.repository.core.support.RepositoryMethodInvoker.invoke(RepositoryMethodInvoker.java:158) ~[spring-data-commons-3.3.4.jar:3.3.4]
	at org.springframework.data.repository.core.support.QueryExecutorMethodInterceptor.doInvoke(QueryExecutorMethodInterceptor.java:169) ~[spring-data-commons-3.3.4.jar:3.3.4]
	at org.springframework.data.repository.core.support.QueryExecutorMethodInterceptor.invoke(QueryExecutorMethodInterceptor.java:148) ~[spring-data-commons-3.3.4.jar:3.3.4]
	at org.springframework.aop.framework.ReflectiveMethodInvocation.proceed(ReflectiveMethodInvocation.java:184) ~[spring-aop-6.1.13.jar:6.1.13]
	at org.springframework.data.projection.DefaultMethodInvokingMethodInterceptor.invoke(DefaultMethodInvokingMethodInterceptor.java:70) ~[spring-data-commons-3.3.4.jar:3.3.4]
	at org.springframework.aop.framework.ReflectiveMethodInvocation.proceed(ReflectiveMethodInvocation.java:184) ~[spring-aop-6.1.13.jar:6.1.13]
	at org.springframework.transaction.interceptor.TransactionAspectSupport.invokeWithinTransaction(TransactionAspectSupport.java:379) ~[spring-tx-6.1.13.jar:6.1.13]
	at org.springframework.transaction.interceptor.TransactionInterceptor.invoke(TransactionInterceptor.java:119) ~[spring-tx-6.1.13.jar:6.1.13]
	at org.springframework.aop.framework.ReflectiveMethodInvocation.proceed(ReflectiveMethodInvocation.java:184) ~[spring-aop-6.1.13.jar:6.1.13]
	at org.springframework.dao.support.PersistenceExceptionTranslationInterceptor.invoke(PersistenceExceptionTranslationInterceptor.java:138) ~[spring-tx-6.1.13.jar:6.1.13]
	... 69 common frames omitted
Caused by: java.sql.SQLTransientConnectionException: HikariPool-1 - Connection is not available, request timed out after 30008ms (total=0, active=0, idle=0, waiting=0)
	at com.zaxxer.hikari.pool.HikariPool.createTimeoutException(HikariPool.java:686) ~[HikariCP-5.1.0.jar:na]
	at com.zaxxer.hikari.pool.HikariPool.getConnection(HikariPool.java:179) ~[HikariCP-5.1.0.jar:na]
	at com.zaxxer.hikari.pool.HikariPool.getConnection(HikariPool.java:144) ~[HikariCP-5.1.0.jar:na]
	at com.zaxxer.hikari.HikariDataSource.getConnection(HikariDataSource.java:127) ~[HikariCP-5.1.0.jar:na]
	at org.hibernate.engine.jdbc.connections.internal.DatasourceConnectionProviderImpl.getConnection(DatasourceConnectionProviderImpl.java:122) ~[hibernate-core-6.5.3.Final.jar:6.5.3.Final]
	at org.hibernate.internal.NonContextualJdbcConnectionAccess.obtainConnection(NonContextualJdbcConnectionAccess.java:46) ~[hibernate-core-6.5.3.Final.jar:6.5.3.Final]
	at org.hibernate.resource.jdbc.internal.LogicalConnectionManagedImpl.acquireConnectionIfNeeded(LogicalConnectionManagedImpl.java:126) ~[hibernate-core-6.5.3.Final.jar:6.5.3.Final]
	... 113 common frames omitted
Caused by: com.mysql.cj.jdbc.exceptions.CommunicationsException: Communications link failure

The last packet sent successfully to the server was 0 milliseconds ago. The driver has not received any packets from the server.
	at com.mysql.cj.jdbc.exceptions.SQLError.createCommunicationsException(SQLError.java:174) ~[mysql-connector-j-8.3.0.jar:8.3.0]
	at com.mysql.cj.jdbc.exceptions.SQLExceptionsMapping.translateException(SQLExceptionsMapping.java:64) ~[mysql-connector-j-8.3.0.jar:8.3.0]
	at com.mysql.cj.jdbc.ConnectionImpl.createNewIO(ConnectionImpl.java:815) ~[mysql-connector-j-8.3.0.jar:8.3.0]
	at com.mysql.cj.jdbc.ConnectionImpl.<init>(ConnectionImpl.java:438) ~[mysql-connector-j-8.3.0.jar:8.3.0]
	at com.mysql.cj.jdbc.ConnectionImpl.getInstance(ConnectionImpl.java:241) ~[mysql-connector-j-8.3.0.jar:8.3.0]
	at com.mysql.cj.jdbc.NonRegisteringDriver.connect(NonRegisteringDriver.java:189) ~[mysql-connector-j-8.3.0.jar:8.3.0]
	at com.zaxxer.hikari.util.DriverDataSource.getConnection(DriverDataSource.java:137) ~[HikariCP-5.1.0.jar:na]
	at com.zaxxer.hikari.pool.PoolBase.newConnection(PoolBase.java:360) ~[HikariCP-5.1.0.jar:na]
	at com.zaxxer.hikari.pool.PoolBase.newPoolEntry(PoolBase.java:202) ~[HikariCP-5.1.0.jar:na]
	at com.zaxxer.hikari.pool.HikariPool.createPoolEntry(HikariPool.java:461) ~[HikariCP-5.1.0.jar:na]
	at com.zaxxer.hikari.pool.HikariPool$PoolEntryCreator.call(HikariPool.java:724) ~[HikariCP-5.1.0.jar:na]
	at com.zaxxer.hikari.pool.HikariPool$PoolEntryCreator.call(HikariPool.java:703) ~[HikariCP-5.1.0.jar:na]
	at java.base/java.util.concurrent.FutureTask.run(FutureTask.java:264) ~[na:na]
	at java.base/java.util.concurrent.ThreadPoolExecutor.runWorker(ThreadPoolExecutor.java:1136) ~[na:na]
	at java.base/java.util.concurrent.ThreadPoolExecutor$Worker.run(ThreadPoolExecutor.java:635) ~[na:na]
	... 1 common frames omitted
Caused by: com.mysql.cj.exceptions.CJCommunicationsException: Communications link failure

The last packet sent successfully to the server was 0 milliseconds ago. The driver has not received any packets from the server.
	at jdk.internal.reflect.GeneratedConstructorAccessor66.newInstance(Unknown Source) ~[na:na]
	at java.base/jdk.internal.reflect.DelegatingConstructorAccessorImpl.newInstance(DelegatingConstructorAccessorImpl.java:45) ~[na:na]
	at java.base/java.lang.reflect.Constructor.newInstanceWithCaller(Constructor.java:500) ~[na:na]
	at java.base/java.lang.reflect.Constructor.newInstance(Constructor.java:481) ~[na:na]
	at com.mysql.cj.exceptions.ExceptionFactory.createException(ExceptionFactory.java:61) ~[mysql-connector-j-8.3.0.jar:8.3.0]
	at com.mysql.cj.exceptions.ExceptionFactory.createException(ExceptionFactory.java:104) ~[mysql-connector-j-8.3.0.jar:8.3.0]
	at com.mysql.cj.exceptions.ExceptionFactory.createException(ExceptionFactory.java:149) ~[mysql-connector-j-8.3.0.jar:8.3.0]
	at com.mysql.cj.exceptions.ExceptionFactory.createCommunicationsException(ExceptionFactory.java:165) ~[mysql-connector-j-8.3.0.jar:8.3.0]
	at com.mysql.cj.protocol.a.NativeSocketConnection.connect(NativeSocketConnection.java:88) ~[mysql-connector-j-8.3.0.jar:8.3.0]
	at com.mysql.cj.NativeSession.connect(NativeSession.java:120) ~[mysql-connector-j-8.3.0.jar:8.3.0]
	at com.mysql.cj.jdbc.ConnectionImpl.connectOneTryOnly(ConnectionImpl.java:935) ~[mysql-connector-j-8.3.0.jar:8.3.0]
	at com.mysql.cj.jdbc.ConnectionImpl.createNewIO(ConnectionImpl.java:805) ~[mysql-connector-j-8.3.0.jar:8.3.0]
	... 13 common frames omitted
Caused by: java.net.ConnectException: Connection refused: getsockopt
	at java.base/sun.nio.ch.Net.pollConnect(Native Method) ~[na:na]
	at java.base/sun.nio.ch.Net.pollConnectNow(Net.java:672) ~[na:na]
	at java.base/sun.nio.ch.NioSocketImpl.timedFinishConnect(NioSocketImpl.java:547) ~[na:na]
	at java.base/sun.nio.ch.NioSocketImpl.connect(NioSocketImpl.java:602) ~[na:na]
	at java.base/java.net.SocksSocketImpl.connect(SocksSocketImpl.java:327) ~[na:na]
	at java.base/java.net.Socket.connect(Socket.java:633) ~[na:na]
	at com.mysql.cj.protocol.StandardSocketFactory.connect(StandardSocketFactory.java:153) ~[mysql-connector-j-8.3.0.jar:8.3.0]
	at com.mysql.cj.protocol.a.NativeSocketConnection.connect(NativeSocketConnection.java:62) ~[mysql-connector-j-8.3.0.jar:8.3.0]
	... 16 common frames omitted

2026-07-08T19:17:49.119-05:00 DEBUG 30052 --- [Backend_Login] [nio-8081-exec-4] o.s.security.web.FilterChainProxy        : Securing GET /error
2026-07-08T19:17:49.120-05:00 DEBUG 30052 --- [Backend_Login] [nio-8081-exec-4] o.s.s.w.a.AnonymousAuthenticationFilter  : Set SecurityContextHolder to anonymous SecurityContext
2026-07-08T19:17:49.120-05:00 DEBUG 30052 --- [Backend_Login] [nio-8081-exec-4] o.s.security.web.FilterChainProxy        : Secured GET /error
2026-07-08T19:18:19.103-05:00 DEBUG 30052 --- [Backend_Login] [nio-8081-exec-9] o.s.security.web.FilterChainProxy        : Securing OPTIONS /api/notificaciones/contador
2026-07-08T19:18:19.103-05:00 DEBUG 30052 --- [Backend_Login] [io-8081-exec-10] o.s.security.web.FilterChainProxy        : Securing OPTIONS /api/notificaciones/contador
2026-07-08T19:18:19.108-05:00 DEBUG 30052 --- [Backend_Login] [nio-8081-exec-7] o.s.security.web.FilterChainProxy        : Securing GET /api/notificaciones/contador
2026-07-08T19:18:19.109-05:00 DEBUG 30052 --- [Backend_Login] [nio-8081-exec-7] o.s.s.w.a.AnonymousAuthenticationFilter  : Set SecurityContextHolder to anonymous SecurityContext
2026-07-08T19:18:19.109-05:00 DEBUG 30052 --- [Backend_Login] [nio-8081-exec-7] o.s.s.w.a.Http403ForbiddenEntryPoint     : Pre-authenticated entry point called. Rejecting access
2026-07-08T19:18:19.109-05:00 DEBUG 30052 --- [Backend_Login] [nio-8081-exec-3] o.s.security.web.FilterChainProxy        : Securing GET /api/notificaciones/contador
2026-07-08T19:18:19.110-05:00 DEBUG 30052 --- [Backend_Login] [nio-8081-exec-7] o.s.security.web.FilterChainProxy        : Securing GET /error
2026-07-08T19:18:19.111-05:00 DEBUG 30052 --- [Backend_Login] [nio-8081-exec-7] o.s.security.web.FilterChainProxy        : Secured GET /error
2026-07-08T19:18:19.113-05:00 DEBUG 30052 --- [Backend_Login] [nio-8081-exec-7] o.s.s.w.a.AnonymousAuthenticationFilter  : Set SecurityContextHolder to anonymous SecurityContext
Hibernate: select u1_0.id_usuario,u1_0.celular_usuario,u1_0.ciudad_usuario,u1_0.contrasena_usuario,u1_0.correo_usuario,u1_0.estado_usuario,u1_0.fecha_registro_usuario,u1_0.id_rol,u1_0.nombre_usuario from usuario u1_0 where u1_0.correo_usuario=?
2026-07-08T19:18:49.119-05:00  WARN 30052 --- [Backend_Login] [nio-8081-exec-3] o.h.engine.jdbc.spi.SqlExceptionHelper   : SQL Error: 0, SQLState: 08S01
2026-07-08T19:18:49.119-05:00 ERROR 30052 --- [Backend_Login] [nio-8081-exec-3] o.h.engine.jdbc.spi.SqlExceptionHelper   : HikariPool-1 - Connection is not available, request timed out after 30003ms (total=0, active=0, idle=0, waiting=0)
2026-07-08T19:18:49.119-05:00 ERROR 30052 --- [Backend_Login] [nio-8081-exec-3] o.h.engine.jdbc.spi.SqlExceptionHelper   : Communications link failure

The last packet sent successfully to the server was 0 milliseconds ago. The driver has not received any packets from the server.
2026-07-08T19:18:49.120-05:00 ERROR 30052 --- [Backend_Login] [nio-8081-exec-3] o.a.c.c.C.[.[.[/].[dispatcherServlet]    : Servlet.service() for servlet [dispatcherServlet] in context with path [] threw exception

org.springframework.dao.DataAccessResourceFailureException: Unable to acquire JDBC Connection [HikariPool-1 - Connection is not available, request timed out after 30003ms (total=0, active=0, idle=0, waiting=0)] [n/a]
	at org.springframework.orm.jpa.vendor.HibernateJpaDialect.convertHibernateAccessException(HibernateJpaDialect.java:274) ~[spring-orm-6.1.13.jar:6.1.13]
	at org.springframework.orm.jpa.vendor.HibernateJpaDialect.translateExceptionIfPossible(HibernateJpaDialect.java:241) ~[spring-orm-6.1.13.jar:6.1.13]
	at org.springframework.orm.jpa.AbstractEntityManagerFactoryBean.translateExceptionIfPossible(AbstractEntityManagerFactoryBean.java:550) ~[spring-orm-6.1.13.jar:6.1.13]
	at org.springframework.dao.support.ChainedPersistenceExceptionTranslator.translateExceptionIfPossible(ChainedPersistenceExceptionTranslator.java:61) ~[spring-tx-6.1.13.jar:6.1.13]
	at org.springframework.dao.support.DataAccessUtils.translateIfNecessary(DataAccessUtils.java:335) ~[spring-tx-6.1.13.jar:6.1.13]
	at org.springframework.dao.support.PersistenceExceptionTranslationInterceptor.invoke(PersistenceExceptionTranslationInterceptor.java:160) ~[spring-tx-6.1.13.jar:6.1.13]
	at org.springframework.aop.framework.ReflectiveMethodInvocation.proceed(ReflectiveMethodInvocation.java:184) ~[spring-aop-6.1.13.jar:6.1.13]
	at org.springframework.data.jpa.repository.support.CrudMethodMetadataPostProcessor$CrudMethodMetadataPopulatingMethodInterceptor.invoke(CrudMethodMetadataPostProcessor.java:136) ~[spring-data-jpa-3.3.4.jar:3.3.4]
	at org.springframework.aop.framework.ReflectiveMethodInvocation.proceed(ReflectiveMethodInvocation.java:184) ~[spring-aop-6.1.13.jar:6.1.13]
	at org.springframework.aop.interceptor.ExposeInvocationInterceptor.invoke(ExposeInvocationInterceptor.java:97) ~[spring-aop-6.1.13.jar:6.1.13]
	at org.springframework.aop.framework.ReflectiveMethodInvocation.proceed(ReflectiveMethodInvocation.java:184) ~[spring-aop-6.1.13.jar:6.1.13]
	at org.springframework.aop.framework.JdkDynamicAopProxy.invoke(JdkDynamicAopProxy.java:223) ~[spring-aop-6.1.13.jar:6.1.13]
	at jdk.proxy2/jdk.proxy2.$Proxy141.findByCorreoUsuario(Unknown Source) ~[na:na]
	at com.interivalle.Security.UserDetailsServiceImpl.loadUserByUsername(UserDetailsServiceImpl.java:22) ~[classes/:na]
	at com.interivalle.Security.JwtAuthFilter.doFilterInternal(JwtAuthFilter.java:52) ~[classes/:na]
	at org.springframework.web.filter.OncePerRequestFilter.doFilter(OncePerRequestFilter.java:116) ~[spring-web-6.1.13.jar:6.1.13]
	at org.springframework.security.web.FilterChainProxy$VirtualFilterChain.doFilter(FilterChainProxy.java:374) ~[spring-security-web-6.3.3.jar:6.3.3]
	at org.springframework.security.web.authentication.logout.LogoutFilter.doFilter(LogoutFilter.java:107) ~[spring-security-web-6.3.3.jar:6.3.3]
	at org.springframework.security.web.authentication.logout.LogoutFilter.doFilter(LogoutFilter.java:93) ~[spring-security-web-6.3.3.jar:6.3.3]
	at org.springframework.security.web.FilterChainProxy$VirtualFilterChain.doFilter(FilterChainProxy.java:374) ~[spring-security-web-6.3.3.jar:6.3.3]
	at org.springframework.web.filter.CorsFilter.doFilterInternal(CorsFilter.java:91) ~[spring-web-6.1.13.jar:6.1.13]
	at org.springframework.web.filter.OncePerRequestFilter.doFilter(OncePerRequestFilter.java:116) ~[spring-web-6.1.13.jar:6.1.13]
	at org.springframework.security.web.FilterChainProxy$VirtualFilterChain.doFilter(FilterChainProxy.java:374) ~[spring-security-web-6.3.3.jar:6.3.3]
	at org.springframework.security.web.header.HeaderWriterFilter.doHeadersAfter(HeaderWriterFilter.java:90) ~[spring-security-web-6.3.3.jar:6.3.3]
	at org.springframework.security.web.header.HeaderWriterFilter.doFilterInternal(HeaderWriterFilter.java:75) ~[spring-security-web-6.3.3.jar:6.3.3]
	at org.springframework.web.filter.OncePerRequestFilter.doFilter(OncePerRequestFilter.java:116) ~[spring-web-6.1.13.jar:6.1.13]
	at org.springframework.security.web.FilterChainProxy$VirtualFilterChain.doFilter(FilterChainProxy.java:374) ~[spring-security-web-6.3.3.jar:6.3.3]
	at org.springframework.security.web.context.SecurityContextHolderFilter.doFilter(SecurityContextHolderFilter.java:82) ~[spring-security-web-6.3.3.jar:6.3.3]
	at org.springframework.security.web.context.SecurityContextHolderFilter.doFilter(SecurityContextHolderFilter.java:69) ~[spring-security-web-6.3.3.jar:6.3.3]
	at org.springframework.security.web.FilterChainProxy$VirtualFilterChain.doFilter(FilterChainProxy.java:374) ~[spring-security-web-6.3.3.jar:6.3.3]
	at org.springframework.security.web.context.request.async.WebAsyncManagerIntegrationFilter.doFilterInternal(WebAsyncManagerIntegrationFilter.java:62) ~[spring-security-web-6.3.3.jar:6.3.3]
	at org.springframework.web.filter.OncePerRequestFilter.doFilter(OncePerRequestFilter.java:116) ~[spring-web-6.1.13.jar:6.1.13]
	at org.springframework.security.web.FilterChainProxy$VirtualFilterChain.doFilter(FilterChainProxy.java:374) ~[spring-security-web-6.3.3.jar:6.3.3]
	at org.springframework.security.web.session.DisableEncodeUrlFilter.doFilterInternal(DisableEncodeUrlFilter.java:42) ~[spring-security-web-6.3.3.jar:6.3.3]
	at org.springframework.web.filter.OncePerRequestFilter.doFilter(OncePerRequestFilter.java:116) ~[spring-web-6.1.13.jar:6.1.13]
	at org.springframework.security.web.FilterChainProxy$VirtualFilterChain.doFilter(FilterChainProxy.java:374) ~[spring-security-web-6.3.3.jar:6.3.3]
	at org.springframework.security.web.FilterChainProxy.doFilterInternal(FilterChainProxy.java:233) ~[spring-security-web-6.3.3.jar:6.3.3]
	at org.springframework.security.web.FilterChainProxy.doFilter(FilterChainProxy.java:191) ~[spring-security-web-6.3.3.jar:6.3.3]
	at org.springframework.web.filter.CompositeFilter$VirtualFilterChain.doFilter(CompositeFilter.java:113) ~[spring-web-6.1.13.jar:6.1.13]
	at org.springframework.web.servlet.handler.HandlerMappingIntrospector.lambda$createCacheFilter$3(HandlerMappingIntrospector.java:195) ~[spring-webmvc-6.1.13.jar:6.1.13]
	at org.springframework.web.filter.CompositeFilter$VirtualFilterChain.doFilter(CompositeFilter.java:113) ~[spring-web-6.1.13.jar:6.1.13]
	at org.springframework.web.filter.CompositeFilter.doFilter(CompositeFilter.java:74) ~[spring-web-6.1.13.jar:6.1.13]
	at org.springframework.security.config.annotation.web.configuration.WebMvcSecurityConfiguration$CompositeFilterChainProxy.doFilter(WebMvcSecurityConfiguration.java:230) ~[spring-security-config-6.3.3.jar:6.3.3]
	at org.springframework.web.filter.DelegatingFilterProxy.invokeDelegate(DelegatingFilterProxy.java:352) ~[spring-web-6.1.13.jar:6.1.13]
	at org.springframework.web.filter.DelegatingFilterProxy.doFilter(DelegatingFilterProxy.java:268) ~[spring-web-6.1.13.jar:6.1.13]
	at org.apache.catalina.core.ApplicationFilterChain.internalDoFilter(ApplicationFilterChain.java:164) ~[tomcat-embed-core-10.1.30.jar:10.1.30]
	at org.apache.catalina.core.ApplicationFilterChain.doFilter(ApplicationFilterChain.java:140) ~[tomcat-embed-core-10.1.30.jar:10.1.30]
	at org.springframework.web.filter.RequestContextFilter.doFilterInternal(RequestContextFilter.java:100) ~[spring-web-6.1.13.jar:6.1.13]
	at org.springframework.web.filter.OncePerRequestFilter.doFilter(OncePerRequestFilter.java:116) ~[spring-web-6.1.13.jar:6.1.13]
	at org.apache.catalina.core.ApplicationFilterChain.internalDoFilter(ApplicationFilterChain.java:164) ~[tomcat-embed-core-10.1.30.jar:10.1.30]
	at org.apache.catalina.core.ApplicationFilterChain.doFilter(ApplicationFilterChain.java:140) ~[tomcat-embed-core-10.1.30.jar:10.1.30]
	at org.springframework.web.filter.FormContentFilter.doFilterInternal(FormContentFilter.java:93) ~[spring-web-6.1.13.jar:6.1.13]
	at org.springframework.web.filter.OncePerRequestFilter.doFilter(OncePerRequestFilter.java:116) ~[spring-web-6.1.13.jar:6.1.13]
	at org.apache.catalina.core.ApplicationFilterChain.internalDoFilter(ApplicationFilterChain.java:164) ~[tomcat-embed-core-10.1.30.jar:10.1.30]
	at org.apache.catalina.core.ApplicationFilterChain.doFilter(ApplicationFilterChain.java:140) ~[tomcat-embed-core-10.1.30.jar:10.1.30]
	at org.springframework.web.filter.CharacterEncodingFilter.doFilterInternal(CharacterEncodingFilter.java:201) ~[spring-web-6.1.13.jar:6.1.13]
	at org.springframework.web.filter.OncePerRequestFilter.doFilter(OncePerRequestFilter.java:116) ~[spring-web-6.1.13.jar:6.1.13]
	at org.apache.catalina.core.ApplicationFilterChain.internalDoFilter(ApplicationFilterChain.java:164) ~[tomcat-embed-core-10.1.30.jar:10.1.30]
	at org.apache.catalina.core.ApplicationFilterChain.doFilter(ApplicationFilterChain.java:140) ~[tomcat-embed-core-10.1.30.jar:10.1.30]
	at org.apache.catalina.core.StandardWrapperValve.invoke(StandardWrapperValve.java:167) ~[tomcat-embed-core-10.1.30.jar:10.1.30]
	at org.apache.catalina.core.StandardContextValve.invoke(StandardContextValve.java:90) ~[tomcat-embed-core-10.1.30.jar:10.1.30]
	at org.apache.catalina.authenticator.AuthenticatorBase.invoke(AuthenticatorBase.java:483) ~[tomcat-embed-core-10.1.30.jar:10.1.30]
	at org.apache.catalina.core.StandardHostValve.invoke(StandardHostValve.java:115) ~[tomcat-embed-core-10.1.30.jar:10.1.30]
	at org.apache.catalina.valves.ErrorReportValve.invoke(ErrorReportValve.java:93) ~[tomcat-embed-core-10.1.30.jar:10.1.30]
	at org.apache.catalina.core.StandardEngineValve.invoke(StandardEngineValve.java:74) ~[tomcat-embed-core-10.1.30.jar:10.1.30]
	at org.apache.catalina.connector.CoyoteAdapter.service(CoyoteAdapter.java:344) ~[tomcat-embed-core-10.1.30.jar:10.1.30]
	at org.apache.coyote.http11.Http11Processor.service(Http11Processor.java:384) ~[tomcat-embed-core-10.1.30.jar:10.1.30]
	at org.apache.coyote.AbstractProcessorLight.process(AbstractProcessorLight.java:63) ~[tomcat-embed-core-10.1.30.jar:10.1.30]
	at org.apache.coyote.AbstractProtocol$ConnectionHandler.process(AbstractProtocol.java:905) ~[tomcat-embed-core-10.1.30.jar:10.1.30]
	at org.apache.tomcat.util.net.NioEndpoint$SocketProcessor.doRun(NioEndpoint.java:1741) ~[tomcat-embed-core-10.1.30.jar:10.1.30]
	at org.apache.tomcat.util.net.SocketProcessorBase.run(SocketProcessorBase.java:52) ~[tomcat-embed-core-10.1.30.jar:10.1.30]
	at org.apache.tomcat.util.threads.ThreadPoolExecutor.runWorker(ThreadPoolExecutor.java:1190) ~[tomcat-embed-core-10.1.30.jar:10.1.30]
	at org.apache.tomcat.util.threads.ThreadPoolExecutor$Worker.run(ThreadPoolExecutor.java:659) ~[tomcat-embed-core-10.1.30.jar:10.1.30]
	at org.apache.tomcat.util.threads.TaskThread$WrappingRunnable.run(TaskThread.java:63) ~[tomcat-embed-core-10.1.30.jar:10.1.30]
	at java.base/java.lang.Thread.run(Thread.java:840) ~[na:na]
Caused by: org.hibernate.exception.JDBCConnectionException: Unable to acquire JDBC Connection [HikariPool-1 - Connection is not available, request timed out after 30003ms (total=0, active=0, idle=0, waiting=0)] [n/a]
	at org.hibernate.exception.internal.SQLExceptionTypeDelegate.convert(SQLExceptionTypeDelegate.java:51) ~[hibernate-core-6.5.3.Final.jar:6.5.3.Final]
	at org.hibernate.exception.internal.StandardSQLExceptionConverter.convert(StandardSQLExceptionConverter.java:58) ~[hibernate-core-6.5.3.Final.jar:6.5.3.Final]
	at org.hibernate.engine.jdbc.spi.SqlExceptionHelper.convert(SqlExceptionHelper.java:108) ~[hibernate-core-6.5.3.Final.jar:6.5.3.Final]
	at org.hibernate.engine.jdbc.spi.SqlExceptionHelper.convert(SqlExceptionHelper.java:94) ~[hibernate-core-6.5.3.Final.jar:6.5.3.Final]
	at org.hibernate.resource.jdbc.internal.LogicalConnectionManagedImpl.acquireConnectionIfNeeded(LogicalConnectionManagedImpl.java:129) ~[hibernate-core-6.5.3.Final.jar:6.5.3.Final]
	at org.hibernate.resource.jdbc.internal.LogicalConnectionManagedImpl.getPhysicalConnection(LogicalConnectionManagedImpl.java:156) ~[hibernate-core-6.5.3.Final.jar:6.5.3.Final]
	at org.hibernate.engine.jdbc.internal.StatementPreparerImpl.connection(StatementPreparerImpl.java:54) ~[hibernate-core-6.5.3.Final.jar:6.5.3.Final]
	at org.hibernate.engine.jdbc.internal.StatementPreparerImpl$5.doPrepare(StatementPreparerImpl.java:153) ~[hibernate-core-6.5.3.Final.jar:6.5.3.Final]
	at org.hibernate.engine.jdbc.internal.StatementPreparerImpl$StatementPreparationTemplate.prepareStatement(StatementPreparerImpl.java:183) ~[hibernate-core-6.5.3.Final.jar:6.5.3.Final]
	at org.hibernate.engine.jdbc.internal.StatementPreparerImpl.prepareQueryStatement(StatementPreparerImpl.java:155) ~[hibernate-core-6.5.3.Final.jar:6.5.3.Final]
	at org.hibernate.sql.exec.spi.JdbcSelectExecutor.lambda$list$0(JdbcSelectExecutor.java:85) ~[hibernate-core-6.5.3.Final.jar:6.5.3.Final]
	at org.hibernate.sql.results.jdbc.internal.DeferredResultSetAccess.executeQuery(DeferredResultSetAccess.java:231) ~[hibernate-core-6.5.3.Final.jar:6.5.3.Final]
	at org.hibernate.sql.results.jdbc.internal.DeferredResultSetAccess.getResultSet(DeferredResultSetAccess.java:167) ~[hibernate-core-6.5.3.Final.jar:6.5.3.Final]
	at org.hibernate.sql.results.jdbc.internal.JdbcValuesResultSetImpl.advanceNext(JdbcValuesResultSetImpl.java:265) ~[hibernate-core-6.5.3.Final.jar:6.5.3.Final]
	at org.hibernate.sql.results.jdbc.internal.JdbcValuesResultSetImpl.processNext(JdbcValuesResultSetImpl.java:145) ~[hibernate-core-6.5.3.Final.jar:6.5.3.Final]
	at org.hibernate.sql.results.jdbc.internal.AbstractJdbcValues.next(AbstractJdbcValues.java:19) ~[hibernate-core-6.5.3.Final.jar:6.5.3.Final]
	at org.hibernate.sql.results.internal.RowProcessingStateStandardImpl.next(RowProcessingStateStandardImpl.java:67) ~[hibernate-core-6.5.3.Final.jar:6.5.3.Final]
	at org.hibernate.sql.results.spi.ListResultsConsumer.consume(ListResultsConsumer.java:204) ~[hibernate-core-6.5.3.Final.jar:6.5.3.Final]
	at org.hibernate.sql.results.spi.ListResultsConsumer.consume(ListResultsConsumer.java:33) ~[hibernate-core-6.5.3.Final.jar:6.5.3.Final]
	at org.hibernate.sql.exec.internal.JdbcSelectExecutorStandardImpl.doExecuteQuery(JdbcSelectExecutorStandardImpl.java:211) ~[hibernate-core-6.5.3.Final.jar:6.5.3.Final]
	at org.hibernate.sql.exec.internal.JdbcSelectExecutorStandardImpl.executeQuery(JdbcSelectExecutorStandardImpl.java:83) ~[hibernate-core-6.5.3.Final.jar:6.5.3.Final]
	at org.hibernate.sql.exec.spi.JdbcSelectExecutor.list(JdbcSelectExecutor.java:76) ~[hibernate-core-6.5.3.Final.jar:6.5.3.Final]
	at org.hibernate.sql.exec.spi.JdbcSelectExecutor.list(JdbcSelectExecutor.java:65) ~[hibernate-core-6.5.3.Final.jar:6.5.3.Final]
	at org.hibernate.query.sqm.internal.ConcreteSqmSelectQueryPlan.lambda$new$2(ConcreteSqmSelectQueryPlan.java:139) ~[hibernate-core-6.5.3.Final.jar:6.5.3.Final]
	at org.hibernate.query.sqm.internal.ConcreteSqmSelectQueryPlan.withCacheableSqmInterpretation(ConcreteSqmSelectQueryPlan.java:382) ~[hibernate-core-6.5.3.Final.jar:6.5.3.Final]
	at org.hibernate.query.sqm.internal.ConcreteSqmSelectQueryPlan.performList(ConcreteSqmSelectQueryPlan.java:302) ~[hibernate-core-6.5.3.Final.jar:6.5.3.Final]
	at org.hibernate.query.sqm.internal.QuerySqmImpl.doList(QuerySqmImpl.java:526) ~[hibernate-core-6.5.3.Final.jar:6.5.3.Final]
	at org.hibernate.query.spi.AbstractSelectionQuery.list(AbstractSelectionQuery.java:423) ~[hibernate-core-6.5.3.Final.jar:6.5.3.Final]
	at org.hibernate.query.spi.AbstractSelectionQuery.getSingleResult(AbstractSelectionQuery.java:555) ~[hibernate-core-6.5.3.Final.jar:6.5.3.Final]
	at jdk.internal.reflect.GeneratedMethodAccessor59.invoke(Unknown Source) ~[na:na]
	at java.base/jdk.internal.reflect.DelegatingMethodAccessorImpl.invoke(DelegatingMethodAccessorImpl.java:43) ~[na:na]
	at java.base/java.lang.reflect.Method.invoke(Method.java:569) ~[na:na]
	at org.springframework.orm.jpa.SharedEntityManagerCreator$DeferredQueryInvocationHandler.invoke(SharedEntityManagerCreator.java:418) ~[spring-orm-6.1.13.jar:6.1.13]
	at jdk.proxy2/jdk.proxy2.$Proxy193.getSingleResult(Unknown Source) ~[na:na]
	at org.springframework.data.jpa.repository.query.JpaQueryExecution$SingleEntityExecution.doExecute(JpaQueryExecution.java:223) ~[spring-data-jpa-3.3.4.jar:3.3.4]
	at org.springframework.data.jpa.repository.query.JpaQueryExecution.execute(JpaQueryExecution.java:92) ~[spring-data-jpa-3.3.4.jar:3.3.4]
	at org.springframework.data.jpa.repository.query.AbstractJpaQuery.doExecute(AbstractJpaQuery.java:152) ~[spring-data-jpa-3.3.4.jar:3.3.4]
	at org.springframework.data.jpa.repository.query.AbstractJpaQuery.execute(AbstractJpaQuery.java:140) ~[spring-data-jpa-3.3.4.jar:3.3.4]
	at org.springframework.data.repository.core.support.RepositoryMethodInvoker.doInvoke(RepositoryMethodInvoker.java:170) ~[spring-data-commons-3.3.4.jar:3.3.4]
	at org.springframework.data.repository.core.support.RepositoryMethodInvoker.invoke(RepositoryMethodInvoker.java:158) ~[spring-data-commons-3.3.4.jar:3.3.4]
	at org.springframework.data.repository.core.support.QueryExecutorMethodInterceptor.doInvoke(QueryExecutorMethodInterceptor.java:169) ~[spring-data-commons-3.3.4.jar:3.3.4]
	at org.springframework.data.repository.core.support.QueryExecutorMethodInterceptor.invoke(QueryExecutorMethodInterceptor.java:148) ~[spring-data-commons-3.3.4.jar:3.3.4]
	at org.springframework.aop.framework.ReflectiveMethodInvocation.proceed(ReflectiveMethodInvocation.java:184) ~[spring-aop-6.1.13.jar:6.1.13]
	at org.springframework.data.projection.DefaultMethodInvokingMethodInterceptor.invoke(DefaultMethodInvokingMethodInterceptor.java:70) ~[spring-data-commons-3.3.4.jar:3.3.4]
	at org.springframework.aop.framework.ReflectiveMethodInvocation.proceed(ReflectiveMethodInvocation.java:184) ~[spring-aop-6.1.13.jar:6.1.13]
	at org.springframework.transaction.interceptor.TransactionAspectSupport.invokeWithinTransaction(TransactionAspectSupport.java:379) ~[spring-tx-6.1.13.jar:6.1.13]
	at org.springframework.transaction.interceptor.TransactionInterceptor.invoke(TransactionInterceptor.java:119) ~[spring-tx-6.1.13.jar:6.1.13]
	at org.springframework.aop.framework.ReflectiveMethodInvocation.proceed(ReflectiveMethodInvocation.java:184) ~[spring-aop-6.1.13.jar:6.1.13]
	at org.springframework.dao.support.PersistenceExceptionTranslationInterceptor.invoke(PersistenceExceptionTranslationInterceptor.java:138) ~[spring-tx-6.1.13.jar:6.1.13]
	... 69 common frames omitted
Caused by: java.sql.SQLTransientConnectionException: HikariPool-1 - Connection is not available, request timed out after 30003ms (total=0, active=0, idle=0, waiting=0)
	at com.zaxxer.hikari.pool.HikariPool.createTimeoutException(HikariPool.java:686) ~[HikariCP-5.1.0.jar:na]
	at com.zaxxer.hikari.pool.HikariPool.getConnection(HikariPool.java:179) ~[HikariCP-5.1.0.jar:na]
	at com.zaxxer.hikari.pool.HikariPool.getConnection(HikariPool.java:144) ~[HikariCP-5.1.0.jar:na]
	at com.zaxxer.hikari.HikariDataSource.getConnection(HikariDataSource.java:127) ~[HikariCP-5.1.0.jar:na]
	at org.hibernate.engine.jdbc.connections.internal.DatasourceConnectionProviderImpl.getConnection(DatasourceConnectionProviderImpl.java:122) ~[hibernate-core-6.5.3.Final.jar:6.5.3.Final]
	at org.hibernate.internal.NonContextualJdbcConnectionAccess.obtainConnection(NonContextualJdbcConnectionAccess.java:46) ~[hibernate-core-6.5.3.Final.jar:6.5.3.Final]
	at org.hibernate.resource.jdbc.internal.LogicalConnectionManagedImpl.acquireConnectionIfNeeded(LogicalConnectionManagedImpl.java:126) ~[hibernate-core-6.5.3.Final.jar:6.5.3.Final]
	... 113 common frames omitted
Caused by: com.mysql.cj.jdbc.exceptions.CommunicationsException: Communications link failure

The last packet sent successfully to the server was 0 milliseconds ago. The driver has not received any packets from the server.
	at com.mysql.cj.jdbc.exceptions.SQLError.createCommunicationsException(SQLError.java:174) ~[mysql-connector-j-8.3.0.jar:8.3.0]
	at com.mysql.cj.jdbc.exceptions.SQLExceptionsMapping.translateException(SQLExceptionsMapping.java:64) ~[mysql-connector-j-8.3.0.jar:8.3.0]
	at com.mysql.cj.jdbc.ConnectionImpl.createNewIO(ConnectionImpl.java:815) ~[mysql-connector-j-8.3.0.jar:8.3.0]
	at com.mysql.cj.jdbc.ConnectionImpl.<init>(ConnectionImpl.java:438) ~[mysql-connector-j-8.3.0.jar:8.3.0]
	at com.mysql.cj.jdbc.ConnectionImpl.getInstance(ConnectionImpl.java:241) ~[mysql-connector-j-8.3.0.jar:8.3.0]
	at com.mysql.cj.jdbc.NonRegisteringDriver.connect(NonRegisteringDriver.java:189) ~[mysql-connector-j-8.3.0.jar:8.3.0]
	at com.zaxxer.hikari.util.DriverDataSource.getConnection(DriverDataSource.java:137) ~[HikariCP-5.1.0.jar:na]
	at com.zaxxer.hikari.pool.PoolBase.newConnection(PoolBase.java:360) ~[HikariCP-5.1.0.jar:na]
	at com.zaxxer.hikari.pool.PoolBase.newPoolEntry(PoolBase.java:202) ~[HikariCP-5.1.0.jar:na]
	at com.zaxxer.hikari.pool.HikariPool.createPoolEntry(HikariPool.java:461) ~[HikariCP-5.1.0.jar:na]
	at com.zaxxer.hikari.pool.HikariPool$PoolEntryCreator.call(HikariPool.java:724) ~[HikariCP-5.1.0.jar:na]
	at com.zaxxer.hikari.pool.HikariPool$PoolEntryCreator.call(HikariPool.java:703) ~[HikariCP-5.1.0.jar:na]
	at java.base/java.util.concurrent.FutureTask.run(FutureTask.java:264) ~[na:na]
	at java.base/java.util.concurrent.ThreadPoolExecutor.runWorker(ThreadPoolExecutor.java:1136) ~[na:na]
	at java.base/java.util.concurrent.ThreadPoolExecutor$Worker.run(ThreadPoolExecutor.java:635) ~[na:na]
	... 1 common frames omitted
Caused by: com.mysql.cj.exceptions.CJCommunicationsException: Communications link failure

The last packet sent successfully to the server was 0 milliseconds ago. The driver has not received any packets from the server.
	at jdk.internal.reflect.GeneratedConstructorAccessor66.newInstance(Unknown Source) ~[na:na]
	at java.base/jdk.internal.reflect.DelegatingConstructorAccessorImpl.newInstance(DelegatingConstructorAccessorImpl.java:45) ~[na:na]
	at java.base/java.lang.reflect.Constructor.newInstanceWithCaller(Constructor.java:500) ~[na:na]
	at java.base/java.lang.reflect.Constructor.newInstance(Constructor.java:481) ~[na:na]
	at com.mysql.cj.exceptions.ExceptionFactory.createException(ExceptionFactory.java:61) ~[mysql-connector-j-8.3.0.jar:8.3.0]
	at com.mysql.cj.exceptions.ExceptionFactory.createException(ExceptionFactory.java:104) ~[mysql-connector-j-8.3.0.jar:8.3.0]
	at com.mysql.cj.exceptions.ExceptionFactory.createException(ExceptionFactory.java:149) ~[mysql-connector-j-8.3.0.jar:8.3.0]
	at com.mysql.cj.exceptions.ExceptionFactory.createCommunicationsException(ExceptionFactory.java:165) ~[mysql-connector-j-8.3.0.jar:8.3.0]
	at com.mysql.cj.protocol.a.NativeSocketConnection.connect(NativeSocketConnection.java:88) ~[mysql-connector-j-8.3.0.jar:8.3.0]
	at com.mysql.cj.NativeSession.connect(NativeSession.java:120) ~[mysql-connector-j-8.3.0.jar:8.3.0]
	at com.mysql.cj.jdbc.ConnectionImpl.connectOneTryOnly(ConnectionImpl.java:935) ~[mysql-connector-j-8.3.0.jar:8.3.0]
	at com.mysql.cj.jdbc.ConnectionImpl.createNewIO(ConnectionImpl.java:805) ~[mysql-connector-j-8.3.0.jar:8.3.0]
	... 13 common frames omitted
Caused by: java.net.ConnectException: Connection refused: getsockopt
	at java.base/sun.nio.ch.Net.pollConnect(Native Method) ~[na:na]
	at java.base/sun.nio.ch.Net.pollConnectNow(Net.java:672) ~[na:na]
	at java.base/sun.nio.ch.NioSocketImpl.timedFinishConnect(NioSocketImpl.java:547) ~[na:na]
	at java.base/sun.nio.ch.NioSocketImpl.connect(NioSocketImpl.java:602) ~[na:na]
	at java.base/java.net.SocksSocketImpl.connect(SocksSocketImpl.java:327) ~[na:na]
	at java.base/java.net.Socket.connect(Socket.java:633) ~[na:na]
	at com.mysql.cj.protocol.StandardSocketFactory.connect(StandardSocketFactory.java:153) ~[mysql-connector-j-8.3.0.jar:8.3.0]
	at com.mysql.cj.protocol.a.NativeSocketConnection.connect(NativeSocketConnection.java:62) ~[mysql-connector-j-8.3.0.jar:8.3.0]
	... 16 common frames omitted

2026-07-08T19:18:49.123-05:00 DEBUG 30052 --- [Backend_Login] [nio-8081-exec-3] o.s.security.web.FilterChainProxy        : Securing GET /error
2026-07-08T19:18:49.123-05:00 DEBUG 30052 --- [Backend_Login] [nio-8081-exec-3] o.s.s.w.a.AnonymousAuthenticationFilter  : Set SecurityContextHolder to anonymous SecurityContext
2026-07-08T19:18:49.124-05:00 DEBUG 30052 --- [Backend_Login] [nio-8081-exec-3] o.s.security.web.FilterChainProxy        : Secured GET /error
2026-07-08T19:19:19.087-05:00 DEBUG 30052 --- [Backend_Login] [nio-8081-exec-6] o.s.security.web.FilterChainProxy        : Securing OPTIONS /api/notificaciones/contador
2026-07-08T19:19:19.091-05:00 DEBUG 30052 --- [Backend_Login] [nio-8081-exec-1] o.s.security.web.FilterChainProxy        : Securing OPTIONS /api/notificaciones/contador
2026-07-08T19:19:19.092-05:00 DEBUG 30052 --- [Backend_Login] [nio-8081-exec-2] o.s.security.web.FilterChainProxy        : Securing GET /api/notificaciones/contador
2026-07-08T19:19:19.092-05:00 DEBUG 30052 --- [Backend_Login] [nio-8081-exec-2] o.s.s.w.a.AnonymousAuthenticationFilter  : Set SecurityContextHolder to anonymous SecurityContext
2026-07-08T19:19:19.093-05:00 DEBUG 30052 --- [Backend_Login] [nio-8081-exec-2] o.s.s.w.a.Http403ForbiddenEntryPoint     : Pre-authenticated entry point called. Rejecting access
2026-07-08T19:19:19.095-05:00 DEBUG 30052 --- [Backend_Login] [nio-8081-exec-2] o.s.security.web.FilterChainProxy        : Securing GET /error
2026-07-08T19:19:19.096-05:00 DEBUG 30052 --- [Backend_Login] [nio-8081-exec-2] o.s.security.web.FilterChainProxy        : Secured GET /error
2026-07-08T19:19:19.096-05:00 DEBUG 30052 --- [Backend_Login] [nio-8081-exec-5] o.s.security.web.FilterChainProxy        : Securing GET /api/notificaciones/contador
2026-07-08T19:19:19.099-05:00 DEBUG 30052 --- [Backend_Login] [nio-8081-exec-2] o.s.s.w.a.AnonymousAuthenticationFilter  : Set SecurityContextHolder to anonymous SecurityContext
Hibernate: select u1_0.id_usuario,u1_0.celular_usuario,u1_0.ciudad_usuario,u1_0.contrasena_usuario,u1_0.correo_usuario,u1_0.estado_usuario,u1_0.fecha_registro_usuario,u1_0.id_rol,u1_0.nombre_usuario from usuario u1_0 where u1_0.correo_usuario=?
2026-07-08T19:19:49.108-05:00  WARN 30052 --- [Backend_Login] [nio-8081-exec-5] o.h.engine.jdbc.spi.SqlExceptionHelper   : SQL Error: 0, SQLState: 08S01
2026-07-08T19:19:49.109-05:00 ERROR 30052 --- [Backend_Login] [nio-8081-exec-5] o.h.engine.jdbc.spi.SqlExceptionHelper   : HikariPool-1 - Connection is not available, request timed out after 30004ms (total=0, active=0, idle=0, waiting=0)
2026-07-08T19:19:49.109-05:00 ERROR 30052 --- [Backend_Login] [nio-8081-exec-5] o.h.engine.jdbc.spi.SqlExceptionHelper   : Communications link failure

The last packet sent successfully to the server was 0 milliseconds ago. The driver has not received any packets from the server.
2026-07-08T19:19:49.110-05:00 ERROR 30052 --- [Backend_Login] [nio-8081-exec-5] o.a.c.c.C.[.[.[/].[dispatcherServlet]    : Servlet.service() for servlet [dispatcherServlet] in context with path [] threw exception

org.springframework.dao.DataAccessResourceFailureException: Unable to acquire JDBC Connection [HikariPool-1 - Connection is not available, request timed out after 30004ms (total=0, active=0, idle=0, waiting=0)] [n/a]
	at org.springframework.orm.jpa.vendor.HibernateJpaDialect.convertHibernateAccessException(HibernateJpaDialect.java:274) ~[spring-orm-6.1.13.jar:6.1.13]
	at org.springframework.orm.jpa.vendor.HibernateJpaDialect.translateExceptionIfPossible(HibernateJpaDialect.java:241) ~[spring-orm-6.1.13.jar:6.1.13]
	at org.springframework.orm.jpa.AbstractEntityManagerFactoryBean.translateExceptionIfPossible(AbstractEntityManagerFactoryBean.java:550) ~[spring-orm-6.1.13.jar:6.1.13]
	at org.springframework.dao.support.ChainedPersistenceExceptionTranslator.translateExceptionIfPossible(ChainedPersistenceExceptionTranslator.java:61) ~[spring-tx-6.1.13.jar:6.1.13]
	at org.springframework.dao.support.DataAccessUtils.translateIfNecessary(DataAccessUtils.java:335) ~[spring-tx-6.1.13.jar:6.1.13]
	at org.springframework.dao.support.PersistenceExceptionTranslationInterceptor.invoke(PersistenceExceptionTranslationInterceptor.java:160) ~[spring-tx-6.1.13.jar:6.1.13]
	at org.springframework.aop.framework.ReflectiveMethodInvocation.proceed(ReflectiveMethodInvocation.java:184) ~[spring-aop-6.1.13.jar:6.1.13]
	at org.springframework.data.jpa.repository.support.CrudMethodMetadataPostProcessor$CrudMethodMetadataPopulatingMethodInterceptor.invoke(CrudMethodMetadataPostProcessor.java:136) ~[spring-data-jpa-3.3.4.jar:3.3.4]
	at org.springframework.aop.framework.ReflectiveMethodInvocation.proceed(ReflectiveMethodInvocation.java:184) ~[spring-aop-6.1.13.jar:6.1.13]
	at org.springframework.aop.interceptor.ExposeInvocationInterceptor.invoke(ExposeInvocationInterceptor.java:97) ~[spring-aop-6.1.13.jar:6.1.13]
	at org.springframework.aop.framework.ReflectiveMethodInvocation.proceed(ReflectiveMethodInvocation.java:184) ~[spring-aop-6.1.13.jar:6.1.13]
	at org.springframework.aop.framework.JdkDynamicAopProxy.invoke(JdkDynamicAopProxy.java:223) ~[spring-aop-6.1.13.jar:6.1.13]
	at jdk.proxy2/jdk.proxy2.$Proxy141.findByCorreoUsuario(Unknown Source) ~[na:na]
	at com.interivalle.Security.UserDetailsServiceImpl.loadUserByUsername(UserDetailsServiceImpl.java:22) ~[classes/:na]
	at com.interivalle.Security.JwtAuthFilter.doFilterInternal(JwtAuthFilter.java:52) ~[classes/:na]
	at org.springframework.web.filter.OncePerRequestFilter.doFilter(OncePerRequestFilter.java:116) ~[spring-web-6.1.13.jar:6.1.13]
	at org.springframework.security.web.FilterChainProxy$VirtualFilterChain.doFilter(FilterChainProxy.java:374) ~[spring-security-web-6.3.3.jar:6.3.3]
	at org.springframework.security.web.authentication.logout.LogoutFilter.doFilter(LogoutFilter.java:107) ~[spring-security-web-6.3.3.jar:6.3.3]
	at org.springframework.security.web.authentication.logout.LogoutFilter.doFilter(LogoutFilter.java:93) ~[spring-security-web-6.3.3.jar:6.3.3]
	at org.springframework.security.web.FilterChainProxy$VirtualFilterChain.doFilter(FilterChainProxy.java:374) ~[spring-security-web-6.3.3.jar:6.3.3]
	at org.springframework.web.filter.CorsFilter.doFilterInternal(CorsFilter.java:91) ~[spring-web-6.1.13.jar:6.1.13]
	at org.springframework.web.filter.OncePerRequestFilter.doFilter(OncePerRequestFilter.java:116) ~[spring-web-6.1.13.jar:6.1.13]
	at org.springframework.security.web.FilterChainProxy$VirtualFilterChain.doFilter(FilterChainProxy.java:374) ~[spring-security-web-6.3.3.jar:6.3.3]
	at org.springframework.security.web.header.HeaderWriterFilter.doHeadersAfter(HeaderWriterFilter.java:90) ~[spring-security-web-6.3.3.jar:6.3.3]
	at org.springframework.security.web.header.HeaderWriterFilter.doFilterInternal(HeaderWriterFilter.java:75) ~[spring-security-web-6.3.3.jar:6.3.3]
	at org.springframework.web.filter.OncePerRequestFilter.doFilter(OncePerRequestFilter.java:116) ~[spring-web-6.1.13.jar:6.1.13]
	at org.springframework.security.web.FilterChainProxy$VirtualFilterChain.doFilter(FilterChainProxy.java:374) ~[spring-security-web-6.3.3.jar:6.3.3]
	at org.springframework.security.web.context.SecurityContextHolderFilter.doFilter(SecurityContextHolderFilter.java:82) ~[spring-security-web-6.3.3.jar:6.3.3]
	at org.springframework.security.web.context.SecurityContextHolderFilter.doFilter(SecurityContextHolderFilter.java:69) ~[spring-security-web-6.3.3.jar:6.3.3]
	at org.springframework.security.web.FilterChainProxy$VirtualFilterChain.doFilter(FilterChainProxy.java:374) ~[spring-security-web-6.3.3.jar:6.3.3]
	at org.springframework.security.web.context.request.async.WebAsyncManagerIntegrationFilter.doFilterInternal(WebAsyncManagerIntegrationFilter.java:62) ~[spring-security-web-6.3.3.jar:6.3.3]
	at org.springframework.web.filter.OncePerRequestFilter.doFilter(OncePerRequestFilter.java:116) ~[spring-web-6.1.13.jar:6.1.13]
	at org.springframework.security.web.FilterChainProxy$VirtualFilterChain.doFilter(FilterChainProxy.java:374) ~[spring-security-web-6.3.3.jar:6.3.3]
	at org.springframework.security.web.session.DisableEncodeUrlFilter.doFilterInternal(DisableEncodeUrlFilter.java:42) ~[spring-security-web-6.3.3.jar:6.3.3]
	at org.springframework.web.filter.OncePerRequestFilter.doFilter(OncePerRequestFilter.java:116) ~[spring-web-6.1.13.jar:6.1.13]
	at org.springframework.security.web.FilterChainProxy$VirtualFilterChain.doFilter(FilterChainProxy.java:374) ~[spring-security-web-6.3.3.jar:6.3.3]
	at org.springframework.security.web.FilterChainProxy.doFilterInternal(FilterChainProxy.java:233) ~[spring-security-web-6.3.3.jar:6.3.3]
	at org.springframework.security.web.FilterChainProxy.doFilter(FilterChainProxy.java:191) ~[spring-security-web-6.3.3.jar:6.3.3]
	at org.springframework.web.filter.CompositeFilter$VirtualFilterChain.doFilter(CompositeFilter.java:113) ~[spring-web-6.1.13.jar:6.1.13]
	at org.springframework.web.servlet.handler.HandlerMappingIntrospector.lambda$createCacheFilter$3(HandlerMappingIntrospector.java:195) ~[spring-webmvc-6.1.13.jar:6.1.13]
	at org.springframework.web.filter.CompositeFilter$VirtualFilterChain.doFilter(CompositeFilter.java:113) ~[spring-web-6.1.13.jar:6.1.13]
	at org.springframework.web.filter.CompositeFilter.doFilter(CompositeFilter.java:74) ~[spring-web-6.1.13.jar:6.1.13]
	at org.springframework.security.config.annotation.web.configuration.WebMvcSecurityConfiguration$CompositeFilterChainProxy.doFilter(WebMvcSecurityConfiguration.java:230) ~[spring-security-config-6.3.3.jar:6.3.3]
	at org.springframework.web.filter.DelegatingFilterProxy.invokeDelegate(DelegatingFilterProxy.java:352) ~[spring-web-6.1.13.jar:6.1.13]
	at org.springframework.web.filter.DelegatingFilterProxy.doFilter(DelegatingFilterProxy.java:268) ~[spring-web-6.1.13.jar:6.1.13]
	at org.apache.catalina.core.ApplicationFilterChain.internalDoFilter(ApplicationFilterChain.java:164) ~[tomcat-embed-core-10.1.30.jar:10.1.30]
	at org.apache.catalina.core.ApplicationFilterChain.doFilter(ApplicationFilterChain.java:140) ~[tomcat-embed-core-10.1.30.jar:10.1.30]
	at org.springframework.web.filter.RequestContextFilter.doFilterInternal(RequestContextFilter.java:100) ~[spring-web-6.1.13.jar:6.1.13]
	at org.springframework.web.filter.OncePerRequestFilter.doFilter(OncePerRequestFilter.java:116) ~[spring-web-6.1.13.jar:6.1.13]
	at org.apache.catalina.core.ApplicationFilterChain.internalDoFilter(ApplicationFilterChain.java:164) ~[tomcat-embed-core-10.1.30.jar:10.1.30]
	at org.apache.catalina.core.ApplicationFilterChain.doFilter(ApplicationFilterChain.java:140) ~[tomcat-embed-core-10.1.30.jar:10.1.30]
	at org.springframework.web.filter.FormContentFilter.doFilterInternal(FormContentFilter.java:93) ~[spring-web-6.1.13.jar:6.1.13]
	at org.springframework.web.filter.OncePerRequestFilter.doFilter(OncePerRequestFilter.java:116) ~[spring-web-6.1.13.jar:6.1.13]
	at org.apache.catalina.core.ApplicationFilterChain.internalDoFilter(ApplicationFilterChain.java:164) ~[tomcat-embed-core-10.1.30.jar:10.1.30]
	at org.apache.catalina.core.ApplicationFilterChain.doFilter(ApplicationFilterChain.java:140) ~[tomcat-embed-core-10.1.30.jar:10.1.30]
	at org.springframework.web.filter.CharacterEncodingFilter.doFilterInternal(CharacterEncodingFilter.java:201) ~[spring-web-6.1.13.jar:6.1.13]
	at org.springframework.web.filter.OncePerRequestFilter.doFilter(OncePerRequestFilter.java:116) ~[spring-web-6.1.13.jar:6.1.13]
	at org.apache.catalina.core.ApplicationFilterChain.internalDoFilter(ApplicationFilterChain.java:164) ~[tomcat-embed-core-10.1.30.jar:10.1.30]
	at org.apache.catalina.core.ApplicationFilterChain.doFilter(ApplicationFilterChain.java:140) ~[tomcat-embed-core-10.1.30.jar:10.1.30]
	at org.apache.catalina.core.StandardWrapperValve.invoke(StandardWrapperValve.java:167) ~[tomcat-embed-core-10.1.30.jar:10.1.30]
	at org.apache.catalina.core.StandardContextValve.invoke(StandardContextValve.java:90) ~[tomcat-embed-core-10.1.30.jar:10.1.30]
	at org.apache.catalina.authenticator.AuthenticatorBase.invoke(AuthenticatorBase.java:483) ~[tomcat-embed-core-10.1.30.jar:10.1.30]
	at org.apache.catalina.core.StandardHostValve.invoke(StandardHostValve.java:115) ~[tomcat-embed-core-10.1.30.jar:10.1.30]
	at org.apache.catalina.valves.ErrorReportValve.invoke(ErrorReportValve.java:93) ~[tomcat-embed-core-10.1.30.jar:10.1.30]
	at org.apache.catalina.core.StandardEngineValve.invoke(StandardEngineValve.java:74) ~[tomcat-embed-core-10.1.30.jar:10.1.30]
	at org.apache.catalina.connector.CoyoteAdapter.service(CoyoteAdapter.java:344) ~[tomcat-embed-core-10.1.30.jar:10.1.30]
	at org.apache.coyote.http11.Http11Processor.service(Http11Processor.java:384) ~[tomcat-embed-core-10.1.30.jar:10.1.30]
	at org.apache.coyote.AbstractProcessorLight.process(AbstractProcessorLight.java:63) ~[tomcat-embed-core-10.1.30.jar:10.1.30]
	at org.apache.coyote.AbstractProtocol$ConnectionHandler.process(AbstractProtocol.java:905) ~[tomcat-embed-core-10.1.30.jar:10.1.30]
	at org.apache.tomcat.util.net.NioEndpoint$SocketProcessor.doRun(NioEndpoint.java:1741) ~[tomcat-embed-core-10.1.30.jar:10.1.30]
	at org.apache.tomcat.util.net.SocketProcessorBase.run(SocketProcessorBase.java:52) ~[tomcat-embed-core-10.1.30.jar:10.1.30]
	at org.apache.tomcat.util.threads.ThreadPoolExecutor.runWorker(ThreadPoolExecutor.java:1190) ~[tomcat-embed-core-10.1.30.jar:10.1.30]
	at org.apache.tomcat.util.threads.ThreadPoolExecutor$Worker.run(ThreadPoolExecutor.java:659) ~[tomcat-embed-core-10.1.30.jar:10.1.30]
	at org.apache.tomcat.util.threads.TaskThread$WrappingRunnable.run(TaskThread.java:63) ~[tomcat-embed-core-10.1.30.jar:10.1.30]
	at java.base/java.lang.Thread.run(Thread.java:840) ~[na:na]
Caused by: org.hibernate.exception.JDBCConnectionException: Unable to acquire JDBC Connection [HikariPool-1 - Connection is not available, request timed out after 30004ms (total=0, active=0, idle=0, waiting=0)] [n/a]
	at org.hibernate.exception.internal.SQLExceptionTypeDelegate.convert(SQLExceptionTypeDelegate.java:51) ~[hibernate-core-6.5.3.Final.jar:6.5.3.Final]
	at org.hibernate.exception.internal.StandardSQLExceptionConverter.convert(StandardSQLExceptionConverter.java:58) ~[hibernate-core-6.5.3.Final.jar:6.5.3.Final]
	at org.hibernate.engine.jdbc.spi.SqlExceptionHelper.convert(SqlExceptionHelper.java:108) ~[hibernate-core-6.5.3.Final.jar:6.5.3.Final]
	at org.hibernate.engine.jdbc.spi.SqlExceptionHelper.convert(SqlExceptionHelper.java:94) ~[hibernate-core-6.5.3.Final.jar:6.5.3.Final]
	at org.hibernate.resource.jdbc.internal.LogicalConnectionManagedImpl.acquireConnectionIfNeeded(LogicalConnectionManagedImpl.java:129) ~[hibernate-core-6.5.3.Final.jar:6.5.3.Final]
	at org.hibernate.resource.jdbc.internal.LogicalConnectionManagedImpl.getPhysicalConnection(LogicalConnectionManagedImpl.java:156) ~[hibernate-core-6.5.3.Final.jar:6.5.3.Final]
	at org.hibernate.engine.jdbc.internal.StatementPreparerImpl.connection(StatementPreparerImpl.java:54) ~[hibernate-core-6.5.3.Final.jar:6.5.3.Final]
	at org.hibernate.engine.jdbc.internal.StatementPreparerImpl$5.doPrepare(StatementPreparerImpl.java:153) ~[hibernate-core-6.5.3.Final.jar:6.5.3.Final]
	at org.hibernate.engine.jdbc.internal.StatementPreparerImpl$StatementPreparationTemplate.prepareStatement(StatementPreparerImpl.java:183) ~[hibernate-core-6.5.3.Final.jar:6.5.3.Final]
	at org.hibernate.engine.jdbc.internal.StatementPreparerImpl.prepareQueryStatement(StatementPreparerImpl.java:155) ~[hibernate-core-6.5.3.Final.jar:6.5.3.Final]
	at org.hibernate.sql.exec.spi.JdbcSelectExecutor.lambda$list$0(JdbcSelectExecutor.java:85) ~[hibernate-core-6.5.3.Final.jar:6.5.3.Final]
	at org.hibernate.sql.results.jdbc.internal.DeferredResultSetAccess.executeQuery(DeferredResultSetAccess.java:231) ~[hibernate-core-6.5.3.Final.jar:6.5.3.Final]
	at org.hibernate.sql.results.jdbc.internal.DeferredResultSetAccess.getResultSet(DeferredResultSetAccess.java:167) ~[hibernate-core-6.5.3.Final.jar:6.5.3.Final]
	at org.hibernate.sql.results.jdbc.internal.JdbcValuesResultSetImpl.advanceNext(JdbcValuesResultSetImpl.java:265) ~[hibernate-core-6.5.3.Final.jar:6.5.3.Final]
	at org.hibernate.sql.results.jdbc.internal.JdbcValuesResultSetImpl.processNext(JdbcValuesResultSetImpl.java:145) ~[hibernate-core-6.5.3.Final.jar:6.5.3.Final]
	at org.hibernate.sql.results.jdbc.internal.AbstractJdbcValues.next(AbstractJdbcValues.java:19) ~[hibernate-core-6.5.3.Final.jar:6.5.3.Final]
	at org.hibernate.sql.results.internal.RowProcessingStateStandardImpl.next(RowProcessingStateStandardImpl.java:67) ~[hibernate-core-6.5.3.Final.jar:6.5.3.Final]
	at org.hibernate.sql.results.spi.ListResultsConsumer.consume(ListResultsConsumer.java:204) ~[hibernate-core-6.5.3.Final.jar:6.5.3.Final]
	at org.hibernate.sql.results.spi.ListResultsConsumer.consume(ListResultsConsumer.java:33) ~[hibernate-core-6.5.3.Final.jar:6.5.3.Final]
	at org.hibernate.sql.exec.internal.JdbcSelectExecutorStandardImpl.doExecuteQuery(JdbcSelectExecutorStandardImpl.java:211) ~[hibernate-core-6.5.3.Final.jar:6.5.3.Final]
	at org.hibernate.sql.exec.internal.JdbcSelectExecutorStandardImpl.executeQuery(JdbcSelectExecutorStandardImpl.java:83) ~[hibernate-core-6.5.3.Final.jar:6.5.3.Final]
	at org.hibernate.sql.exec.spi.JdbcSelectExecutor.list(JdbcSelectExecutor.java:76) ~[hibernate-core-6.5.3.Final.jar:6.5.3.Final]
	at org.hibernate.sql.exec.spi.JdbcSelectExecutor.list(JdbcSelectExecutor.java:65) ~[hibernate-core-6.5.3.Final.jar:6.5.3.Final]
	at org.hibernate.query.sqm.internal.ConcreteSqmSelectQueryPlan.lambda$new$2(ConcreteSqmSelectQueryPlan.java:139) ~[hibernate-core-6.5.3.Final.jar:6.5.3.Final]
	at org.hibernate.query.sqm.internal.ConcreteSqmSelectQueryPlan.withCacheableSqmInterpretation(ConcreteSqmSelectQueryPlan.java:382) ~[hibernate-core-6.5.3.Final.jar:6.5.3.Final]
	at org.hibernate.query.sqm.internal.ConcreteSqmSelectQueryPlan.performList(ConcreteSqmSelectQueryPlan.java:302) ~[hibernate-core-6.5.3.Final.jar:6.5.3.Final]
	at org.hibernate.query.sqm.internal.QuerySqmImpl.doList(QuerySqmImpl.java:526) ~[hibernate-core-6.5.3.Final.jar:6.5.3.Final]
	at org.hibernate.query.spi.AbstractSelectionQuery.list(AbstractSelectionQuery.java:423) ~[hibernate-core-6.5.3.Final.jar:6.5.3.Final]
	at org.hibernate.query.spi.AbstractSelectionQuery.getSingleResult(AbstractSelectionQuery.java:555) ~[hibernate-core-6.5.3.Final.jar:6.5.3.Final]
	at jdk.internal.reflect.GeneratedMethodAccessor59.invoke(Unknown Source) ~[na:na]
	at java.base/jdk.internal.reflect.DelegatingMethodAccessorImpl.invoke(DelegatingMethodAccessorImpl.java:43) ~[na:na]
	at java.base/java.lang.reflect.Method.invoke(Method.java:569) ~[na:na]
	at org.springframework.orm.jpa.SharedEntityManagerCreator$DeferredQueryInvocationHandler.invoke(SharedEntityManagerCreator.java:418) ~[spring-orm-6.1.13.jar:6.1.13]
	at jdk.proxy2/jdk.proxy2.$Proxy193.getSingleResult(Unknown Source) ~[na:na]
	at org.springframework.data.jpa.repository.query.JpaQueryExecution$SingleEntityExecution.doExecute(JpaQueryExecution.java:223) ~[spring-data-jpa-3.3.4.jar:3.3.4]
	at org.springframework.data.jpa.repository.query.JpaQueryExecution.execute(JpaQueryExecution.java:92) ~[spring-data-jpa-3.3.4.jar:3.3.4]
	at org.springframework.data.jpa.repository.query.AbstractJpaQuery.doExecute(AbstractJpaQuery.java:152) ~[spring-data-jpa-3.3.4.jar:3.3.4]
	at org.springframework.data.jpa.repository.query.AbstractJpaQuery.execute(AbstractJpaQuery.java:140) ~[spring-data-jpa-3.3.4.jar:3.3.4]
	at org.springframework.data.repository.core.support.RepositoryMethodInvoker.doInvoke(RepositoryMethodInvoker.java:170) ~[spring-data-commons-3.3.4.jar:3.3.4]
	at org.springframework.data.repository.core.support.RepositoryMethodInvoker.invoke(RepositoryMethodInvoker.java:158) ~[spring-data-commons-3.3.4.jar:3.3.4]
	at org.springframework.data.repository.core.support.QueryExecutorMethodInterceptor.doInvoke(QueryExecutorMethodInterceptor.java:169) ~[spring-data-commons-3.3.4.jar:3.3.4]
	at org.springframework.data.repository.core.support.QueryExecutorMethodInterceptor.invoke(QueryExecutorMethodInterceptor.java:148) ~[spring-data-commons-3.3.4.jar:3.3.4]
	at org.springframework.aop.framework.ReflectiveMethodInvocation.proceed(ReflectiveMethodInvocation.java:184) ~[spring-aop-6.1.13.jar:6.1.13]
	at org.springframework.data.projection.DefaultMethodInvokingMethodInterceptor.invoke(DefaultMethodInvokingMethodInterceptor.java:70) ~[spring-data-commons-3.3.4.jar:3.3.4]
	at org.springframework.aop.framework.ReflectiveMethodInvocation.proceed(ReflectiveMethodInvocation.java:184) ~[spring-aop-6.1.13.jar:6.1.13]
	at org.springframework.transaction.interceptor.TransactionAspectSupport.invokeWithinTransaction(TransactionAspectSupport.java:379) ~[spring-tx-6.1.13.jar:6.1.13]
	at org.springframework.transaction.interceptor.TransactionInterceptor.invoke(TransactionInterceptor.java:119) ~[spring-tx-6.1.13.jar:6.1.13]
	at org.springframework.aop.framework.ReflectiveMethodInvocation.proceed(ReflectiveMethodInvocation.java:184) ~[spring-aop-6.1.13.jar:6.1.13]
	at org.springframework.dao.support.PersistenceExceptionTranslationInterceptor.invoke(PersistenceExceptionTranslationInterceptor.java:138) ~[spring-tx-6.1.13.jar:6.1.13]
	... 69 common frames omitted
Caused by: java.sql.SQLTransientConnectionException: HikariPool-1 - Connection is not available, request timed out after 30004ms (total=0, active=0, idle=0, waiting=0)
	at com.zaxxer.hikari.pool.HikariPool.createTimeoutException(HikariPool.java:686) ~[HikariCP-5.1.0.jar:na]
	at com.zaxxer.hikari.pool.HikariPool.getConnection(HikariPool.java:179) ~[HikariCP-5.1.0.jar:na]
	at com.zaxxer.hikari.pool.HikariPool.getConnection(HikariPool.java:144) ~[HikariCP-5.1.0.jar:na]
	at com.zaxxer.hikari.HikariDataSource.getConnection(HikariDataSource.java:127) ~[HikariCP-5.1.0.jar:na]
	at org.hibernate.engine.jdbc.connections.internal.DatasourceConnectionProviderImpl.getConnection(DatasourceConnectionProviderImpl.java:122) ~[hibernate-core-6.5.3.Final.jar:6.5.3.Final]
	at org.hibernate.internal.NonContextualJdbcConnectionAccess.obtainConnection(NonContextualJdbcConnectionAccess.java:46) ~[hibernate-core-6.5.3.Final.jar:6.5.3.Final]
	at org.hibernate.resource.jdbc.internal.LogicalConnectionManagedImpl.acquireConnectionIfNeeded(LogicalConnectionManagedImpl.java:126) ~[hibernate-core-6.5.3.Final.jar:6.5.3.Final]
	... 113 common frames omitted
Caused by: com.mysql.cj.jdbc.exceptions.CommunicationsException: Communications link failure

The last packet sent successfully to the server was 0 milliseconds ago. The driver has not received any packets from the server.
	at com.mysql.cj.jdbc.exceptions.SQLError.createCommunicationsException(SQLError.java:174) ~[mysql-connector-j-8.3.0.jar:8.3.0]
	at com.mysql.cj.jdbc.exceptions.SQLExceptionsMapping.translateException(SQLExceptionsMapping.java:64) ~[mysql-connector-j-8.3.0.jar:8.3.0]
	at com.mysql.cj.jdbc.ConnectionImpl.createNewIO(ConnectionImpl.java:815) ~[mysql-connector-j-8.3.0.jar:8.3.0]
	at com.mysql.cj.jdbc.ConnectionImpl.<init>(ConnectionImpl.java:438) ~[mysql-connector-j-8.3.0.jar:8.3.0]
	at com.mysql.cj.jdbc.ConnectionImpl.getInstance(ConnectionImpl.java:241) ~[mysql-connector-j-8.3.0.jar:8.3.0]
	at com.mysql.cj.jdbc.NonRegisteringDriver.connect(NonRegisteringDriver.java:189) ~[mysql-connector-j-8.3.0.jar:8.3.0]
	at com.zaxxer.hikari.util.DriverDataSource.getConnection(DriverDataSource.java:137) ~[HikariCP-5.1.0.jar:na]
	at com.zaxxer.hikari.pool.PoolBase.newConnection(PoolBase.java:360) ~[HikariCP-5.1.0.jar:na]
	at com.zaxxer.hikari.pool.PoolBase.newPoolEntry(PoolBase.java:202) ~[HikariCP-5.1.0.jar:na]
	at com.zaxxer.hikari.pool.HikariPool.createPoolEntry(HikariPool.java:461) ~[HikariCP-5.1.0.jar:na]
	at com.zaxxer.hikari.pool.HikariPool$PoolEntryCreator.call(HikariPool.java:724) ~[HikariCP-5.1.0.jar:na]
	at com.zaxxer.hikari.pool.HikariPool$PoolEntryCreator.call(HikariPool.java:703) ~[HikariCP-5.1.0.jar:na]
	at java.base/java.util.concurrent.FutureTask.run(FutureTask.java:264) ~[na:na]
	at java.base/java.util.concurrent.ThreadPoolExecutor.runWorker(ThreadPoolExecutor.java:1136) ~[na:na]
	at java.base/java.util.concurrent.ThreadPoolExecutor$Worker.run(ThreadPoolExecutor.java:635) ~[na:na]
	... 1 common frames omitted
Caused by: com.mysql.cj.exceptions.CJCommunicationsException: Communications link failure

The last packet sent successfully to the server was 0 milliseconds ago. The driver has not received any packets from the server.
	at jdk.internal.reflect.GeneratedConstructorAccessor66.newInstance(Unknown Source) ~[na:na]
	at java.base/jdk.internal.reflect.DelegatingConstructorAccessorImpl.newInstance(DelegatingConstructorAccessorImpl.java:45) ~[na:na]
	at java.base/java.lang.reflect.Constructor.newInstanceWithCaller(Constructor.java:500) ~[na:na]
	at java.base/java.lang.reflect.Constructor.newInstance(Constructor.java:481) ~[na:na]
	at com.mysql.cj.exceptions.ExceptionFactory.createException(ExceptionFactory.java:61) ~[mysql-connector-j-8.3.0.jar:8.3.0]
	at com.mysql.cj.exceptions.ExceptionFactory.createException(ExceptionFactory.java:104) ~[mysql-connector-j-8.3.0.jar:8.3.0]
	at com.mysql.cj.exceptions.ExceptionFactory.createException(ExceptionFactory.java:149) ~[mysql-connector-j-8.3.0.jar:8.3.0]
	at com.mysql.cj.exceptions.ExceptionFactory.createCommunicationsException(ExceptionFactory.java:165) ~[mysql-connector-j-8.3.0.jar:8.3.0]
	at com.mysql.cj.protocol.a.NativeSocketConnection.connect(NativeSocketConnection.java:88) ~[mysql-connector-j-8.3.0.jar:8.3.0]
	at com.mysql.cj.NativeSession.connect(NativeSession.java:120) ~[mysql-connector-j-8.3.0.jar:8.3.0]
	at com.mysql.cj.jdbc.ConnectionImpl.connectOneTryOnly(ConnectionImpl.java:935) ~[mysql-connector-j-8.3.0.jar:8.3.0]
	at com.mysql.cj.jdbc.ConnectionImpl.createNewIO(ConnectionImpl.java:805) ~[mysql-connector-j-8.3.0.jar:8.3.0]
	... 13 common frames omitted
Caused by: java.net.ConnectException: Connection refused: getsockopt
	at java.base/sun.nio.ch.Net.pollConnect(Native Method) ~[na:na]
	at java.base/sun.nio.ch.Net.pollConnectNow(Net.java:672) ~[na:na]
	at java.base/sun.nio.ch.NioSocketImpl.timedFinishConnect(NioSocketImpl.java:547) ~[na:na]
	at java.base/sun.nio.ch.NioSocketImpl.connect(NioSocketImpl.java:602) ~[na:na]
	at java.base/java.net.SocksSocketImpl.connect(SocksSocketImpl.java:327) ~[na:na]
	at java.base/java.net.Socket.connect(Socket.java:633) ~[na:na]
	at com.mysql.cj.protocol.StandardSocketFactory.connect(StandardSocketFactory.java:153) ~[mysql-connector-j-8.3.0.jar:8.3.0]
	at com.mysql.cj.protocol.a.NativeSocketConnection.connect(NativeSocketConnection.java:62) ~[mysql-connector-j-8.3.0.jar:8.3.0]
	... 16 common frames omitted

2026-07-08T19:19:49.113-05:00 DEBUG 30052 --- [Backend_Login] [nio-8081-exec-5] o.s.security.web.FilterChainProxy        : Securing GET /error
2026-07-08T19:19:49.114-05:00 DEBUG 30052 --- [Backend_Login] [nio-8081-exec-5] o.s.s.w.a.AnonymousAuthenticationFilter  : Set SecurityContextHolder to anonymous SecurityContext
2026-07-08T19:19:49.114-05:00 DEBUG 30052 --- [Backend_Login] [nio-8081-exec-5] o.s.security.web.FilterChainProxy        : Secured GET /error
2026-07-08T19:20:19.090-05:00 DEBUG 30052 --- [Backend_Login] [nio-8081-exec-8] o.s.security.web.FilterChainProxy        : Securing OPTIONS /api/notificaciones/contador
2026-07-08T19:20:19.094-05:00 DEBUG 30052 --- [Backend_Login] [nio-8081-exec-4] o.s.security.web.FilterChainProxy        : Securing OPTIONS /api/notificaciones/contador
2026-07-08T19:20:19.097-05:00 DEBUG 30052 --- [Backend_Login] [nio-8081-exec-9] o.s.security.web.FilterChainProxy        : Securing GET /api/notificaciones/contador
2026-07-08T19:20:19.098-05:00 DEBUG 30052 --- [Backend_Login] [io-8081-exec-10] o.s.security.web.FilterChainProxy        : Securing GET /api/notificaciones/contador
2026-07-08T19:20:19.098-05:00 DEBUG 30052 --- [Backend_Login] [nio-8081-exec-9] o.s.s.w.a.AnonymousAuthenticationFilter  : Set SecurityContextHolder to anonymous SecurityContext
2026-07-08T19:20:19.098-05:00 DEBUG 30052 --- [Backend_Login] [nio-8081-exec-9] o.s.s.w.a.Http403ForbiddenEntryPoint     : Pre-authenticated entry point called. Rejecting access
2026-07-08T19:20:19.099-05:00 DEBUG 30052 --- [Backend_Login] [nio-8081-exec-9] o.s.security.web.FilterChainProxy        : Securing GET /error
2026-07-08T19:20:19.100-05:00 DEBUG 30052 --- [Backend_Login] [nio-8081-exec-9] o.s.security.web.FilterChainProxy        : Secured GET /error
2026-07-08T19:20:19.103-05:00 DEBUG 30052 --- [Backend_Login] [nio-8081-exec-9] o.s.s.w.a.AnonymousAuthenticationFilter  : Set SecurityContextHolder to anonymous SecurityContext
Hibernate: select u1_0.id_usuario,u1_0.celular_usuario,u1_0.ciudad_usuario,u1_0.contrasena_usuario,u1_0.correo_usuario,u1_0.estado_usuario,u1_0.fecha_registro_usuario,u1_0.id_rol,u1_0.nombre_usuario from usuario u1_0 where u1_0.correo_usuario=?
2026-07-08T19:20:49.120-05:00  WARN 30052 --- [Backend_Login] [io-8081-exec-10] o.h.engine.jdbc.spi.SqlExceptionHelper   : SQL Error: 0, SQLState: 08S01
2026-07-08T19:20:49.124-05:00 ERROR 30052 --- [Backend_Login] [io-8081-exec-10] o.h.engine.jdbc.spi.SqlExceptionHelper   : HikariPool-1 - Connection is not available, request timed out after 30012ms (total=0, active=0, idle=0, waiting=0)
2026-07-08T19:20:49.124-05:00 ERROR 30052 --- [Backend_Login] [io-8081-exec-10] o.h.engine.jdbc.spi.SqlExceptionHelper   : Communications link failure

The last packet sent successfully to the server was 0 milliseconds ago. The driver has not received any packets from the server.
2026-07-08T19:20:49.125-05:00 ERROR 30052 --- [Backend_Login] [io-8081-exec-10] o.a.c.c.C.[.[.[/].[dispatcherServlet]    : Servlet.service() for servlet [dispatcherServlet] in context with path [] threw exception

org.springframework.dao.DataAccessResourceFailureException: Unable to acquire JDBC Connection [HikariPool-1 - Connection is not available, request timed out after 30012ms (total=0, active=0, idle=0, waiting=0)] [n/a]
	at org.springframework.orm.jpa.vendor.HibernateJpaDialect.convertHibernateAccessException(HibernateJpaDialect.java:274) ~[spring-orm-6.1.13.jar:6.1.13]
	at org.springframework.orm.jpa.vendor.HibernateJpaDialect.translateExceptionIfPossible(HibernateJpaDialect.java:241) ~[spring-orm-6.1.13.jar:6.1.13]
	at org.springframework.orm.jpa.AbstractEntityManagerFactoryBean.translateExceptionIfPossible(AbstractEntityManagerFactoryBean.java:550) ~[spring-orm-6.1.13.jar:6.1.13]
	at org.springframework.dao.support.ChainedPersistenceExceptionTranslator.translateExceptionIfPossible(ChainedPersistenceExceptionTranslator.java:61) ~[spring-tx-6.1.13.jar:6.1.13]
	at org.springframework.dao.support.DataAccessUtils.translateIfNecessary(DataAccessUtils.java:335) ~[spring-tx-6.1.13.jar:6.1.13]
	at org.springframework.dao.support.PersistenceExceptionTranslationInterceptor.invoke(PersistenceExceptionTranslationInterceptor.java:160) ~[spring-tx-6.1.13.jar:6.1.13]
	at org.springframework.aop.framework.ReflectiveMethodInvocation.proceed(ReflectiveMethodInvocation.java:184) ~[spring-aop-6.1.13.jar:6.1.13]
	at org.springframework.data.jpa.repository.support.CrudMethodMetadataPostProcessor$CrudMethodMetadataPopulatingMethodInterceptor.invoke(CrudMethodMetadataPostProcessor.java:136) ~[spring-data-jpa-3.3.4.jar:3.3.4]
	at org.springframework.aop.framework.ReflectiveMethodInvocation.proceed(ReflectiveMethodInvocation.java:184) ~[spring-aop-6.1.13.jar:6.1.13]
	at org.springframework.aop.interceptor.ExposeInvocationInterceptor.invoke(ExposeInvocationInterceptor.java:97) ~[spring-aop-6.1.13.jar:6.1.13]
	at org.springframework.aop.framework.ReflectiveMethodInvocation.proceed(ReflectiveMethodInvocation.java:184) ~[spring-aop-6.1.13.jar:6.1.13]
	at org.springframework.aop.framework.JdkDynamicAopProxy.invoke(JdkDynamicAopProxy.java:223) ~[spring-aop-6.1.13.jar:6.1.13]
	at jdk.proxy2/jdk.proxy2.$Proxy141.findByCorreoUsuario(Unknown Source) ~[na:na]
	at com.interivalle.Security.UserDetailsServiceImpl.loadUserByUsername(UserDetailsServiceImpl.java:22) ~[classes/:na]
	at com.interivalle.Security.JwtAuthFilter.doFilterInternal(JwtAuthFilter.java:52) ~[classes/:na]
	at org.springframework.web.filter.OncePerRequestFilter.doFilter(OncePerRequestFilter.java:116) ~[spring-web-6.1.13.jar:6.1.13]
	at org.springframework.security.web.FilterChainProxy$VirtualFilterChain.doFilter(FilterChainProxy.java:374) ~[spring-security-web-6.3.3.jar:6.3.3]
	at org.springframework.security.web.authentication.logout.LogoutFilter.doFilter(LogoutFilter.java:107) ~[spring-security-web-6.3.3.jar:6.3.3]
	at org.springframework.security.web.authentication.logout.LogoutFilter.doFilter(LogoutFilter.java:93) ~[spring-security-web-6.3.3.jar:6.3.3]
	at org.springframework.security.web.FilterChainProxy$VirtualFilterChain.doFilter(FilterChainProxy.java:374) ~[spring-security-web-6.3.3.jar:6.3.3]
	at org.springframework.web.filter.CorsFilter.doFilterInternal(CorsFilter.java:91) ~[spring-web-6.1.13.jar:6.1.13]
	at org.springframework.web.filter.OncePerRequestFilter.doFilter(OncePerRequestFilter.java:116) ~[spring-web-6.1.13.jar:6.1.13]
	at org.springframework.security.web.FilterChainProxy$VirtualFilterChain.doFilter(FilterChainProxy.java:374) ~[spring-security-web-6.3.3.jar:6.3.3]
	at org.springframework.security.web.header.HeaderWriterFilter.doHeadersAfter(HeaderWriterFilter.java:90) ~[spring-security-web-6.3.3.jar:6.3.3]
	at org.springframework.security.web.header.HeaderWriterFilter.doFilterInternal(HeaderWriterFilter.java:75) ~[spring-security-web-6.3.3.jar:6.3.3]
	at org.springframework.web.filter.OncePerRequestFilter.doFilter(OncePerRequestFilter.java:116) ~[spring-web-6.1.13.jar:6.1.13]
	at org.springframework.security.web.FilterChainProxy$VirtualFilterChain.doFilter(FilterChainProxy.java:374) ~[spring-security-web-6.3.3.jar:6.3.3]
	at org.springframework.security.web.context.SecurityContextHolderFilter.doFilter(SecurityContextHolderFilter.java:82) ~[spring-security-web-6.3.3.jar:6.3.3]
	at org.springframework.security.web.context.SecurityContextHolderFilter.doFilter(SecurityContextHolderFilter.java:69) ~[spring-security-web-6.3.3.jar:6.3.3]
	at org.springframework.security.web.FilterChainProxy$VirtualFilterChain.doFilter(FilterChainProxy.java:374) ~[spring-security-web-6.3.3.jar:6.3.3]
	at org.springframework.security.web.context.request.async.WebAsyncManagerIntegrationFilter.doFilterInternal(WebAsyncManagerIntegrationFilter.java:62) ~[spring-security-web-6.3.3.jar:6.3.3]
	at org.springframework.web.filter.OncePerRequestFilter.doFilter(OncePerRequestFilter.java:116) ~[spring-web-6.1.13.jar:6.1.13]
	at org.springframework.security.web.FilterChainProxy$VirtualFilterChain.doFilter(FilterChainProxy.java:374) ~[spring-security-web-6.3.3.jar:6.3.3]
	at org.springframework.security.web.session.DisableEncodeUrlFilter.doFilterInternal(DisableEncodeUrlFilter.java:42) ~[spring-security-web-6.3.3.jar:6.3.3]
	at org.springframework.web.filter.OncePerRequestFilter.doFilter(OncePerRequestFilter.java:116) ~[spring-web-6.1.13.jar:6.1.13]
	at org.springframework.security.web.FilterChainProxy$VirtualFilterChain.doFilter(FilterChainProxy.java:374) ~[spring-security-web-6.3.3.jar:6.3.3]
	at org.springframework.security.web.FilterChainProxy.doFilterInternal(FilterChainProxy.java:233) ~[spring-security-web-6.3.3.jar:6.3.3]
	at org.springframework.security.web.FilterChainProxy.doFilter(FilterChainProxy.java:191) ~[spring-security-web-6.3.3.jar:6.3.3]
	at org.springframework.web.filter.CompositeFilter$VirtualFilterChain.doFilter(CompositeFilter.java:113) ~[spring-web-6.1.13.jar:6.1.13]
	at org.springframework.web.servlet.handler.HandlerMappingIntrospector.lambda$createCacheFilter$3(HandlerMappingIntrospector.java:195) ~[spring-webmvc-6.1.13.jar:6.1.13]
	at org.springframework.web.filter.CompositeFilter$VirtualFilterChain.doFilter(CompositeFilter.java:113) ~[spring-web-6.1.13.jar:6.1.13]
	at org.springframework.web.filter.CompositeFilter.doFilter(CompositeFilter.java:74) ~[spring-web-6.1.13.jar:6.1.13]
	at org.springframework.security.config.annotation.web.configuration.WebMvcSecurityConfiguration$CompositeFilterChainProxy.doFilter(WebMvcSecurityConfiguration.java:230) ~[spring-security-config-6.3.3.jar:6.3.3]
	at org.springframework.web.filter.DelegatingFilterProxy.invokeDelegate(DelegatingFilterProxy.java:352) ~[spring-web-6.1.13.jar:6.1.13]
	at org.springframework.web.filter.DelegatingFilterProxy.doFilter(DelegatingFilterProxy.java:268) ~[spring-web-6.1.13.jar:6.1.13]
	at org.apache.catalina.core.ApplicationFilterChain.internalDoFilter(ApplicationFilterChain.java:164) ~[tomcat-embed-core-10.1.30.jar:10.1.30]
	at org.apache.catalina.core.ApplicationFilterChain.doFilter(ApplicationFilterChain.java:140) ~[tomcat-embed-core-10.1.30.jar:10.1.30]
	at org.springframework.web.filter.RequestContextFilter.doFilterInternal(RequestContextFilter.java:100) ~[spring-web-6.1.13.jar:6.1.13]
	at org.springframework.web.filter.OncePerRequestFilter.doFilter(OncePerRequestFilter.java:116) ~[spring-web-6.1.13.jar:6.1.13]
	at org.apache.catalina.core.ApplicationFilterChain.internalDoFilter(ApplicationFilterChain.java:164) ~[tomcat-embed-core-10.1.30.jar:10.1.30]
	at org.apache.catalina.core.ApplicationFilterChain.doFilter(ApplicationFilterChain.java:140) ~[tomcat-embed-core-10.1.30.jar:10.1.30]
	at org.springframework.web.filter.FormContentFilter.doFilterInternal(FormContentFilter.java:93) ~[spring-web-6.1.13.jar:6.1.13]
	at org.springframework.web.filter.OncePerRequestFilter.doFilter(OncePerRequestFilter.java:116) ~[spring-web-6.1.13.jar:6.1.13]
	at org.apache.catalina.core.ApplicationFilterChain.internalDoFilter(ApplicationFilterChain.java:164) ~[tomcat-embed-core-10.1.30.jar:10.1.30]
	at org.apache.catalina.core.ApplicationFilterChain.doFilter(ApplicationFilterChain.java:140) ~[tomcat-embed-core-10.1.30.jar:10.1.30]
	at org.springframework.web.filter.CharacterEncodingFilter.doFilterInternal(CharacterEncodingFilter.java:201) ~[spring-web-6.1.13.jar:6.1.13]
	at org.springframework.web.filter.OncePerRequestFilter.doFilter(OncePerRequestFilter.java:116) ~[spring-web-6.1.13.jar:6.1.13]
	at org.apache.catalina.core.ApplicationFilterChain.internalDoFilter(ApplicationFilterChain.java:164) ~[tomcat-embed-core-10.1.30.jar:10.1.30]
	at org.apache.catalina.core.ApplicationFilterChain.doFilter(ApplicationFilterChain.java:140) ~[tomcat-embed-core-10.1.30.jar:10.1.30]
	at org.apache.catalina.core.StandardWrapperValve.invoke(StandardWrapperValve.java:167) ~[tomcat-embed-core-10.1.30.jar:10.1.30]
	at org.apache.catalina.core.StandardContextValve.invoke(StandardContextValve.java:90) ~[tomcat-embed-core-10.1.30.jar:10.1.30]
	at org.apache.catalina.authenticator.AuthenticatorBase.invoke(AuthenticatorBase.java:483) ~[tomcat-embed-core-10.1.30.jar:10.1.30]
	at org.apache.catalina.core.StandardHostValve.invoke(StandardHostValve.java:115) ~[tomcat-embed-core-10.1.30.jar:10.1.30]
	at org.apache.catalina.valves.ErrorReportValve.invoke(ErrorReportValve.java:93) ~[tomcat-embed-core-10.1.30.jar:10.1.30]
	at org.apache.catalina.core.StandardEngineValve.invoke(StandardEngineValve.java:74) ~[tomcat-embed-core-10.1.30.jar:10.1.30]
	at org.apache.catalina.connector.CoyoteAdapter.service(CoyoteAdapter.java:344) ~[tomcat-embed-core-10.1.30.jar:10.1.30]
	at org.apache.coyote.http11.Http11Processor.service(Http11Processor.java:384) ~[tomcat-embed-core-10.1.30.jar:10.1.30]
	at org.apache.coyote.AbstractProcessorLight.process(AbstractProcessorLight.java:63) ~[tomcat-embed-core-10.1.30.jar:10.1.30]
	at org.apache.coyote.AbstractProtocol$ConnectionHandler.process(AbstractProtocol.java:905) ~[tomcat-embed-core-10.1.30.jar:10.1.30]
	at org.apache.tomcat.util.net.NioEndpoint$SocketProcessor.doRun(NioEndpoint.java:1741) ~[tomcat-embed-core-10.1.30.jar:10.1.30]
	at org.apache.tomcat.util.net.SocketProcessorBase.run(SocketProcessorBase.java:52) ~[tomcat-embed-core-10.1.30.jar:10.1.30]
	at org.apache.tomcat.util.threads.ThreadPoolExecutor.runWorker(ThreadPoolExecutor.java:1190) ~[tomcat-embed-core-10.1.30.jar:10.1.30]
	at org.apache.tomcat.util.threads.ThreadPoolExecutor$Worker.run(ThreadPoolExecutor.java:659) ~[tomcat-embed-core-10.1.30.jar:10.1.30]
	at org.apache.tomcat.util.threads.TaskThread$WrappingRunnable.run(TaskThread.java:63) ~[tomcat-embed-core-10.1.30.jar:10.1.30]
	at java.base/java.lang.Thread.run(Thread.java:840) ~[na:na]
Caused by: org.hibernate.exception.JDBCConnectionException: Unable to acquire JDBC Connection [HikariPool-1 - Connection is not available, request timed out after 30012ms (total=0, active=0, idle=0, waiting=0)] [n/a]
	at org.hibernate.exception.internal.SQLExceptionTypeDelegate.convert(SQLExceptionTypeDelegate.java:51) ~[hibernate-core-6.5.3.Final.jar:6.5.3.Final]
	at org.hibernate.exception.internal.StandardSQLExceptionConverter.convert(StandardSQLExceptionConverter.java:58) ~[hibernate-core-6.5.3.Final.jar:6.5.3.Final]
	at org.hibernate.engine.jdbc.spi.SqlExceptionHelper.convert(SqlExceptionHelper.java:108) ~[hibernate-core-6.5.3.Final.jar:6.5.3.Final]
	at org.hibernate.engine.jdbc.spi.SqlExceptionHelper.convert(SqlExceptionHelper.java:94) ~[hibernate-core-6.5.3.Final.jar:6.5.3.Final]
	at org.hibernate.resource.jdbc.internal.LogicalConnectionManagedImpl.acquireConnectionIfNeeded(LogicalConnectionManagedImpl.java:129) ~[hibernate-core-6.5.3.Final.jar:6.5.3.Final]
	at org.hibernate.resource.jdbc.internal.LogicalConnectionManagedImpl.getPhysicalConnection(LogicalConnectionManagedImpl.java:156) ~[hibernate-core-6.5.3.Final.jar:6.5.3.Final]
	at org.hibernate.engine.jdbc.internal.StatementPreparerImpl.connection(StatementPreparerImpl.java:54) ~[hibernate-core-6.5.3.Final.jar:6.5.3.Final]
	at org.hibernate.engine.jdbc.internal.StatementPreparerImpl$5.doPrepare(StatementPreparerImpl.java:153) ~[hibernate-core-6.5.3.Final.jar:6.5.3.Final]
	at org.hibernate.engine.jdbc.internal.StatementPreparerImpl$StatementPreparationTemplate.prepareStatement(StatementPreparerImpl.java:183) ~[hibernate-core-6.5.3.Final.jar:6.5.3.Final]
	at org.hibernate.engine.jdbc.internal.StatementPreparerImpl.prepareQueryStatement(StatementPreparerImpl.java:155) ~[hibernate-core-6.5.3.Final.jar:6.5.3.Final]
	at org.hibernate.sql.exec.spi.JdbcSelectExecutor.lambda$list$0(JdbcSelectExecutor.java:85) ~[hibernate-core-6.5.3.Final.jar:6.5.3.Final]
	at org.hibernate.sql.results.jdbc.internal.DeferredResultSetAccess.executeQuery(DeferredResultSetAccess.java:231) ~[hibernate-core-6.5.3.Final.jar:6.5.3.Final]
	at org.hibernate.sql.results.jdbc.internal.DeferredResultSetAccess.getResultSet(DeferredResultSetAccess.java:167) ~[hibernate-core-6.5.3.Final.jar:6.5.3.Final]
	at org.hibernate.sql.results.jdbc.internal.JdbcValuesResultSetImpl.advanceNext(JdbcValuesResultSetImpl.java:265) ~[hibernate-core-6.5.3.Final.jar:6.5.3.Final]
	at org.hibernate.sql.results.jdbc.internal.JdbcValuesResultSetImpl.processNext(JdbcValuesResultSetImpl.java:145) ~[hibernate-core-6.5.3.Final.jar:6.5.3.Final]
	at org.hibernate.sql.results.jdbc.internal.AbstractJdbcValues.next(AbstractJdbcValues.java:19) ~[hibernate-core-6.5.3.Final.jar:6.5.3.Final]
	at org.hibernate.sql.results.internal.RowProcessingStateStandardImpl.next(RowProcessingStateStandardImpl.java:67) ~[hibernate-core-6.5.3.Final.jar:6.5.3.Final]
	at org.hibernate.sql.results.spi.ListResultsConsumer.consume(ListResultsConsumer.java:204) ~[hibernate-core-6.5.3.Final.jar:6.5.3.Final]
	at org.hibernate.sql.results.spi.ListResultsConsumer.consume(ListResultsConsumer.java:33) ~[hibernate-core-6.5.3.Final.jar:6.5.3.Final]
	at org.hibernate.sql.exec.internal.JdbcSelectExecutorStandardImpl.doExecuteQuery(JdbcSelectExecutorStandardImpl.java:211) ~[hibernate-core-6.5.3.Final.jar:6.5.3.Final]
	at org.hibernate.sql.exec.internal.JdbcSelectExecutorStandardImpl.executeQuery(JdbcSelectExecutorStandardImpl.java:83) ~[hibernate-core-6.5.3.Final.jar:6.5.3.Final]
	at org.hibernate.sql.exec.spi.JdbcSelectExecutor.list(JdbcSelectExecutor.java:76) ~[hibernate-core-6.5.3.Final.jar:6.5.3.Final]
	at org.hibernate.sql.exec.spi.JdbcSelectExecutor.list(JdbcSelectExecutor.java:65) ~[hibernate-core-6.5.3.Final.jar:6.5.3.Final]
	at org.hibernate.query.sqm.internal.ConcreteSqmSelectQueryPlan.lambda$new$2(ConcreteSqmSelectQueryPlan.java:139) ~[hibernate-core-6.5.3.Final.jar:6.5.3.Final]
	at org.hibernate.query.sqm.internal.ConcreteSqmSelectQueryPlan.withCacheableSqmInterpretation(ConcreteSqmSelectQueryPlan.java:382) ~[hibernate-core-6.5.3.Final.jar:6.5.3.Final]
	at org.hibernate.query.sqm.internal.ConcreteSqmSelectQueryPlan.performList(ConcreteSqmSelectQueryPlan.java:302) ~[hibernate-core-6.5.3.Final.jar:6.5.3.Final]
	at org.hibernate.query.sqm.internal.QuerySqmImpl.doList(QuerySqmImpl.java:526) ~[hibernate-core-6.5.3.Final.jar:6.5.3.Final]
	at org.hibernate.query.spi.AbstractSelectionQuery.list(AbstractSelectionQuery.java:423) ~[hibernate-core-6.5.3.Final.jar:6.5.3.Final]
	at org.hibernate.query.spi.AbstractSelectionQuery.getSingleResult(AbstractSelectionQuery.java:555) ~[hibernate-core-6.5.3.Final.jar:6.5.3.Final]
	at jdk.internal.reflect.GeneratedMethodAccessor59.invoke(Unknown Source) ~[na:na]
	at java.base/jdk.internal.reflect.DelegatingMethodAccessorImpl.invoke(DelegatingMethodAccessorImpl.java:43) ~[na:na]
	at java.base/java.lang.reflect.Method.invoke(Method.java:569) ~[na:na]
	at org.springframework.orm.jpa.SharedEntityManagerCreator$DeferredQueryInvocationHandler.invoke(SharedEntityManagerCreator.java:418) ~[spring-orm-6.1.13.jar:6.1.13]
	at jdk.proxy2/jdk.proxy2.$Proxy193.getSingleResult(Unknown Source) ~[na:na]
	at org.springframework.data.jpa.repository.query.JpaQueryExecution$SingleEntityExecution.doExecute(JpaQueryExecution.java:223) ~[spring-data-jpa-3.3.4.jar:3.3.4]
	at org.springframework.data.jpa.repository.query.JpaQueryExecution.execute(JpaQueryExecution.java:92) ~[spring-data-jpa-3.3.4.jar:3.3.4]
	at org.springframework.data.jpa.repository.query.AbstractJpaQuery.doExecute(AbstractJpaQuery.java:152) ~[spring-data-jpa-3.3.4.jar:3.3.4]
	at org.springframework.data.jpa.repository.query.AbstractJpaQuery.execute(AbstractJpaQuery.java:140) ~[spring-data-jpa-3.3.4.jar:3.3.4]
	at org.springframework.data.repository.core.support.RepositoryMethodInvoker.doInvoke(RepositoryMethodInvoker.java:170) ~[spring-data-commons-3.3.4.jar:3.3.4]
	at org.springframework.data.repository.core.support.RepositoryMethodInvoker.invoke(RepositoryMethodInvoker.java:158) ~[spring-data-commons-3.3.4.jar:3.3.4]
	at org.springframework.data.repository.core.support.QueryExecutorMethodInterceptor.doInvoke(QueryExecutorMethodInterceptor.java:169) ~[spring-data-commons-3.3.4.jar:3.3.4]
	at org.springframework.data.repository.core.support.QueryExecutorMethodInterceptor.invoke(QueryExecutorMethodInterceptor.java:148) ~[spring-data-commons-3.3.4.jar:3.3.4]
	at org.springframework.aop.framework.ReflectiveMethodInvocation.proceed(ReflectiveMethodInvocation.java:184) ~[spring-aop-6.1.13.jar:6.1.13]
	at org.springframework.data.projection.DefaultMethodInvokingMethodInterceptor.invoke(DefaultMethodInvokingMethodInterceptor.java:70) ~[spring-data-commons-3.3.4.jar:3.3.4]
	at org.springframework.aop.framework.ReflectiveMethodInvocation.proceed(ReflectiveMethodInvocation.java:184) ~[spring-aop-6.1.13.jar:6.1.13]
	at org.springframework.transaction.interceptor.TransactionAspectSupport.invokeWithinTransaction(TransactionAspectSupport.java:379) ~[spring-tx-6.1.13.jar:6.1.13]
	at org.springframework.transaction.interceptor.TransactionInterceptor.invoke(TransactionInterceptor.java:119) ~[spring-tx-6.1.13.jar:6.1.13]
	at org.springframework.aop.framework.ReflectiveMethodInvocation.proceed(ReflectiveMethodInvocation.java:184) ~[spring-aop-6.1.13.jar:6.1.13]
	at org.springframework.dao.support.PersistenceExceptionTranslationInterceptor.invoke(PersistenceExceptionTranslationInterceptor.java:138) ~[spring-tx-6.1.13.jar:6.1.13]
	... 69 common frames omitted
Caused by: java.sql.SQLTransientConnectionException: HikariPool-1 - Connection is not available, request timed out after 30012ms (total=0, active=0, idle=0, waiting=0)
	at com.zaxxer.hikari.pool.HikariPool.createTimeoutException(HikariPool.java:686) ~[HikariCP-5.1.0.jar:na]
	at com.zaxxer.hikari.pool.HikariPool.getConnection(HikariPool.java:179) ~[HikariCP-5.1.0.jar:na]
	at com.zaxxer.hikari.pool.HikariPool.getConnection(HikariPool.java:144) ~[HikariCP-5.1.0.jar:na]
	at com.zaxxer.hikari.HikariDataSource.getConnection(HikariDataSource.java:127) ~[HikariCP-5.1.0.jar:na]
	at org.hibernate.engine.jdbc.connections.internal.DatasourceConnectionProviderImpl.getConnection(DatasourceConnectionProviderImpl.java:122) ~[hibernate-core-6.5.3.Final.jar:6.5.3.Final]
	at org.hibernate.internal.NonContextualJdbcConnectionAccess.obtainConnection(NonContextualJdbcConnectionAccess.java:46) ~[hibernate-core-6.5.3.Final.jar:6.5.3.Final]
	at org.hibernate.resource.jdbc.internal.LogicalConnectionManagedImpl.acquireConnectionIfNeeded(LogicalConnectionManagedImpl.java:126) ~[hibernate-core-6.5.3.Final.jar:6.5.3.Final]
	... 113 common frames omitted
Caused by: com.mysql.cj.jdbc.exceptions.CommunicationsException: Communications link failure

The last packet sent successfully to the server was 0 milliseconds ago. The driver has not received any packets from the server.
	at com.mysql.cj.jdbc.exceptions.SQLError.createCommunicationsException(SQLError.java:174) ~[mysql-connector-j-8.3.0.jar:8.3.0]
	at com.mysql.cj.jdbc.exceptions.SQLExceptionsMapping.translateException(SQLExceptionsMapping.java:64) ~[mysql-connector-j-8.3.0.jar:8.3.0]
	at com.mysql.cj.jdbc.ConnectionImpl.createNewIO(ConnectionImpl.java:815) ~[mysql-connector-j-8.3.0.jar:8.3.0]
	at com.mysql.cj.jdbc.ConnectionImpl.<init>(ConnectionImpl.java:438) ~[mysql-connector-j-8.3.0.jar:8.3.0]
	at com.mysql.cj.jdbc.ConnectionImpl.getInstance(ConnectionImpl.java:241) ~[mysql-connector-j-8.3.0.jar:8.3.0]
	at com.mysql.cj.jdbc.NonRegisteringDriver.connect(NonRegisteringDriver.java:189) ~[mysql-connector-j-8.3.0.jar:8.3.0]
	at com.zaxxer.hikari.util.DriverDataSource.getConnection(DriverDataSource.java:137) ~[HikariCP-5.1.0.jar:na]
	at com.zaxxer.hikari.pool.PoolBase.newConnection(PoolBase.java:360) ~[HikariCP-5.1.0.jar:na]
	at com.zaxxer.hikari.pool.PoolBase.newPoolEntry(PoolBase.java:202) ~[HikariCP-5.1.0.jar:na]
	at com.zaxxer.hikari.pool.HikariPool.createPoolEntry(HikariPool.java:461) ~[HikariCP-5.1.0.jar:na]
	at com.zaxxer.hikari.pool.HikariPool$PoolEntryCreator.call(HikariPool.java:724) ~[HikariCP-5.1.0.jar:na]
	at com.zaxxer.hikari.pool.HikariPool$PoolEntryCreator.call(HikariPool.java:703) ~[HikariCP-5.1.0.jar:na]
	at java.base/java.util.concurrent.FutureTask.run(FutureTask.java:264) ~[na:na]
	at java.base/java.util.concurrent.ThreadPoolExecutor.runWorker(ThreadPoolExecutor.java:1136) ~[na:na]
	at java.base/java.util.concurrent.ThreadPoolExecutor$Worker.run(ThreadPoolExecutor.java:635) ~[na:na]
	... 1 common frames omitted
Caused by: com.mysql.cj.exceptions.CJCommunicationsException: Communications link failure

The last packet sent successfully to the server was 0 milliseconds ago. The driver has not received any packets from the server.
	at jdk.internal.reflect.GeneratedConstructorAccessor66.newInstance(Unknown Source) ~[na:na]
	at java.base/jdk.internal.reflect.DelegatingConstructorAccessorImpl.newInstance(DelegatingConstructorAccessorImpl.java:45) ~[na:na]
	at java.base/java.lang.reflect.Constructor.newInstanceWithCaller(Constructor.java:500) ~[na:na]
	at java.base/java.lang.reflect.Constructor.newInstance(Constructor.java:481) ~[na:na]
	at com.mysql.cj.exceptions.ExceptionFactory.createException(ExceptionFactory.java:61) ~[mysql-connector-j-8.3.0.jar:8.3.0]
	at com.mysql.cj.exceptions.ExceptionFactory.createException(ExceptionFactory.java:104) ~[mysql-connector-j-8.3.0.jar:8.3.0]
	at com.mysql.cj.exceptions.ExceptionFactory.createException(ExceptionFactory.java:149) ~[mysql-connector-j-8.3.0.jar:8.3.0]
	at com.mysql.cj.exceptions.ExceptionFactory.createCommunicationsException(ExceptionFactory.java:165) ~[mysql-connector-j-8.3.0.jar:8.3.0]
	at com.mysql.cj.protocol.a.NativeSocketConnection.connect(NativeSocketConnection.java:88) ~[mysql-connector-j-8.3.0.jar:8.3.0]
	at com.mysql.cj.NativeSession.connect(NativeSession.java:120) ~[mysql-connector-j-8.3.0.jar:8.3.0]
	at com.mysql.cj.jdbc.ConnectionImpl.connectOneTryOnly(ConnectionImpl.java:935) ~[mysql-connector-j-8.3.0.jar:8.3.0]
	at com.mysql.cj.jdbc.ConnectionImpl.createNewIO(ConnectionImpl.java:805) ~[mysql-connector-j-8.3.0.jar:8.3.0]
	... 13 common frames omitted
Caused by: java.net.ConnectException: Connection refused: getsockopt
	at java.base/sun.nio.ch.Net.pollConnect(Native Method) ~[na:na]
	at java.base/sun.nio.ch.Net.pollConnectNow(Net.java:672) ~[na:na]
	at java.base/sun.nio.ch.NioSocketImpl.timedFinishConnect(NioSocketImpl.java:547) ~[na:na]
	at java.base/sun.nio.ch.NioSocketImpl.connect(NioSocketImpl.java:602) ~[na:na]
	at java.base/java.net.SocksSocketImpl.connect(SocksSocketImpl.java:327) ~[na:na]
	at java.base/java.net.Socket.connect(Socket.java:633) ~[na:na]
	at com.mysql.cj.protocol.StandardSocketFactory.connect(StandardSocketFactory.java:153) ~[mysql-connector-j-8.3.0.jar:8.3.0]
	at com.mysql.cj.protocol.a.NativeSocketConnection.connect(NativeSocketConnection.java:62) ~[mysql-connector-j-8.3.0.jar:8.3.0]
	... 16 common frames omitted

2026-07-08T19:20:49.128-05:00 DEBUG 30052 --- [Backend_Login] [io-8081-exec-10] o.s.security.web.FilterChainProxy        : Securing GET /error
2026-07-08T19:20:49.128-05:00 DEBUG 30052 --- [Backend_Login] [io-8081-exec-10] o.s.s.w.a.AnonymousAuthenticationFilter  : Set SecurityContextHolder to anonymous SecurityContext
2026-07-08T19:20:49.128-05:00 DEBUG 30052 --- [Backend_Login] [io-8081-exec-10] o.s.security.web.FilterChainProxy        : Secured GET /error
2026-07-08T19:21:19.084-05:00 DEBUG 30052 --- [Backend_Login] [nio-8081-exec-7] o.s.security.web.FilterChainProxy        : Securing OPTIONS /api/notificaciones/contador
2026-07-08T19:21:19.092-05:00 DEBUG 30052 --- [Backend_Login] [nio-8081-exec-3] o.s.security.web.FilterChainProxy        : Securing GET /api/notificaciones/contador
2026-07-08T19:21:19.092-05:00 DEBUG 30052 --- [Backend_Login] [nio-8081-exec-3] o.s.s.w.a.AnonymousAuthenticationFilter  : Set SecurityContextHolder to anonymous SecurityContext
2026-07-08T19:21:19.103-05:00 DEBUG 30052 --- [Backend_Login] [nio-8081-exec-3] o.s.s.w.a.Http403ForbiddenEntryPoint     : Pre-authenticated entry point called. Rejecting access
2026-07-08T19:21:19.107-05:00 DEBUG 30052 --- [Backend_Login] [nio-8081-exec-3] o.s.security.web.FilterChainProxy        : Securing GET /error
2026-07-08T19:21:19.108-05:00 DEBUG 30052 --- [Backend_Login] [nio-8081-exec-3] o.s.security.web.FilterChainProxy        : Secured GET /error
2026-07-08T19:21:19.103-05:00 DEBUG 30052 --- [Backend_Login] [nio-8081-exec-6] o.s.security.web.FilterChainProxy        : Securing OPTIONS /api/notificaciones/contador
2026-07-08T19:21:19.110-05:00 DEBUG 30052 --- [Backend_Login] [nio-8081-exec-3] o.s.s.w.a.AnonymousAuthenticationFilter  : Set SecurityContextHolder to anonymous SecurityContext
2026-07-08T19:21:19.126-05:00 DEBUG 30052 --- [Backend_Login] [nio-8081-exec-1] o.s.security.web.FilterChainProxy        : Securing GET /api/notificaciones/contador
Hibernate: select u1_0.id_usuario,u1_0.celular_usuario,u1_0.ciudad_usuario,u1_0.contrasena_usuario,u1_0.correo_usuario,u1_0.estado_usuario,u1_0.fecha_registro_usuario,u1_0.id_rol,u1_0.nombre_usuario from usuario u1_0 where u1_0.correo_usuario=?
2026-07-08T19:21:49.137-05:00  WARN 30052 --- [Backend_Login] [nio-8081-exec-1] o.h.engine.jdbc.spi.SqlExceptionHelper   : SQL Error: 0, SQLState: 08S01
2026-07-08T19:21:49.137-05:00 ERROR 30052 --- [Backend_Login] [nio-8081-exec-1] o.h.engine.jdbc.spi.SqlExceptionHelper   : HikariPool-1 - Connection is not available, request timed out after 30004ms (total=0, active=0, idle=0, waiting=0)
2026-07-08T19:21:49.137-05:00 ERROR 30052 --- [Backend_Login] [nio-8081-exec-1] o.h.engine.jdbc.spi.SqlExceptionHelper   : Communications link failure

The last packet sent successfully to the server was 0 milliseconds ago. The driver has not received any packets from the server.
2026-07-08T19:21:49.138-05:00 ERROR 30052 --- [Backend_Login] [nio-8081-exec-1] o.a.c.c.C.[.[.[/].[dispatcherServlet]    : Servlet.service() for servlet [dispatcherServlet] in context with path [] threw exception

org.springframework.dao.DataAccessResourceFailureException: Unable to acquire JDBC Connection [HikariPool-1 - Connection is not available, request timed out after 30004ms (total=0, active=0, idle=0, waiting=0)] [n/a]
	at org.springframework.orm.jpa.vendor.HibernateJpaDialect.convertHibernateAccessException(HibernateJpaDialect.java:274) ~[spring-orm-6.1.13.jar:6.1.13]
	at org.springframework.orm.jpa.vendor.HibernateJpaDialect.translateExceptionIfPossible(HibernateJpaDialect.java:241) ~[spring-orm-6.1.13.jar:6.1.13]
	at org.springframework.orm.jpa.AbstractEntityManagerFactoryBean.translateExceptionIfPossible(AbstractEntityManagerFactoryBean.java:550) ~[spring-orm-6.1.13.jar:6.1.13]
	at org.springframework.dao.support.ChainedPersistenceExceptionTranslator.translateExceptionIfPossible(ChainedPersistenceExceptionTranslator.java:61) ~[spring-tx-6.1.13.jar:6.1.13]
	at org.springframework.dao.support.DataAccessUtils.translateIfNecessary(DataAccessUtils.java:335) ~[spring-tx-6.1.13.jar:6.1.13]
	at org.springframework.dao.support.PersistenceExceptionTranslationInterceptor.invoke(PersistenceExceptionTranslationInterceptor.java:160) ~[spring-tx-6.1.13.jar:6.1.13]
	at org.springframework.aop.framework.ReflectiveMethodInvocation.proceed(ReflectiveMethodInvocation.java:184) ~[spring-aop-6.1.13.jar:6.1.13]
	at org.springframework.data.jpa.repository.support.CrudMethodMetadataPostProcessor$CrudMethodMetadataPopulatingMethodInterceptor.invoke(CrudMethodMetadataPostProcessor.java:136) ~[spring-data-jpa-3.3.4.jar:3.3.4]
	at org.springframework.aop.framework.ReflectiveMethodInvocation.proceed(ReflectiveMethodInvocation.java:184) ~[spring-aop-6.1.13.jar:6.1.13]
	at org.springframework.aop.interceptor.ExposeInvocationInterceptor.invoke(ExposeInvocationInterceptor.java:97) ~[spring-aop-6.1.13.jar:6.1.13]
	at org.springframework.aop.framework.ReflectiveMethodInvocation.proceed(ReflectiveMethodInvocation.java:184) ~[spring-aop-6.1.13.jar:6.1.13]
	at org.springframework.aop.framework.JdkDynamicAopProxy.invoke(JdkDynamicAopProxy.java:223) ~[spring-aop-6.1.13.jar:6.1.13]
	at jdk.proxy2/jdk.proxy2.$Proxy141.findByCorreoUsuario(Unknown Source) ~[na:na]
	at com.interivalle.Security.UserDetailsServiceImpl.loadUserByUsername(UserDetailsServiceImpl.java:22) ~[classes/:na]
	at com.interivalle.Security.JwtAuthFilter.doFilterInternal(JwtAuthFilter.java:52) ~[classes/:na]
	at org.springframework.web.filter.OncePerRequestFilter.doFilter(OncePerRequestFilter.java:116) ~[spring-web-6.1.13.jar:6.1.13]
	at org.springframework.security.web.FilterChainProxy$VirtualFilterChain.doFilter(FilterChainProxy.java:374) ~[spring-security-web-6.3.3.jar:6.3.3]
	at org.springframework.security.web.authentication.logout.LogoutFilter.doFilter(LogoutFilter.java:107) ~[spring-security-web-6.3.3.jar:6.3.3]
	at org.springframework.security.web.authentication.logout.LogoutFilter.doFilter(LogoutFilter.java:93) ~[spring-security-web-6.3.3.jar:6.3.3]
	at org.springframework.security.web.FilterChainProxy$VirtualFilterChain.doFilter(FilterChainProxy.java:374) ~[spring-security-web-6.3.3.jar:6.3.3]
	at org.springframework.web.filter.CorsFilter.doFilterInternal(CorsFilter.java:91) ~[spring-web-6.1.13.jar:6.1.13]
	at org.springframework.web.filter.OncePerRequestFilter.doFilter(OncePerRequestFilter.java:116) ~[spring-web-6.1.13.jar:6.1.13]
	at org.springframework.security.web.FilterChainProxy$VirtualFilterChain.doFilter(FilterChainProxy.java:374) ~[spring-security-web-6.3.3.jar:6.3.3]
	at org.springframework.security.web.header.HeaderWriterFilter.doHeadersAfter(HeaderWriterFilter.java:90) ~[spring-security-web-6.3.3.jar:6.3.3]
	at org.springframework.security.web.header.HeaderWriterFilter.doFilterInternal(HeaderWriterFilter.java:75) ~[spring-security-web-6.3.3.jar:6.3.3]
	at org.springframework.web.filter.OncePerRequestFilter.doFilter(OncePerRequestFilter.java:116) ~[spring-web-6.1.13.jar:6.1.13]
	at org.springframework.security.web.FilterChainProxy$VirtualFilterChain.doFilter(FilterChainProxy.java:374) ~[spring-security-web-6.3.3.jar:6.3.3]
	at org.springframework.security.web.context.SecurityContextHolderFilter.doFilter(SecurityContextHolderFilter.java:82) ~[spring-security-web-6.3.3.jar:6.3.3]
	at org.springframework.security.web.context.SecurityContextHolderFilter.doFilter(SecurityContextHolderFilter.java:69) ~[spring-security-web-6.3.3.jar:6.3.3]
	at org.springframework.security.web.FilterChainProxy$VirtualFilterChain.doFilter(FilterChainProxy.java:374) ~[spring-security-web-6.3.3.jar:6.3.3]
	at org.springframework.security.web.context.request.async.WebAsyncManagerIntegrationFilter.doFilterInternal(WebAsyncManagerIntegrationFilter.java:62) ~[spring-security-web-6.3.3.jar:6.3.3]
	at org.springframework.web.filter.OncePerRequestFilter.doFilter(OncePerRequestFilter.java:116) ~[spring-web-6.1.13.jar:6.1.13]
	at org.springframework.security.web.FilterChainProxy$VirtualFilterChain.doFilter(FilterChainProxy.java:374) ~[spring-security-web-6.3.3.jar:6.3.3]
	at org.springframework.security.web.session.DisableEncodeUrlFilter.doFilterInternal(DisableEncodeUrlFilter.java:42) ~[spring-security-web-6.3.3.jar:6.3.3]
	at org.springframework.web.filter.OncePerRequestFilter.doFilter(OncePerRequestFilter.java:116) ~[spring-web-6.1.13.jar:6.1.13]
	at org.springframework.security.web.FilterChainProxy$VirtualFilterChain.doFilter(FilterChainProxy.java:374) ~[spring-security-web-6.3.3.jar:6.3.3]
	at org.springframework.security.web.FilterChainProxy.doFilterInternal(FilterChainProxy.java:233) ~[spring-security-web-6.3.3.jar:6.3.3]
	at org.springframework.security.web.FilterChainProxy.doFilter(FilterChainProxy.java:191) ~[spring-security-web-6.3.3.jar:6.3.3]
	at org.springframework.web.filter.CompositeFilter$VirtualFilterChain.doFilter(CompositeFilter.java:113) ~[spring-web-6.1.13.jar:6.1.13]
	at org.springframework.web.servlet.handler.HandlerMappingIntrospector.lambda$createCacheFilter$3(HandlerMappingIntrospector.java:195) ~[spring-webmvc-6.1.13.jar:6.1.13]
	at org.springframework.web.filter.CompositeFilter$VirtualFilterChain.doFilter(CompositeFilter.java:113) ~[spring-web-6.1.13.jar:6.1.13]
	at org.springframework.web.filter.CompositeFilter.doFilter(CompositeFilter.java:74) ~[spring-web-6.1.13.jar:6.1.13]
	at org.springframework.security.config.annotation.web.configuration.WebMvcSecurityConfiguration$CompositeFilterChainProxy.doFilter(WebMvcSecurityConfiguration.java:230) ~[spring-security-config-6.3.3.jar:6.3.3]
	at org.springframework.web.filter.DelegatingFilterProxy.invokeDelegate(DelegatingFilterProxy.java:352) ~[spring-web-6.1.13.jar:6.1.13]
	at org.springframework.web.filter.DelegatingFilterProxy.doFilter(DelegatingFilterProxy.java:268) ~[spring-web-6.1.13.jar:6.1.13]
	at org.apache.catalina.core.ApplicationFilterChain.internalDoFilter(ApplicationFilterChain.java:164) ~[tomcat-embed-core-10.1.30.jar:10.1.30]
	at org.apache.catalina.core.ApplicationFilterChain.doFilter(ApplicationFilterChain.java:140) ~[tomcat-embed-core-10.1.30.jar:10.1.30]
	at org.springframework.web.filter.RequestContextFilter.doFilterInternal(RequestContextFilter.java:100) ~[spring-web-6.1.13.jar:6.1.13]
	at org.springframework.web.filter.OncePerRequestFilter.doFilter(OncePerRequestFilter.java:116) ~[spring-web-6.1.13.jar:6.1.13]
	at org.apache.catalina.core.ApplicationFilterChain.internalDoFilter(ApplicationFilterChain.java:164) ~[tomcat-embed-core-10.1.30.jar:10.1.30]
	at org.apache.catalina.core.ApplicationFilterChain.doFilter(ApplicationFilterChain.java:140) ~[tomcat-embed-core-10.1.30.jar:10.1.30]
	at org.springframework.web.filter.FormContentFilter.doFilterInternal(FormContentFilter.java:93) ~[spring-web-6.1.13.jar:6.1.13]
	at org.springframework.web.filter.OncePerRequestFilter.doFilter(OncePerRequestFilter.java:116) ~[spring-web-6.1.13.jar:6.1.13]
	at org.apache.catalina.core.ApplicationFilterChain.internalDoFilter(ApplicationFilterChain.java:164) ~[tomcat-embed-core-10.1.30.jar:10.1.30]
	at org.apache.catalina.core.ApplicationFilterChain.doFilter(ApplicationFilterChain.java:140) ~[tomcat-embed-core-10.1.30.jar:10.1.30]
	at org.springframework.web.filter.CharacterEncodingFilter.doFilterInternal(CharacterEncodingFilter.java:201) ~[spring-web-6.1.13.jar:6.1.13]
	at org.springframework.web.filter.OncePerRequestFilter.doFilter(OncePerRequestFilter.java:116) ~[spring-web-6.1.13.jar:6.1.13]
	at org.apache.catalina.core.ApplicationFilterChain.internalDoFilter(ApplicationFilterChain.java:164) ~[tomcat-embed-core-10.1.30.jar:10.1.30]
	at org.apache.catalina.core.ApplicationFilterChain.doFilter(ApplicationFilterChain.java:140) ~[tomcat-embed-core-10.1.30.jar:10.1.30]
	at org.apache.catalina.core.StandardWrapperValve.invoke(StandardWrapperValve.java:167) ~[tomcat-embed-core-10.1.30.jar:10.1.30]
	at org.apache.catalina.core.StandardContextValve.invoke(StandardContextValve.java:90) ~[tomcat-embed-core-10.1.30.jar:10.1.30]
	at org.apache.catalina.authenticator.AuthenticatorBase.invoke(AuthenticatorBase.java:483) ~[tomcat-embed-core-10.1.30.jar:10.1.30]
	at org.apache.catalina.core.StandardHostValve.invoke(StandardHostValve.java:115) ~[tomcat-embed-core-10.1.30.jar:10.1.30]
	at org.apache.catalina.valves.ErrorReportValve.invoke(ErrorReportValve.java:93) ~[tomcat-embed-core-10.1.30.jar:10.1.30]
	at org.apache.catalina.core.StandardEngineValve.invoke(StandardEngineValve.java:74) ~[tomcat-embed-core-10.1.30.jar:10.1.30]
	at org.apache.catalina.connector.CoyoteAdapter.service(CoyoteAdapter.java:344) ~[tomcat-embed-core-10.1.30.jar:10.1.30]
	at org.apache.coyote.http11.Http11Processor.service(Http11Processor.java:384) ~[tomcat-embed-core-10.1.30.jar:10.1.30]
	at org.apache.coyote.AbstractProcessorLight.process(AbstractProcessorLight.java:63) ~[tomcat-embed-core-10.1.30.jar:10.1.30]
	at org.apache.coyote.AbstractProtocol$ConnectionHandler.process(AbstractProtocol.java:905) ~[tomcat-embed-core-10.1.30.jar:10.1.30]
	at org.apache.tomcat.util.net.NioEndpoint$SocketProcessor.doRun(NioEndpoint.java:1741) ~[tomcat-embed-core-10.1.30.jar:10.1.30]
	at org.apache.tomcat.util.net.SocketProcessorBase.run(SocketProcessorBase.java:52) ~[tomcat-embed-core-10.1.30.jar:10.1.30]
	at org.apache.tomcat.util.threads.ThreadPoolExecutor.runWorker(ThreadPoolExecutor.java:1190) ~[tomcat-embed-core-10.1.30.jar:10.1.30]
	at org.apache.tomcat.util.threads.ThreadPoolExecutor$Worker.run(ThreadPoolExecutor.java:659) ~[tomcat-embed-core-10.1.30.jar:10.1.30]
	at org.apache.tomcat.util.threads.TaskThread$WrappingRunnable.run(TaskThread.java:63) ~[tomcat-embed-core-10.1.30.jar:10.1.30]
	at java.base/java.lang.Thread.run(Thread.java:840) ~[na:na]
Caused by: org.hibernate.exception.JDBCConnectionException: Unable to acquire JDBC Connection [HikariPool-1 - Connection is not available, request timed out after 30004ms (total=0, active=0, idle=0, waiting=0)] [n/a]
	at org.hibernate.exception.internal.SQLExceptionTypeDelegate.convert(SQLExceptionTypeDelegate.java:51) ~[hibernate-core-6.5.3.Final.jar:6.5.3.Final]
	at org.hibernate.exception.internal.StandardSQLExceptionConverter.convert(StandardSQLExceptionConverter.java:58) ~[hibernate-core-6.5.3.Final.jar:6.5.3.Final]
	at org.hibernate.engine.jdbc.spi.SqlExceptionHelper.convert(SqlExceptionHelper.java:108) ~[hibernate-core-6.5.3.Final.jar:6.5.3.Final]
	at org.hibernate.engine.jdbc.spi.SqlExceptionHelper.convert(SqlExceptionHelper.java:94) ~[hibernate-core-6.5.3.Final.jar:6.5.3.Final]
	at org.hibernate.resource.jdbc.internal.LogicalConnectionManagedImpl.acquireConnectionIfNeeded(LogicalConnectionManagedImpl.java:129) ~[hibernate-core-6.5.3.Final.jar:6.5.3.Final]
	at org.hibernate.resource.jdbc.internal.LogicalConnectionManagedImpl.getPhysicalConnection(LogicalConnectionManagedImpl.java:156) ~[hibernate-core-6.5.3.Final.jar:6.5.3.Final]
	at org.hibernate.engine.jdbc.internal.StatementPreparerImpl.connection(StatementPreparerImpl.java:54) ~[hibernate-core-6.5.3.Final.jar:6.5.3.Final]
	at org.hibernate.engine.jdbc.internal.StatementPreparerImpl$5.doPrepare(StatementPreparerImpl.java:153) ~[hibernate-core-6.5.3.Final.jar:6.5.3.Final]
	at org.hibernate.engine.jdbc.internal.StatementPreparerImpl$StatementPreparationTemplate.prepareStatement(StatementPreparerImpl.java:183) ~[hibernate-core-6.5.3.Final.jar:6.5.3.Final]
	at org.hibernate.engine.jdbc.internal.StatementPreparerImpl.prepareQueryStatement(StatementPreparerImpl.java:155) ~[hibernate-core-6.5.3.Final.jar:6.5.3.Final]
	at org.hibernate.sql.exec.spi.JdbcSelectExecutor.lambda$list$0(JdbcSelectExecutor.java:85) ~[hibernate-core-6.5.3.Final.jar:6.5.3.Final]
	at org.hibernate.sql.results.jdbc.internal.DeferredResultSetAccess.executeQuery(DeferredResultSetAccess.java:231) ~[hibernate-core-6.5.3.Final.jar:6.5.3.Final]
	at org.hibernate.sql.results.jdbc.internal.DeferredResultSetAccess.getResultSet(DeferredResultSetAccess.java:167) ~[hibernate-core-6.5.3.Final.jar:6.5.3.Final]
	at org.hibernate.sql.results.jdbc.internal.JdbcValuesResultSetImpl.advanceNext(JdbcValuesResultSetImpl.java:265) ~[hibernate-core-6.5.3.Final.jar:6.5.3.Final]
	at org.hibernate.sql.results.jdbc.internal.JdbcValuesResultSetImpl.processNext(JdbcValuesResultSetImpl.java:145) ~[hibernate-core-6.5.3.Final.jar:6.5.3.Final]
	at org.hibernate.sql.results.jdbc.internal.AbstractJdbcValues.next(AbstractJdbcValues.java:19) ~[hibernate-core-6.5.3.Final.jar:6.5.3.Final]
	at org.hibernate.sql.results.internal.RowProcessingStateStandardImpl.next(RowProcessingStateStandardImpl.java:67) ~[hibernate-core-6.5.3.Final.jar:6.5.3.Final]
	at org.hibernate.sql.results.spi.ListResultsConsumer.consume(ListResultsConsumer.java:204) ~[hibernate-core-6.5.3.Final.jar:6.5.3.Final]
	at org.hibernate.sql.results.spi.ListResultsConsumer.consume(ListResultsConsumer.java:33) ~[hibernate-core-6.5.3.Final.jar:6.5.3.Final]
	at org.hibernate.sql.exec.internal.JdbcSelectExecutorStandardImpl.doExecuteQuery(JdbcSelectExecutorStandardImpl.java:211) ~[hibernate-core-6.5.3.Final.jar:6.5.3.Final]
	at org.hibernate.sql.exec.internal.JdbcSelectExecutorStandardImpl.executeQuery(JdbcSelectExecutorStandardImpl.java:83) ~[hibernate-core-6.5.3.Final.jar:6.5.3.Final]
	at org.hibernate.sql.exec.spi.JdbcSelectExecutor.list(JdbcSelectExecutor.java:76) ~[hibernate-core-6.5.3.Final.jar:6.5.3.Final]
	at org.hibernate.sql.exec.spi.JdbcSelectExecutor.list(JdbcSelectExecutor.java:65) ~[hibernate-core-6.5.3.Final.jar:6.5.3.Final]
	at org.hibernate.query.sqm.internal.ConcreteSqmSelectQueryPlan.lambda$new$2(ConcreteSqmSelectQueryPlan.java:139) ~[hibernate-core-6.5.3.Final.jar:6.5.3.Final]
	at org.hibernate.query.sqm.internal.ConcreteSqmSelectQueryPlan.withCacheableSqmInterpretation(ConcreteSqmSelectQueryPlan.java:382) ~[hibernate-core-6.5.3.Final.jar:6.5.3.Final]
	at org.hibernate.query.sqm.internal.ConcreteSqmSelectQueryPlan.performList(ConcreteSqmSelectQueryPlan.java:302) ~[hibernate-core-6.5.3.Final.jar:6.5.3.Final]
	at org.hibernate.query.sqm.internal.QuerySqmImpl.doList(QuerySqmImpl.java:526) ~[hibernate-core-6.5.3.Final.jar:6.5.3.Final]
	at org.hibernate.query.spi.AbstractSelectionQuery.list(AbstractSelectionQuery.java:423) ~[hibernate-core-6.5.3.Final.jar:6.5.3.Final]
	at org.hibernate.query.spi.AbstractSelectionQuery.getSingleResult(AbstractSelectionQuery.java:555) ~[hibernate-core-6.5.3.Final.jar:6.5.3.Final]
	at jdk.internal.reflect.GeneratedMethodAccessor59.invoke(Unknown Source) ~[na:na]
	at java.base/jdk.internal.reflect.DelegatingMethodAccessorImpl.invoke(DelegatingMethodAccessorImpl.java:43) ~[na:na]
	at java.base/java.lang.reflect.Method.invoke(Method.java:569) ~[na:na]
	at org.springframework.orm.jpa.SharedEntityManagerCreator$DeferredQueryInvocationHandler.invoke(SharedEntityManagerCreator.java:418) ~[spring-orm-6.1.13.jar:6.1.13]
	at jdk.proxy2/jdk.proxy2.$Proxy193.getSingleResult(Unknown Source) ~[na:na]
	at org.springframework.data.jpa.repository.query.JpaQueryExecution$SingleEntityExecution.doExecute(JpaQueryExecution.java:223) ~[spring-data-jpa-3.3.4.jar:3.3.4]
	at org.springframework.data.jpa.repository.query.JpaQueryExecution.execute(JpaQueryExecution.java:92) ~[spring-data-jpa-3.3.4.jar:3.3.4]
	at org.springframework.data.jpa.repository.query.AbstractJpaQuery.doExecute(AbstractJpaQuery.java:152) ~[spring-data-jpa-3.3.4.jar:3.3.4]
	at org.springframework.data.jpa.repository.query.AbstractJpaQuery.execute(AbstractJpaQuery.java:140) ~[spring-data-jpa-3.3.4.jar:3.3.4]
	at org.springframework.data.repository.core.support.RepositoryMethodInvoker.doInvoke(RepositoryMethodInvoker.java:170) ~[spring-data-commons-3.3.4.jar:3.3.4]
	at org.springframework.data.repository.core.support.RepositoryMethodInvoker.invoke(RepositoryMethodInvoker.java:158) ~[spring-data-commons-3.3.4.jar:3.3.4]
	at org.springframework.data.repository.core.support.QueryExecutorMethodInterceptor.doInvoke(QueryExecutorMethodInterceptor.java:169) ~[spring-data-commons-3.3.4.jar:3.3.4]
	at org.springframework.data.repository.core.support.QueryExecutorMethodInterceptor.invoke(QueryExecutorMethodInterceptor.java:148) ~[spring-data-commons-3.3.4.jar:3.3.4]
	at org.springframework.aop.framework.ReflectiveMethodInvocation.proceed(ReflectiveMethodInvocation.java:184) ~[spring-aop-6.1.13.jar:6.1.13]
	at org.springframework.data.projection.DefaultMethodInvokingMethodInterceptor.invoke(DefaultMethodInvokingMethodInterceptor.java:70) ~[spring-data-commons-3.3.4.jar:3.3.4]
	at org.springframework.aop.framework.ReflectiveMethodInvocation.proceed(ReflectiveMethodInvocation.java:184) ~[spring-aop-6.1.13.jar:6.1.13]
	at org.springframework.transaction.interceptor.TransactionAspectSupport.invokeWithinTransaction(TransactionAspectSupport.java:379) ~[spring-tx-6.1.13.jar:6.1.13]
	at org.springframework.transaction.interceptor.TransactionInterceptor.invoke(TransactionInterceptor.java:119) ~[spring-tx-6.1.13.jar:6.1.13]
	at org.springframework.aop.framework.ReflectiveMethodInvocation.proceed(ReflectiveMethodInvocation.java:184) ~[spring-aop-6.1.13.jar:6.1.13]
	at org.springframework.dao.support.PersistenceExceptionTranslationInterceptor.invoke(PersistenceExceptionTranslationInterceptor.java:138) ~[spring-tx-6.1.13.jar:6.1.13]
	... 69 common frames omitted
Caused by: java.sql.SQLTransientConnectionException: HikariPool-1 - Connection is not available, request timed out after 30004ms (total=0, active=0, idle=0, waiting=0)
	at com.zaxxer.hikari.pool.HikariPool.createTimeoutException(HikariPool.java:686) ~[HikariCP-5.1.0.jar:na]
	at com.zaxxer.hikari.pool.HikariPool.getConnection(HikariPool.java:179) ~[HikariCP-5.1.0.jar:na]
	at com.zaxxer.hikari.pool.HikariPool.getConnection(HikariPool.java:144) ~[HikariCP-5.1.0.jar:na]
	at com.zaxxer.hikari.HikariDataSource.getConnection(HikariDataSource.java:127) ~[HikariCP-5.1.0.jar:na]
	at org.hibernate.engine.jdbc.connections.internal.DatasourceConnectionProviderImpl.getConnection(DatasourceConnectionProviderImpl.java:122) ~[hibernate-core-6.5.3.Final.jar:6.5.3.Final]
	at org.hibernate.internal.NonContextualJdbcConnectionAccess.obtainConnection(NonContextualJdbcConnectionAccess.java:46) ~[hibernate-core-6.5.3.Final.jar:6.5.3.Final]
	at org.hibernate.resource.jdbc.internal.LogicalConnectionManagedImpl.acquireConnectionIfNeeded(LogicalConnectionManagedImpl.java:126) ~[hibernate-core-6.5.3.Final.jar:6.5.3.Final]
	... 113 common frames omitted
Caused by: com.mysql.cj.jdbc.exceptions.CommunicationsException: Communications link failure

The last packet sent successfully to the server was 0 milliseconds ago. The driver has not received any packets from the server.
	at com.mysql.cj.jdbc.exceptions.SQLError.createCommunicationsException(SQLError.java:174) ~[mysql-connector-j-8.3.0.jar:8.3.0]
	at com.mysql.cj.jdbc.exceptions.SQLExceptionsMapping.translateException(SQLExceptionsMapping.java:64) ~[mysql-connector-j-8.3.0.jar:8.3.0]
	at com.mysql.cj.jdbc.ConnectionImpl.createNewIO(ConnectionImpl.java:815) ~[mysql-connector-j-8.3.0.jar:8.3.0]
	at com.mysql.cj.jdbc.ConnectionImpl.<init>(ConnectionImpl.java:438) ~[mysql-connector-j-8.3.0.jar:8.3.0]
	at com.mysql.cj.jdbc.ConnectionImpl.getInstance(ConnectionImpl.java:241) ~[mysql-connector-j-8.3.0.jar:8.3.0]
	at com.mysql.cj.jdbc.NonRegisteringDriver.connect(NonRegisteringDriver.java:189) ~[mysql-connector-j-8.3.0.jar:8.3.0]
	at com.zaxxer.hikari.util.DriverDataSource.getConnection(DriverDataSource.java:137) ~[HikariCP-5.1.0.jar:na]
	at com.zaxxer.hikari.pool.PoolBase.newConnection(PoolBase.java:360) ~[HikariCP-5.1.0.jar:na]
	at com.zaxxer.hikari.pool.PoolBase.newPoolEntry(PoolBase.java:202) ~[HikariCP-5.1.0.jar:na]
	at com.zaxxer.hikari.pool.HikariPool.createPoolEntry(HikariPool.java:461) ~[HikariCP-5.1.0.jar:na]
	at com.zaxxer.hikari.pool.HikariPool$PoolEntryCreator.call(HikariPool.java:724) ~[HikariCP-5.1.0.jar:na]
	at com.zaxxer.hikari.pool.HikariPool$PoolEntryCreator.call(HikariPool.java:703) ~[HikariCP-5.1.0.jar:na]
	at java.base/java.util.concurrent.FutureTask.run(FutureTask.java:264) ~[na:na]
	at java.base/java.util.concurrent.ThreadPoolExecutor.runWorker(ThreadPoolExecutor.java:1136) ~[na:na]
	at java.base/java.util.concurrent.ThreadPoolExecutor$Worker.run(ThreadPoolExecutor.java:635) ~[na:na]
	... 1 common frames omitted
Caused by: com.mysql.cj.exceptions.CJCommunicationsException: Communications link failure

The last packet sent successfully to the server was 0 milliseconds ago. The driver has not received any packets from the server.
	at jdk.internal.reflect.GeneratedConstructorAccessor66.newInstance(Unknown Source) ~[na:na]
	at java.base/jdk.internal.reflect.DelegatingConstructorAccessorImpl.newInstance(DelegatingConstructorAccessorImpl.java:45) ~[na:na]
	at java.base/java.lang.reflect.Constructor.newInstanceWithCaller(Constructor.java:500) ~[na:na]
	at java.base/java.lang.reflect.Constructor.newInstance(Constructor.java:481) ~[na:na]
	at com.mysql.cj.exceptions.ExceptionFactory.createException(ExceptionFactory.java:61) ~[mysql-connector-j-8.3.0.jar:8.3.0]
	at com.mysql.cj.exceptions.ExceptionFactory.createException(ExceptionFactory.java:104) ~[mysql-connector-j-8.3.0.jar:8.3.0]
	at com.mysql.cj.exceptions.ExceptionFactory.createException(ExceptionFactory.java:149) ~[mysql-connector-j-8.3.0.jar:8.3.0]
	at com.mysql.cj.exceptions.ExceptionFactory.createCommunicationsException(ExceptionFactory.java:165) ~[mysql-connector-j-8.3.0.jar:8.3.0]
	at com.mysql.cj.protocol.a.NativeSocketConnection.connect(NativeSocketConnection.java:88) ~[mysql-connector-j-8.3.0.jar:8.3.0]
	at com.mysql.cj.NativeSession.connect(NativeSession.java:120) ~[mysql-connector-j-8.3.0.jar:8.3.0]
	at com.mysql.cj.jdbc.ConnectionImpl.connectOneTryOnly(ConnectionImpl.java:935) ~[mysql-connector-j-8.3.0.jar:8.3.0]
	at com.mysql.cj.jdbc.ConnectionImpl.createNewIO(ConnectionImpl.java:805) ~[mysql-connector-j-8.3.0.jar:8.3.0]
	... 13 common frames omitted
Caused by: java.net.ConnectException: Connection refused: getsockopt
	at java.base/sun.nio.ch.Net.pollConnect(Native Method) ~[na:na]
	at java.base/sun.nio.ch.Net.pollConnectNow(Net.java:672) ~[na:na]
	at java.base/sun.nio.ch.NioSocketImpl.timedFinishConnect(NioSocketImpl.java:547) ~[na:na]
	at java.base/sun.nio.ch.NioSocketImpl.connect(NioSocketImpl.java:602) ~[na:na]
	at java.base/java.net.SocksSocketImpl.connect(SocksSocketImpl.java:327) ~[na:na]
	at java.base/java.net.Socket.connect(Socket.java:633) ~[na:na]
	at com.mysql.cj.protocol.StandardSocketFactory.connect(StandardSocketFactory.java:153) ~[mysql-connector-j-8.3.0.jar:8.3.0]
	at com.mysql.cj.protocol.a.NativeSocketConnection.connect(NativeSocketConnection.java:62) ~[mysql-connector-j-8.3.0.jar:8.3.0]
	... 16 common frames omitted

2026-07-08T19:21:49.141-05:00 DEBUG 30052 --- [Backend_Login] [nio-8081-exec-1] o.s.security.web.FilterChainProxy        : Securing GET /error
2026-07-08T19:21:49.141-05:00 DEBUG 30052 --- [Backend_Login] [nio-8081-exec-1] o.s.s.w.a.AnonymousAuthenticationFilter  : Set SecurityContextHolder to anonymous SecurityContext
2026-07-08T19:21:49.141-05:00 DEBUG 30052 --- [Backend_Login] [nio-8081-exec-1] o.s.security.web.FilterChainProxy        : Secured GET /error
2026-07-08T19:22:19.090-05:00 DEBUG 30052 --- [Backend_Login] [nio-8081-exec-2] o.s.security.web.FilterChainProxy        : Securing OPTIONS /api/notificaciones/contador
2026-07-08T19:22:19.093-05:00 DEBUG 30052 --- [Backend_Login] [nio-8081-exec-5] o.s.security.web.FilterChainProxy        : Securing GET /api/notificaciones/contador
2026-07-08T19:22:19.094-05:00 DEBUG 30052 --- [Backend_Login] [nio-8081-exec-5] o.s.s.w.a.AnonymousAuthenticationFilter  : Set SecurityContextHolder to anonymous SecurityContext
2026-07-08T19:22:19.095-05:00 DEBUG 30052 --- [Backend_Login] [nio-8081-exec-5] o.s.s.w.a.Http403ForbiddenEntryPoint     : Pre-authenticated entry point called. Rejecting access
2026-07-08T19:22:19.096-05:00 DEBUG 30052 --- [Backend_Login] [nio-8081-exec-5] o.s.security.web.FilterChainProxy        : Securing GET /error
2026-07-08T19:22:19.096-05:00 DEBUG 30052 --- [Backend_Login] [nio-8081-exec-5] o.s.security.web.FilterChainProxy        : Secured GET /error
2026-07-08T19:22:19.098-05:00 DEBUG 30052 --- [Backend_Login] [nio-8081-exec-8] o.s.security.web.FilterChainProxy        : Securing OPTIONS /api/notificaciones/contador
2026-07-08T19:22:19.098-05:00 DEBUG 30052 --- [Backend_Login] [nio-8081-exec-5] o.s.s.w.a.AnonymousAuthenticationFilter  : Set SecurityContextHolder to anonymous SecurityContext
2026-07-08T19:22:19.101-05:00 DEBUG 30052 --- [Backend_Login] [nio-8081-exec-4] o.s.security.web.FilterChainProxy        : Securing GET /api/notificaciones/contador
Hibernate: select u1_0.id_usuario,u1_0.celular_usuario,u1_0.ciudad_usuario,u1_0.contrasena_usuario,u1_0.correo_usuario,u1_0.estado_usuario,u1_0.fecha_registro_usuario,u1_0.id_rol,u1_0.nombre_usuario from usuario u1_0 where u1_0.correo_usuario=?
2026-07-08T19:22:49.121-05:00  WARN 30052 --- [Backend_Login] [nio-8081-exec-4] o.h.engine.jdbc.spi.SqlExceptionHelper   : SQL Error: 0, SQLState: 08S01
2026-07-08T19:22:49.121-05:00 ERROR 30052 --- [Backend_Login] [nio-8081-exec-4] o.h.engine.jdbc.spi.SqlExceptionHelper   : HikariPool-1 - Connection is not available, request timed out after 30013ms (total=0, active=0, idle=0, waiting=0)
2026-07-08T19:22:49.122-05:00 ERROR 30052 --- [Backend_Login] [nio-8081-exec-4] o.h.engine.jdbc.spi.SqlExceptionHelper   : Communications link failure

The last packet sent successfully to the server was 0 milliseconds ago. The driver has not received any packets from the server.
2026-07-08T19:22:49.122-05:00 ERROR 30052 --- [Backend_Login] [nio-8081-exec-4] o.a.c.c.C.[.[.[/].[dispatcherServlet]    : Servlet.service() for servlet [dispatcherServlet] in context with path [] threw exception

org.springframework.dao.DataAccessResourceFailureException: Unable to acquire JDBC Connection [HikariPool-1 - Connection is not available, request timed out after 30013ms (total=0, active=0, idle=0, waiting=0)] [n/a]
	at org.springframework.orm.jpa.vendor.HibernateJpaDialect.convertHibernateAccessException(HibernateJpaDialect.java:274) ~[spring-orm-6.1.13.jar:6.1.13]
	at org.springframework.orm.jpa.vendor.HibernateJpaDialect.translateExceptionIfPossible(HibernateJpaDialect.java:241) ~[spring-orm-6.1.13.jar:6.1.13]
	at org.springframework.orm.jpa.AbstractEntityManagerFactoryBean.translateExceptionIfPossible(AbstractEntityManagerFactoryBean.java:550) ~[spring-orm-6.1.13.jar:6.1.13]
	at org.springframework.dao.support.ChainedPersistenceExceptionTranslator.translateExceptionIfPossible(ChainedPersistenceExceptionTranslator.java:61) ~[spring-tx-6.1.13.jar:6.1.13]
	at org.springframework.dao.support.DataAccessUtils.translateIfNecessary(DataAccessUtils.java:335) ~[spring-tx-6.1.13.jar:6.1.13]
	at org.springframework.dao.support.PersistenceExceptionTranslationInterceptor.invoke(PersistenceExceptionTranslationInterceptor.java:160) ~[spring-tx-6.1.13.jar:6.1.13]
	at org.springframework.aop.framework.ReflectiveMethodInvocation.proceed(ReflectiveMethodInvocation.java:184) ~[spring-aop-6.1.13.jar:6.1.13]
	at org.springframework.data.jpa.repository.support.CrudMethodMetadataPostProcessor$CrudMethodMetadataPopulatingMethodInterceptor.invoke(CrudMethodMetadataPostProcessor.java:136) ~[spring-data-jpa-3.3.4.jar:3.3.4]
	at org.springframework.aop.framework.ReflectiveMethodInvocation.proceed(ReflectiveMethodInvocation.java:184) ~[spring-aop-6.1.13.jar:6.1.13]
	at org.springframework.aop.interceptor.ExposeInvocationInterceptor.invoke(ExposeInvocationInterceptor.java:97) ~[spring-aop-6.1.13.jar:6.1.13]
	at org.springframework.aop.framework.ReflectiveMethodInvocation.proceed(ReflectiveMethodInvocation.java:184) ~[spring-aop-6.1.13.jar:6.1.13]
	at org.springframework.aop.framework.JdkDynamicAopProxy.invoke(JdkDynamicAopProxy.java:223) ~[spring-aop-6.1.13.jar:6.1.13]
	at jdk.proxy2/jdk.proxy2.$Proxy141.findByCorreoUsuario(Unknown Source) ~[na:na]
	at com.interivalle.Security.UserDetailsServiceImpl.loadUserByUsername(UserDetailsServiceImpl.java:22) ~[classes/:na]
	at com.interivalle.Security.JwtAuthFilter.doFilterInternal(JwtAuthFilter.java:52) ~[classes/:na]
	at org.springframework.web.filter.OncePerRequestFilter.doFilter(OncePerRequestFilter.java:116) ~[spring-web-6.1.13.jar:6.1.13]
	at org.springframework.security.web.FilterChainProxy$VirtualFilterChain.doFilter(FilterChainProxy.java:374) ~[spring-security-web-6.3.3.jar:6.3.3]
	at org.springframework.security.web.authentication.logout.LogoutFilter.doFilter(LogoutFilter.java:107) ~[spring-security-web-6.3.3.jar:6.3.3]
	at org.springframework.security.web.authentication.logout.LogoutFilter.doFilter(LogoutFilter.java:93) ~[spring-security-web-6.3.3.jar:6.3.3]
	at org.springframework.security.web.FilterChainProxy$VirtualFilterChain.doFilter(FilterChainProxy.java:374) ~[spring-security-web-6.3.3.jar:6.3.3]
	at org.springframework.web.filter.CorsFilter.doFilterInternal(CorsFilter.java:91) ~[spring-web-6.1.13.jar:6.1.13]
	at org.springframework.web.filter.OncePerRequestFilter.doFilter(OncePerRequestFilter.java:116) ~[spring-web-6.1.13.jar:6.1.13]
	at org.springframework.security.web.FilterChainProxy$VirtualFilterChain.doFilter(FilterChainProxy.java:374) ~[spring-security-web-6.3.3.jar:6.3.3]
	at org.springframework.security.web.header.HeaderWriterFilter.doHeadersAfter(HeaderWriterFilter.java:90) ~[spring-security-web-6.3.3.jar:6.3.3]
	at org.springframework.security.web.header.HeaderWriterFilter.doFilterInternal(HeaderWriterFilter.java:75) ~[spring-security-web-6.3.3.jar:6.3.3]
	at org.springframework.web.filter.OncePerRequestFilter.doFilter(OncePerRequestFilter.java:116) ~[spring-web-6.1.13.jar:6.1.13]
	at org.springframework.security.web.FilterChainProxy$VirtualFilterChain.doFilter(FilterChainProxy.java:374) ~[spring-security-web-6.3.3.jar:6.3.3]
	at org.springframework.security.web.context.SecurityContextHolderFilter.doFilter(SecurityContextHolderFilter.java:82) ~[spring-security-web-6.3.3.jar:6.3.3]
	at org.springframework.security.web.context.SecurityContextHolderFilter.doFilter(SecurityContextHolderFilter.java:69) ~[spring-security-web-6.3.3.jar:6.3.3]
	at org.springframework.security.web.FilterChainProxy$VirtualFilterChain.doFilter(FilterChainProxy.java:374) ~[spring-security-web-6.3.3.jar:6.3.3]
	at org.springframework.security.web.context.request.async.WebAsyncManagerIntegrationFilter.doFilterInternal(WebAsyncManagerIntegrationFilter.java:62) ~[spring-security-web-6.3.3.jar:6.3.3]
	at org.springframework.web.filter.OncePerRequestFilter.doFilter(OncePerRequestFilter.java:116) ~[spring-web-6.1.13.jar:6.1.13]
	at org.springframework.security.web.FilterChainProxy$VirtualFilterChain.doFilter(FilterChainProxy.java:374) ~[spring-security-web-6.3.3.jar:6.3.3]
	at org.springframework.security.web.session.DisableEncodeUrlFilter.doFilterInternal(DisableEncodeUrlFilter.java:42) ~[spring-security-web-6.3.3.jar:6.3.3]
	at org.springframework.web.filter.OncePerRequestFilter.doFilter(OncePerRequestFilter.java:116) ~[spring-web-6.1.13.jar:6.1.13]
	at org.springframework.security.web.FilterChainProxy$VirtualFilterChain.doFilter(FilterChainProxy.java:374) ~[spring-security-web-6.3.3.jar:6.3.3]
	at org.springframework.security.web.FilterChainProxy.doFilterInternal(FilterChainProxy.java:233) ~[spring-security-web-6.3.3.jar:6.3.3]
	at org.springframework.security.web.FilterChainProxy.doFilter(FilterChainProxy.java:191) ~[spring-security-web-6.3.3.jar:6.3.3]
	at org.springframework.web.filter.CompositeFilter$VirtualFilterChain.doFilter(CompositeFilter.java:113) ~[spring-web-6.1.13.jar:6.1.13]
	at org.springframework.web.servlet.handler.HandlerMappingIntrospector.lambda$createCacheFilter$3(HandlerMappingIntrospector.java:195) ~[spring-webmvc-6.1.13.jar:6.1.13]
	at org.springframework.web.filter.CompositeFilter$VirtualFilterChain.doFilter(CompositeFilter.java:113) ~[spring-web-6.1.13.jar:6.1.13]
	at org.springframework.web.filter.CompositeFilter.doFilter(CompositeFilter.java:74) ~[spring-web-6.1.13.jar:6.1.13]
	at org.springframework.security.config.annotation.web.configuration.WebMvcSecurityConfiguration$CompositeFilterChainProxy.doFilter(WebMvcSecurityConfiguration.java:230) ~[spring-security-config-6.3.3.jar:6.3.3]
	at org.springframework.web.filter.DelegatingFilterProxy.invokeDelegate(DelegatingFilterProxy.java:352) ~[spring-web-6.1.13.jar:6.1.13]
	at org.springframework.web.filter.DelegatingFilterProxy.doFilter(DelegatingFilterProxy.java:268) ~[spring-web-6.1.13.jar:6.1.13]
	at org.apache.catalina.core.ApplicationFilterChain.internalDoFilter(ApplicationFilterChain.java:164) ~[tomcat-embed-core-10.1.30.jar:10.1.30]
	at org.apache.catalina.core.ApplicationFilterChain.doFilter(ApplicationFilterChain.java:140) ~[tomcat-embed-core-10.1.30.jar:10.1.30]
	at org.springframework.web.filter.RequestContextFilter.doFilterInternal(RequestContextFilter.java:100) ~[spring-web-6.1.13.jar:6.1.13]
	at org.springframework.web.filter.OncePerRequestFilter.doFilter(OncePerRequestFilter.java:116) ~[spring-web-6.1.13.jar:6.1.13]
	at org.apache.catalina.core.ApplicationFilterChain.internalDoFilter(ApplicationFilterChain.java:164) ~[tomcat-embed-core-10.1.30.jar:10.1.30]
	at org.apache.catalina.core.ApplicationFilterChain.doFilter(ApplicationFilterChain.java:140) ~[tomcat-embed-core-10.1.30.jar:10.1.30]
	at org.springframework.web.filter.FormContentFilter.doFilterInternal(FormContentFilter.java:93) ~[spring-web-6.1.13.jar:6.1.13]
	at org.springframework.web.filter.OncePerRequestFilter.doFilter(OncePerRequestFilter.java:116) ~[spring-web-6.1.13.jar:6.1.13]
	at org.apache.catalina.core.ApplicationFilterChain.internalDoFilter(ApplicationFilterChain.java:164) ~[tomcat-embed-core-10.1.30.jar:10.1.30]
	at org.apache.catalina.core.ApplicationFilterChain.doFilter(ApplicationFilterChain.java:140) ~[tomcat-embed-core-10.1.30.jar:10.1.30]
	at org.springframework.web.filter.CharacterEncodingFilter.doFilterInternal(CharacterEncodingFilter.java:201) ~[spring-web-6.1.13.jar:6.1.13]
	at org.springframework.web.filter.OncePerRequestFilter.doFilter(OncePerRequestFilter.java:116) ~[spring-web-6.1.13.jar:6.1.13]
	at org.apache.catalina.core.ApplicationFilterChain.internalDoFilter(ApplicationFilterChain.java:164) ~[tomcat-embed-core-10.1.30.jar:10.1.30]
	at org.apache.catalina.core.ApplicationFilterChain.doFilter(ApplicationFilterChain.java:140) ~[tomcat-embed-core-10.1.30.jar:10.1.30]
	at org.apache.catalina.core.StandardWrapperValve.invoke(StandardWrapperValve.java:167) ~[tomcat-embed-core-10.1.30.jar:10.1.30]
	at org.apache.catalina.core.StandardContextValve.invoke(StandardContextValve.java:90) ~[tomcat-embed-core-10.1.30.jar:10.1.30]
	at org.apache.catalina.authenticator.AuthenticatorBase.invoke(AuthenticatorBase.java:483) ~[tomcat-embed-core-10.1.30.jar:10.1.30]
	at org.apache.catalina.core.StandardHostValve.invoke(StandardHostValve.java:115) ~[tomcat-embed-core-10.1.30.jar:10.1.30]
	at org.apache.catalina.valves.ErrorReportValve.invoke(ErrorReportValve.java:93) ~[tomcat-embed-core-10.1.30.jar:10.1.30]
	at org.apache.catalina.core.StandardEngineValve.invoke(StandardEngineValve.java:74) ~[tomcat-embed-core-10.1.30.jar:10.1.30]
	at org.apache.catalina.connector.CoyoteAdapter.service(CoyoteAdapter.java:344) ~[tomcat-embed-core-10.1.30.jar:10.1.30]
	at org.apache.coyote.http11.Http11Processor.service(Http11Processor.java:384) ~[tomcat-embed-core-10.1.30.jar:10.1.30]
	at org.apache.coyote.AbstractProcessorLight.process(AbstractProcessorLight.java:63) ~[tomcat-embed-core-10.1.30.jar:10.1.30]
	at org.apache.coyote.AbstractProtocol$ConnectionHandler.process(AbstractProtocol.java:905) ~[tomcat-embed-core-10.1.30.jar:10.1.30]
	at org.apache.tomcat.util.net.NioEndpoint$SocketProcessor.doRun(NioEndpoint.java:1741) ~[tomcat-embed-core-10.1.30.jar:10.1.30]
	at org.apache.tomcat.util.net.SocketProcessorBase.run(SocketProcessorBase.java:52) ~[tomcat-embed-core-10.1.30.jar:10.1.30]
	at org.apache.tomcat.util.threads.ThreadPoolExecutor.runWorker(ThreadPoolExecutor.java:1190) ~[tomcat-embed-core-10.1.30.jar:10.1.30]
	at org.apache.tomcat.util.threads.ThreadPoolExecutor$Worker.run(ThreadPoolExecutor.java:659) ~[tomcat-embed-core-10.1.30.jar:10.1.30]
	at org.apache.tomcat.util.threads.TaskThread$WrappingRunnable.run(TaskThread.java:63) ~[tomcat-embed-core-10.1.30.jar:10.1.30]
	at java.base/java.lang.Thread.run(Thread.java:840) ~[na:na]
Caused by: org.hibernate.exception.JDBCConnectionException: Unable to acquire JDBC Connection [HikariPool-1 - Connection is not available, request timed out after 30013ms (total=0, active=0, idle=0, waiting=0)] [n/a]
	at org.hibernate.exception.internal.SQLExceptionTypeDelegate.convert(SQLExceptionTypeDelegate.java:51) ~[hibernate-core-6.5.3.Final.jar:6.5.3.Final]
	at org.hibernate.exception.internal.StandardSQLExceptionConverter.convert(StandardSQLExceptionConverter.java:58) ~[hibernate-core-6.5.3.Final.jar:6.5.3.Final]
	at org.hibernate.engine.jdbc.spi.SqlExceptionHelper.convert(SqlExceptionHelper.java:108) ~[hibernate-core-6.5.3.Final.jar:6.5.3.Final]
	at org.hibernate.engine.jdbc.spi.SqlExceptionHelper.convert(SqlExceptionHelper.java:94) ~[hibernate-core-6.5.3.Final.jar:6.5.3.Final]
	at org.hibernate.resource.jdbc.internal.LogicalConnectionManagedImpl.acquireConnectionIfNeeded(LogicalConnectionManagedImpl.java:129) ~[hibernate-core-6.5.3.Final.jar:6.5.3.Final]
	at org.hibernate.resource.jdbc.internal.LogicalConnectionManagedImpl.getPhysicalConnection(LogicalConnectionManagedImpl.java:156) ~[hibernate-core-6.5.3.Final.jar:6.5.3.Final]
	at org.hibernate.engine.jdbc.internal.StatementPreparerImpl.connection(StatementPreparerImpl.java:54) ~[hibernate-core-6.5.3.Final.jar:6.5.3.Final]
	at org.hibernate.engine.jdbc.internal.StatementPreparerImpl$5.doPrepare(StatementPreparerImpl.java:153) ~[hibernate-core-6.5.3.Final.jar:6.5.3.Final]
	at org.hibernate.engine.jdbc.internal.StatementPreparerImpl$StatementPreparationTemplate.prepareStatement(StatementPreparerImpl.java:183) ~[hibernate-core-6.5.3.Final.jar:6.5.3.Final]
	at org.hibernate.engine.jdbc.internal.StatementPreparerImpl.prepareQueryStatement(StatementPreparerImpl.java:155) ~[hibernate-core-6.5.3.Final.jar:6.5.3.Final]
	at org.hibernate.sql.exec.spi.JdbcSelectExecutor.lambda$list$0(JdbcSelectExecutor.java:85) ~[hibernate-core-6.5.3.Final.jar:6.5.3.Final]
	at org.hibernate.sql.results.jdbc.internal.DeferredResultSetAccess.executeQuery(DeferredResultSetAccess.java:231) ~[hibernate-core-6.5.3.Final.jar:6.5.3.Final]
	at org.hibernate.sql.results.jdbc.internal.DeferredResultSetAccess.getResultSet(DeferredResultSetAccess.java:167) ~[hibernate-core-6.5.3.Final.jar:6.5.3.Final]
	at org.hibernate.sql.results.jdbc.internal.JdbcValuesResultSetImpl.advanceNext(JdbcValuesResultSetImpl.java:265) ~[hibernate-core-6.5.3.Final.jar:6.5.3.Final]
	at org.hibernate.sql.results.jdbc.internal.JdbcValuesResultSetImpl.processNext(JdbcValuesResultSetImpl.java:145) ~[hibernate-core-6.5.3.Final.jar:6.5.3.Final]
	at org.hibernate.sql.results.jdbc.internal.AbstractJdbcValues.next(AbstractJdbcValues.java:19) ~[hibernate-core-6.5.3.Final.jar:6.5.3.Final]
	at org.hibernate.sql.results.internal.RowProcessingStateStandardImpl.next(RowProcessingStateStandardImpl.java:67) ~[hibernate-core-6.5.3.Final.jar:6.5.3.Final]
	at org.hibernate.sql.results.spi.ListResultsConsumer.consume(ListResultsConsumer.java:204) ~[hibernate-core-6.5.3.Final.jar:6.5.3.Final]
	at org.hibernate.sql.results.spi.ListResultsConsumer.consume(ListResultsConsumer.java:33) ~[hibernate-core-6.5.3.Final.jar:6.5.3.Final]
	at org.hibernate.sql.exec.internal.JdbcSelectExecutorStandardImpl.doExecuteQuery(JdbcSelectExecutorStandardImpl.java:211) ~[hibernate-core-6.5.3.Final.jar:6.5.3.Final]
	at org.hibernate.sql.exec.internal.JdbcSelectExecutorStandardImpl.executeQuery(JdbcSelectExecutorStandardImpl.java:83) ~[hibernate-core-6.5.3.Final.jar:6.5.3.Final]
	at org.hibernate.sql.exec.spi.JdbcSelectExecutor.list(JdbcSelectExecutor.java:76) ~[hibernate-core-6.5.3.Final.jar:6.5.3.Final]
	at org.hibernate.sql.exec.spi.JdbcSelectExecutor.list(JdbcSelectExecutor.java:65) ~[hibernate-core-6.5.3.Final.jar:6.5.3.Final]
	at org.hibernate.query.sqm.internal.ConcreteSqmSelectQueryPlan.lambda$new$2(ConcreteSqmSelectQueryPlan.java:139) ~[hibernate-core-6.5.3.Final.jar:6.5.3.Final]
	at org.hibernate.query.sqm.internal.ConcreteSqmSelectQueryPlan.withCacheableSqmInterpretation(ConcreteSqmSelectQueryPlan.java:382) ~[hibernate-core-6.5.3.Final.jar:6.5.3.Final]
	at org.hibernate.query.sqm.internal.ConcreteSqmSelectQueryPlan.performList(ConcreteSqmSelectQueryPlan.java:302) ~[hibernate-core-6.5.3.Final.jar:6.5.3.Final]
	at org.hibernate.query.sqm.internal.QuerySqmImpl.doList(QuerySqmImpl.java:526) ~[hibernate-core-6.5.3.Final.jar:6.5.3.Final]
	at org.hibernate.query.spi.AbstractSelectionQuery.list(AbstractSelectionQuery.java:423) ~[hibernate-core-6.5.3.Final.jar:6.5.3.Final]
	at org.hibernate.query.spi.AbstractSelectionQuery.getSingleResult(AbstractSelectionQuery.java:555) ~[hibernate-core-6.5.3.Final.jar:6.5.3.Final]
	at jdk.internal.reflect.GeneratedMethodAccessor59.invoke(Unknown Source) ~[na:na]
	at java.base/jdk.internal.reflect.DelegatingMethodAccessorImpl.invoke(DelegatingMethodAccessorImpl.java:43) ~[na:na]
	at java.base/java.lang.reflect.Method.invoke(Method.java:569) ~[na:na]
	at org.springframework.orm.jpa.SharedEntityManagerCreator$DeferredQueryInvocationHandler.invoke(SharedEntityManagerCreator.java:418) ~[spring-orm-6.1.13.jar:6.1.13]
	at jdk.proxy2/jdk.proxy2.$Proxy193.getSingleResult(Unknown Source) ~[na:na]
	at org.springframework.data.jpa.repository.query.JpaQueryExecution$SingleEntityExecution.doExecute(JpaQueryExecution.java:223) ~[spring-data-jpa-3.3.4.jar:3.3.4]
	at org.springframework.data.jpa.repository.query.JpaQueryExecution.execute(JpaQueryExecution.java:92) ~[spring-data-jpa-3.3.4.jar:3.3.4]
	at org.springframework.data.jpa.repository.query.AbstractJpaQuery.doExecute(AbstractJpaQuery.java:152) ~[spring-data-jpa-3.3.4.jar:3.3.4]
	at org.springframework.data.jpa.repository.query.AbstractJpaQuery.execute(AbstractJpaQuery.java:140) ~[spring-data-jpa-3.3.4.jar:3.3.4]
	at org.springframework.data.repository.core.support.RepositoryMethodInvoker.doInvoke(RepositoryMethodInvoker.java:170) ~[spring-data-commons-3.3.4.jar:3.3.4]
	at org.springframework.data.repository.core.support.RepositoryMethodInvoker.invoke(RepositoryMethodInvoker.java:158) ~[spring-data-commons-3.3.4.jar:3.3.4]
	at org.springframework.data.repository.core.support.QueryExecutorMethodInterceptor.doInvoke(QueryExecutorMethodInterceptor.java:169) ~[spring-data-commons-3.3.4.jar:3.3.4]
	at org.springframework.data.repository.core.support.QueryExecutorMethodInterceptor.invoke(QueryExecutorMethodInterceptor.java:148) ~[spring-data-commons-3.3.4.jar:3.3.4]
	at org.springframework.aop.framework.ReflectiveMethodInvocation.proceed(ReflectiveMethodInvocation.java:184) ~[spring-aop-6.1.13.jar:6.1.13]
	at org.springframework.data.projection.DefaultMethodInvokingMethodInterceptor.invoke(DefaultMethodInvokingMethodInterceptor.java:70) ~[spring-data-commons-3.3.4.jar:3.3.4]
	at org.springframework.aop.framework.ReflectiveMethodInvocation.proceed(ReflectiveMethodInvocation.java:184) ~[spring-aop-6.1.13.jar:6.1.13]
	at org.springframework.transaction.interceptor.TransactionAspectSupport.invokeWithinTransaction(TransactionAspectSupport.java:379) ~[spring-tx-6.1.13.jar:6.1.13]
	at org.springframework.transaction.interceptor.TransactionInterceptor.invoke(TransactionInterceptor.java:119) ~[spring-tx-6.1.13.jar:6.1.13]
	at org.springframework.aop.framework.ReflectiveMethodInvocation.proceed(ReflectiveMethodInvocation.java:184) ~[spring-aop-6.1.13.jar:6.1.13]
	at org.springframework.dao.support.PersistenceExceptionTranslationInterceptor.invoke(PersistenceExceptionTranslationInterceptor.java:138) ~[spring-tx-6.1.13.jar:6.1.13]
	... 69 common frames omitted
Caused by: java.sql.SQLTransientConnectionException: HikariPool-1 - Connection is not available, request timed out after 30013ms (total=0, active=0, idle=0, waiting=0)
	at com.zaxxer.hikari.pool.HikariPool.createTimeoutException(HikariPool.java:686) ~[HikariCP-5.1.0.jar:na]
	at com.zaxxer.hikari.pool.HikariPool.getConnection(HikariPool.java:179) ~[HikariCP-5.1.0.jar:na]
	at com.zaxxer.hikari.pool.HikariPool.getConnection(HikariPool.java:144) ~[HikariCP-5.1.0.jar:na]
	at com.zaxxer.hikari.HikariDataSource.getConnection(HikariDataSource.java:127) ~[HikariCP-5.1.0.jar:na]
	at org.hibernate.engine.jdbc.connections.internal.DatasourceConnectionProviderImpl.getConnection(DatasourceConnectionProviderImpl.java:122) ~[hibernate-core-6.5.3.Final.jar:6.5.3.Final]
	at org.hibernate.internal.NonContextualJdbcConnectionAccess.obtainConnection(NonContextualJdbcConnectionAccess.java:46) ~[hibernate-core-6.5.3.Final.jar:6.5.3.Final]
	at org.hibernate.resource.jdbc.internal.LogicalConnectionManagedImpl.acquireConnectionIfNeeded(LogicalConnectionManagedImpl.java:126) ~[hibernate-core-6.5.3.Final.jar:6.5.3.Final]
	... 113 common frames omitted
Caused by: com.mysql.cj.jdbc.exceptions.CommunicationsException: Communications link failure

The last packet sent successfully to the server was 0 milliseconds ago. The driver has not received any packets from the server.
	at com.mysql.cj.jdbc.exceptions.SQLError.createCommunicationsException(SQLError.java:174) ~[mysql-connector-j-8.3.0.jar:8.3.0]
	at com.mysql.cj.jdbc.exceptions.SQLExceptionsMapping.translateException(SQLExceptionsMapping.java:64) ~[mysql-connector-j-8.3.0.jar:8.3.0]
	at com.mysql.cj.jdbc.ConnectionImpl.createNewIO(ConnectionImpl.java:815) ~[mysql-connector-j-8.3.0.jar:8.3.0]
	at com.mysql.cj.jdbc.ConnectionImpl.<init>(ConnectionImpl.java:438) ~[mysql-connector-j-8.3.0.jar:8.3.0]
	at com.mysql.cj.jdbc.ConnectionImpl.getInstance(ConnectionImpl.java:241) ~[mysql-connector-j-8.3.0.jar:8.3.0]
	at com.mysql.cj.jdbc.NonRegisteringDriver.connect(NonRegisteringDriver.java:189) ~[mysql-connector-j-8.3.0.jar:8.3.0]
	at com.zaxxer.hikari.util.DriverDataSource.getConnection(DriverDataSource.java:137) ~[HikariCP-5.1.0.jar:na]
	at com.zaxxer.hikari.pool.PoolBase.newConnection(PoolBase.java:360) ~[HikariCP-5.1.0.jar:na]
	at com.zaxxer.hikari.pool.PoolBase.newPoolEntry(PoolBase.java:202) ~[HikariCP-5.1.0.jar:na]
	at com.zaxxer.hikari.pool.HikariPool.createPoolEntry(HikariPool.java:461) ~[HikariCP-5.1.0.jar:na]
	at com.zaxxer.hikari.pool.HikariPool$PoolEntryCreator.call(HikariPool.java:724) ~[HikariCP-5.1.0.jar:na]
	at com.zaxxer.hikari.pool.HikariPool$PoolEntryCreator.call(HikariPool.java:703) ~[HikariCP-5.1.0.jar:na]
	at java.base/java.util.concurrent.FutureTask.run(FutureTask.java:264) ~[na:na]
	at java.base/java.util.concurrent.ThreadPoolExecutor.runWorker(ThreadPoolExecutor.java:1136) ~[na:na]
	at java.base/java.util.concurrent.ThreadPoolExecutor$Worker.run(ThreadPoolExecutor.java:635) ~[na:na]
	... 1 common frames omitted
Caused by: com.mysql.cj.exceptions.CJCommunicationsException: Communications link failure

The last packet sent successfully to the server was 0 milliseconds ago. The driver has not received any packets from the server.
	at jdk.internal.reflect.GeneratedConstructorAccessor66.newInstance(Unknown Source) ~[na:na]
	at java.base/jdk.internal.reflect.DelegatingConstructorAccessorImpl.newInstance(DelegatingConstructorAccessorImpl.java:45) ~[na:na]
	at java.base/java.lang.reflect.Constructor.newInstanceWithCaller(Constructor.java:500) ~[na:na]
	at java.base/java.lang.reflect.Constructor.newInstance(Constructor.java:481) ~[na:na]
	at com.mysql.cj.exceptions.ExceptionFactory.createException(ExceptionFactory.java:61) ~[mysql-connector-j-8.3.0.jar:8.3.0]
	at com.mysql.cj.exceptions.ExceptionFactory.createException(ExceptionFactory.java:104) ~[mysql-connector-j-8.3.0.jar:8.3.0]
	at com.mysql.cj.exceptions.ExceptionFactory.createException(ExceptionFactory.java:149) ~[mysql-connector-j-8.3.0.jar:8.3.0]
	at com.mysql.cj.exceptions.ExceptionFactory.createCommunicationsException(ExceptionFactory.java:165) ~[mysql-connector-j-8.3.0.jar:8.3.0]
	at com.mysql.cj.protocol.a.NativeSocketConnection.connect(NativeSocketConnection.java:88) ~[mysql-connector-j-8.3.0.jar:8.3.0]
	at com.mysql.cj.NativeSession.connect(NativeSession.java:120) ~[mysql-connector-j-8.3.0.jar:8.3.0]
	at com.mysql.cj.jdbc.ConnectionImpl.connectOneTryOnly(ConnectionImpl.java:935) ~[mysql-connector-j-8.3.0.jar:8.3.0]
	at com.mysql.cj.jdbc.ConnectionImpl.createNewIO(ConnectionImpl.java:805) ~[mysql-connector-j-8.3.0.jar:8.3.0]
	... 13 common frames omitted
Caused by: java.net.ConnectException: Connection refused: getsockopt
	at java.base/sun.nio.ch.Net.pollConnect(Native Method) ~[na:na]
	at java.base/sun.nio.ch.Net.pollConnectNow(Net.java:672) ~[na:na]
	at java.base/sun.nio.ch.NioSocketImpl.timedFinishConnect(NioSocketImpl.java:547) ~[na:na]
	at java.base/sun.nio.ch.NioSocketImpl.connect(NioSocketImpl.java:602) ~[na:na]
	at java.base/java.net.SocksSocketImpl.connect(SocksSocketImpl.java:327) ~[na:na]
	at java.base/java.net.Socket.connect(Socket.java:633) ~[na:na]
	at com.mysql.cj.protocol.StandardSocketFactory.connect(StandardSocketFactory.java:153) ~[mysql-connector-j-8.3.0.jar:8.3.0]
	at com.mysql.cj.protocol.a.NativeSocketConnection.connect(NativeSocketConnection.java:62) ~[mysql-connector-j-8.3.0.jar:8.3.0]
	... 16 common frames omitted

2026-07-08T19:22:49.126-05:00 DEBUG 30052 --- [Backend_Login] [nio-8081-exec-4] o.s.security.web.FilterChainProxy        : Securing GET /error
2026-07-08T19:22:49.126-05:00 DEBUG 30052 --- [Backend_Login] [nio-8081-exec-4] o.s.s.w.a.AnonymousAuthenticationFilter  : Set SecurityContextHolder to anonymous SecurityContext
2026-07-08T19:22:49.127-05:00 DEBUG 30052 --- [Backend_Login] [nio-8081-exec-4] o.s.security.web.FilterChainProxy        : Secured GET /error
2026-07-08T19:23:19.096-05:00 DEBUG 30052 --- [Backend_Login] [nio-8081-exec-9] o.s.security.web.FilterChainProxy        : Securing OPTIONS /api/notificaciones/contador
2026-07-08T19:23:19.096-05:00 DEBUG 30052 --- [Backend_Login] [io-8081-exec-10] o.s.security.web.FilterChainProxy        : Securing OPTIONS /api/notificaciones/contador
2026-07-08T19:23:19.101-05:00 DEBUG 30052 --- [Backend_Login] [nio-8081-exec-7] o.s.security.web.FilterChainProxy        : Securing GET /api/notificaciones/contador
2026-07-08T19:23:19.101-05:00 DEBUG 30052 --- [Backend_Login] [nio-8081-exec-7] o.s.s.w.a.AnonymousAuthenticationFilter  : Set SecurityContextHolder to anonymous SecurityContext
2026-07-08T19:23:19.102-05:00 DEBUG 30052 --- [Backend_Login] [nio-8081-exec-7] o.s.s.w.a.Http403ForbiddenEntryPoint     : Pre-authenticated entry point called. Rejecting access
2026-07-08T19:23:19.103-05:00 DEBUG 30052 --- [Backend_Login] [nio-8081-exec-6] o.s.security.web.FilterChainProxy        : Securing GET /api/notificaciones/contador
2026-07-08T19:23:19.103-05:00 DEBUG 30052 --- [Backend_Login] [nio-8081-exec-7] o.s.security.web.FilterChainProxy        : Securing GET /error
2026-07-08T19:23:19.103-05:00 DEBUG 30052 --- [Backend_Login] [nio-8081-exec-7] o.s.security.web.FilterChainProxy        : Secured GET /error
2026-07-08T19:23:19.105-05:00 DEBUG 30052 --- [Backend_Login] [nio-8081-exec-7] o.s.s.w.a.AnonymousAuthenticationFilter  : Set SecurityContextHolder to anonymous SecurityContext
Hibernate: select u1_0.id_usuario,u1_0.celular_usuario,u1_0.ciudad_usuario,u1_0.contrasena_usuario,u1_0.correo_usuario,u1_0.estado_usuario,u1_0.fecha_registro_usuario,u1_0.id_rol,u1_0.nombre_usuario from usuario u1_0 where u1_0.correo_usuario=?
2026-07-08T19:23:49.117-05:00  WARN 30052 --- [Backend_Login] [nio-8081-exec-6] o.h.engine.jdbc.spi.SqlExceptionHelper   : SQL Error: 0, SQLState: 08S01
2026-07-08T19:23:49.121-05:00 ERROR 30052 --- [Backend_Login] [nio-8081-exec-6] o.h.engine.jdbc.spi.SqlExceptionHelper   : HikariPool-1 - Connection is not available, request timed out after 30009ms (total=0, active=0, idle=0, waiting=0)
2026-07-08T19:23:49.121-05:00 ERROR 30052 --- [Backend_Login] [nio-8081-exec-6] o.h.engine.jdbc.spi.SqlExceptionHelper   : Communications link failure

The last packet sent successfully to the server was 0 milliseconds ago. The driver has not received any packets from the server.
2026-07-08T19:23:49.122-05:00 ERROR 30052 --- [Backend_Login] [nio-8081-exec-6] o.a.c.c.C.[.[.[/].[dispatcherServlet]    : Servlet.service() for servlet [dispatcherServlet] in context with path [] threw exception

org.springframework.dao.DataAccessResourceFailureException: Unable to acquire JDBC Connection [HikariPool-1 - Connection is not available, request timed out after 30009ms (total=0, active=0, idle=0, waiting=0)] [n/a]
	at org.springframework.orm.jpa.vendor.HibernateJpaDialect.convertHibernateAccessException(HibernateJpaDialect.java:274) ~[spring-orm-6.1.13.jar:6.1.13]
	at org.springframework.orm.jpa.vendor.HibernateJpaDialect.translateExceptionIfPossible(HibernateJpaDialect.java:241) ~[spring-orm-6.1.13.jar:6.1.13]
	at org.springframework.orm.jpa.AbstractEntityManagerFactoryBean.translateExceptionIfPossible(AbstractEntityManagerFactoryBean.java:550) ~[spring-orm-6.1.13.jar:6.1.13]
	at org.springframework.dao.support.ChainedPersistenceExceptionTranslator.translateExceptionIfPossible(ChainedPersistenceExceptionTranslator.java:61) ~[spring-tx-6.1.13.jar:6.1.13]
	at org.springframework.dao.support.DataAccessUtils.translateIfNecessary(DataAccessUtils.java:335) ~[spring-tx-6.1.13.jar:6.1.13]
	at org.springframework.dao.support.PersistenceExceptionTranslationInterceptor.invoke(PersistenceExceptionTranslationInterceptor.java:160) ~[spring-tx-6.1.13.jar:6.1.13]
	at org.springframework.aop.framework.ReflectiveMethodInvocation.proceed(ReflectiveMethodInvocation.java:184) ~[spring-aop-6.1.13.jar:6.1.13]
	at org.springframework.data.jpa.repository.support.CrudMethodMetadataPostProcessor$CrudMethodMetadataPopulatingMethodInterceptor.invoke(CrudMethodMetadataPostProcessor.java:136) ~[spring-data-jpa-3.3.4.jar:3.3.4]
	at org.springframework.aop.framework.ReflectiveMethodInvocation.proceed(ReflectiveMethodInvocation.java:184) ~[spring-aop-6.1.13.jar:6.1.13]
	at org.springframework.aop.interceptor.ExposeInvocationInterceptor.invoke(ExposeInvocationInterceptor.java:97) ~[spring-aop-6.1.13.jar:6.1.13]
	at org.springframework.aop.framework.ReflectiveMethodInvocation.proceed(ReflectiveMethodInvocation.java:184) ~[spring-aop-6.1.13.jar:6.1.13]
	at org.springframework.aop.framework.JdkDynamicAopProxy.invoke(JdkDynamicAopProxy.java:223) ~[spring-aop-6.1.13.jar:6.1.13]
	at jdk.proxy2/jdk.proxy2.$Proxy141.findByCorreoUsuario(Unknown Source) ~[na:na]
	at com.interivalle.Security.UserDetailsServiceImpl.loadUserByUsername(UserDetailsServiceImpl.java:22) ~[classes/:na]
	at com.interivalle.Security.JwtAuthFilter.doFilterInternal(JwtAuthFilter.java:52) ~[classes/:na]
	at org.springframework.web.filter.OncePerRequestFilter.doFilter(OncePerRequestFilter.java:116) ~[spring-web-6.1.13.jar:6.1.13]
	at org.springframework.security.web.FilterChainProxy$VirtualFilterChain.doFilter(FilterChainProxy.java:374) ~[spring-security-web-6.3.3.jar:6.3.3]
	at org.springframework.security.web.authentication.logout.LogoutFilter.doFilter(LogoutFilter.java:107) ~[spring-security-web-6.3.3.jar:6.3.3]
	at org.springframework.security.web.authentication.logout.LogoutFilter.doFilter(LogoutFilter.java:93) ~[spring-security-web-6.3.3.jar:6.3.3]
	at org.springframework.security.web.FilterChainProxy$VirtualFilterChain.doFilter(FilterChainProxy.java:374) ~[spring-security-web-6.3.3.jar:6.3.3]
	at org.springframework.web.filter.CorsFilter.doFilterInternal(CorsFilter.java:91) ~[spring-web-6.1.13.jar:6.1.13]
	at org.springframework.web.filter.OncePerRequestFilter.doFilter(OncePerRequestFilter.java:116) ~[spring-web-6.1.13.jar:6.1.13]
	at org.springframework.security.web.FilterChainProxy$VirtualFilterChain.doFilter(FilterChainProxy.java:374) ~[spring-security-web-6.3.3.jar:6.3.3]
	at org.springframework.security.web.header.HeaderWriterFilter.doHeadersAfter(HeaderWriterFilter.java:90) ~[spring-security-web-6.3.3.jar:6.3.3]
	at org.springframework.security.web.header.HeaderWriterFilter.doFilterInternal(HeaderWriterFilter.java:75) ~[spring-security-web-6.3.3.jar:6.3.3]
	at org.springframework.web.filter.OncePerRequestFilter.doFilter(OncePerRequestFilter.java:116) ~[spring-web-6.1.13.jar:6.1.13]
	at org.springframework.security.web.FilterChainProxy$VirtualFilterChain.doFilter(FilterChainProxy.java:374) ~[spring-security-web-6.3.3.jar:6.3.3]
	at org.springframework.security.web.context.SecurityContextHolderFilter.doFilter(SecurityContextHolderFilter.java:82) ~[spring-security-web-6.3.3.jar:6.3.3]
	at org.springframework.security.web.context.SecurityContextHolderFilter.doFilter(SecurityContextHolderFilter.java:69) ~[spring-security-web-6.3.3.jar:6.3.3]
	at org.springframework.security.web.FilterChainProxy$VirtualFilterChain.doFilter(FilterChainProxy.java:374) ~[spring-security-web-6.3.3.jar:6.3.3]
	at org.springframework.security.web.context.request.async.WebAsyncManagerIntegrationFilter.doFilterInternal(WebAsyncManagerIntegrationFilter.java:62) ~[spring-security-web-6.3.3.jar:6.3.3]
	at org.springframework.web.filter.OncePerRequestFilter.doFilter(OncePerRequestFilter.java:116) ~[spring-web-6.1.13.jar:6.1.13]
	at org.springframework.security.web.FilterChainProxy$VirtualFilterChain.doFilter(FilterChainProxy.java:374) ~[spring-security-web-6.3.3.jar:6.3.3]
	at org.springframework.security.web.session.DisableEncodeUrlFilter.doFilterInternal(DisableEncodeUrlFilter.java:42) ~[spring-security-web-6.3.3.jar:6.3.3]
	at org.springframework.web.filter.OncePerRequestFilter.doFilter(OncePerRequestFilter.java:116) ~[spring-web-6.1.13.jar:6.1.13]
	at org.springframework.security.web.FilterChainProxy$VirtualFilterChain.doFilter(FilterChainProxy.java:374) ~[spring-security-web-6.3.3.jar:6.3.3]
	at org.springframework.security.web.FilterChainProxy.doFilterInternal(FilterChainProxy.java:233) ~[spring-security-web-6.3.3.jar:6.3.3]
	at org.springframework.security.web.FilterChainProxy.doFilter(FilterChainProxy.java:191) ~[spring-security-web-6.3.3.jar:6.3.3]
	at org.springframework.web.filter.CompositeFilter$VirtualFilterChain.doFilter(CompositeFilter.java:113) ~[spring-web-6.1.13.jar:6.1.13]
	at org.springframework.web.servlet.handler.HandlerMappingIntrospector.lambda$createCacheFilter$3(HandlerMappingIntrospector.java:195) ~[spring-webmvc-6.1.13.jar:6.1.13]
	at org.springframework.web.filter.CompositeFilter$VirtualFilterChain.doFilter(CompositeFilter.java:113) ~[spring-web-6.1.13.jar:6.1.13]
	at org.springframework.web.filter.CompositeFilter.doFilter(CompositeFilter.java:74) ~[spring-web-6.1.13.jar:6.1.13]
	at org.springframework.security.config.annotation.web.configuration.WebMvcSecurityConfiguration$CompositeFilterChainProxy.doFilter(WebMvcSecurityConfiguration.java:230) ~[spring-security-config-6.3.3.jar:6.3.3]
	at org.springframework.web.filter.DelegatingFilterProxy.invokeDelegate(DelegatingFilterProxy.java:352) ~[spring-web-6.1.13.jar:6.1.13]
	at org.springframework.web.filter.DelegatingFilterProxy.doFilter(DelegatingFilterProxy.java:268) ~[spring-web-6.1.13.jar:6.1.13]
	at org.apache.catalina.core.ApplicationFilterChain.internalDoFilter(ApplicationFilterChain.java:164) ~[tomcat-embed-core-10.1.30.jar:10.1.30]
	at org.apache.catalina.core.ApplicationFilterChain.doFilter(ApplicationFilterChain.java:140) ~[tomcat-embed-core-10.1.30.jar:10.1.30]
	at org.springframework.web.filter.RequestContextFilter.doFilterInternal(RequestContextFilter.java:100) ~[spring-web-6.1.13.jar:6.1.13]
	at org.springframework.web.filter.OncePerRequestFilter.doFilter(OncePerRequestFilter.java:116) ~[spring-web-6.1.13.jar:6.1.13]
	at org.apache.catalina.core.ApplicationFilterChain.internalDoFilter(ApplicationFilterChain.java:164) ~[tomcat-embed-core-10.1.30.jar:10.1.30]
	at org.apache.catalina.core.ApplicationFilterChain.doFilter(ApplicationFilterChain.java:140) ~[tomcat-embed-core-10.1.30.jar:10.1.30]
	at org.springframework.web.filter.FormContentFilter.doFilterInternal(FormContentFilter.java:93) ~[spring-web-6.1.13.jar:6.1.13]
	at org.springframework.web.filter.OncePerRequestFilter.doFilter(OncePerRequestFilter.java:116) ~[spring-web-6.1.13.jar:6.1.13]
	at org.apache.catalina.core.ApplicationFilterChain.internalDoFilter(ApplicationFilterChain.java:164) ~[tomcat-embed-core-10.1.30.jar:10.1.30]
	at org.apache.catalina.core.ApplicationFilterChain.doFilter(ApplicationFilterChain.java:140) ~[tomcat-embed-core-10.1.30.jar:10.1.30]
	at org.springframework.web.filter.CharacterEncodingFilter.doFilterInternal(CharacterEncodingFilter.java:201) ~[spring-web-6.1.13.jar:6.1.13]
	at org.springframework.web.filter.OncePerRequestFilter.doFilter(OncePerRequestFilter.java:116) ~[spring-web-6.1.13.jar:6.1.13]
	at org.apache.catalina.core.ApplicationFilterChain.internalDoFilter(ApplicationFilterChain.java:164) ~[tomcat-embed-core-10.1.30.jar:10.1.30]
	at org.apache.catalina.core.ApplicationFilterChain.doFilter(ApplicationFilterChain.java:140) ~[tomcat-embed-core-10.1.30.jar:10.1.30]
	at org.apache.catalina.core.StandardWrapperValve.invoke(StandardWrapperValve.java:167) ~[tomcat-embed-core-10.1.30.jar:10.1.30]
	at org.apache.catalina.core.StandardContextValve.invoke(StandardContextValve.java:90) ~[tomcat-embed-core-10.1.30.jar:10.1.30]
	at org.apache.catalina.authenticator.AuthenticatorBase.invoke(AuthenticatorBase.java:483) ~[tomcat-embed-core-10.1.30.jar:10.1.30]
	at org.apache.catalina.core.StandardHostValve.invoke(StandardHostValve.java:115) ~[tomcat-embed-core-10.1.30.jar:10.1.30]
	at org.apache.catalina.valves.ErrorReportValve.invoke(ErrorReportValve.java:93) ~[tomcat-embed-core-10.1.30.jar:10.1.30]
	at org.apache.catalina.core.StandardEngineValve.invoke(StandardEngineValve.java:74) ~[tomcat-embed-core-10.1.30.jar:10.1.30]
	at org.apache.catalina.connector.CoyoteAdapter.service(CoyoteAdapter.java:344) ~[tomcat-embed-core-10.1.30.jar:10.1.30]
	at org.apache.coyote.http11.Http11Processor.service(Http11Processor.java:384) ~[tomcat-embed-core-10.1.30.jar:10.1.30]
	at org.apache.coyote.AbstractProcessorLight.process(AbstractProcessorLight.java:63) ~[tomcat-embed-core-10.1.30.jar:10.1.30]
	at org.apache.coyote.AbstractProtocol$ConnectionHandler.process(AbstractProtocol.java:905) ~[tomcat-embed-core-10.1.30.jar:10.1.30]
	at org.apache.tomcat.util.net.NioEndpoint$SocketProcessor.doRun(NioEndpoint.java:1741) ~[tomcat-embed-core-10.1.30.jar:10.1.30]
	at org.apache.tomcat.util.net.SocketProcessorBase.run(SocketProcessorBase.java:52) ~[tomcat-embed-core-10.1.30.jar:10.1.30]
	at org.apache.tomcat.util.threads.ThreadPoolExecutor.runWorker(ThreadPoolExecutor.java:1190) ~[tomcat-embed-core-10.1.30.jar:10.1.30]
	at org.apache.tomcat.util.threads.ThreadPoolExecutor$Worker.run(ThreadPoolExecutor.java:659) ~[tomcat-embed-core-10.1.30.jar:10.1.30]
	at org.apache.tomcat.util.threads.TaskThread$WrappingRunnable.run(TaskThread.java:63) ~[tomcat-embed-core-10.1.30.jar:10.1.30]
	at java.base/java.lang.Thread.run(Thread.java:840) ~[na:na]
Caused by: org.hibernate.exception.JDBCConnectionException: Unable to acquire JDBC Connection [HikariPool-1 - Connection is not available, request timed out after 30009ms (total=0, active=0, idle=0, waiting=0)] [n/a]
	at org.hibernate.exception.internal.SQLExceptionTypeDelegate.convert(SQLExceptionTypeDelegate.java:51) ~[hibernate-core-6.5.3.Final.jar:6.5.3.Final]
	at org.hibernate.exception.internal.StandardSQLExceptionConverter.convert(StandardSQLExceptionConverter.java:58) ~[hibernate-core-6.5.3.Final.jar:6.5.3.Final]
	at org.hibernate.engine.jdbc.spi.SqlExceptionHelper.convert(SqlExceptionHelper.java:108) ~[hibernate-core-6.5.3.Final.jar:6.5.3.Final]
	at org.hibernate.engine.jdbc.spi.SqlExceptionHelper.convert(SqlExceptionHelper.java:94) ~[hibernate-core-6.5.3.Final.jar:6.5.3.Final]
	at org.hibernate.resource.jdbc.internal.LogicalConnectionManagedImpl.acquireConnectionIfNeeded(LogicalConnectionManagedImpl.java:129) ~[hibernate-core-6.5.3.Final.jar:6.5.3.Final]
	at org.hibernate.resource.jdbc.internal.LogicalConnectionManagedImpl.getPhysicalConnection(LogicalConnectionManagedImpl.java:156) ~[hibernate-core-6.5.3.Final.jar:6.5.3.Final]
	at org.hibernate.engine.jdbc.internal.StatementPreparerImpl.connection(StatementPreparerImpl.java:54) ~[hibernate-core-6.5.3.Final.jar:6.5.3.Final]
	at org.hibernate.engine.jdbc.internal.StatementPreparerImpl$5.doPrepare(StatementPreparerImpl.java:153) ~[hibernate-core-6.5.3.Final.jar:6.5.3.Final]
	at org.hibernate.engine.jdbc.internal.StatementPreparerImpl$StatementPreparationTemplate.prepareStatement(StatementPreparerImpl.java:183) ~[hibernate-core-6.5.3.Final.jar:6.5.3.Final]
	at org.hibernate.engine.jdbc.internal.StatementPreparerImpl.prepareQueryStatement(StatementPreparerImpl.java:155) ~[hibernate-core-6.5.3.Final.jar:6.5.3.Final]
	at org.hibernate.sql.exec.spi.JdbcSelectExecutor.lambda$list$0(JdbcSelectExecutor.java:85) ~[hibernate-core-6.5.3.Final.jar:6.5.3.Final]
	at org.hibernate.sql.results.jdbc.internal.DeferredResultSetAccess.executeQuery(DeferredResultSetAccess.java:231) ~[hibernate-core-6.5.3.Final.jar:6.5.3.Final]
	at org.hibernate.sql.results.jdbc.internal.DeferredResultSetAccess.getResultSet(DeferredResultSetAccess.java:167) ~[hibernate-core-6.5.3.Final.jar:6.5.3.Final]
	at org.hibernate.sql.results.jdbc.internal.JdbcValuesResultSetImpl.advanceNext(JdbcValuesResultSetImpl.java:265) ~[hibernate-core-6.5.3.Final.jar:6.5.3.Final]
	at org.hibernate.sql.results.jdbc.internal.JdbcValuesResultSetImpl.processNext(JdbcValuesResultSetImpl.java:145) ~[hibernate-core-6.5.3.Final.jar:6.5.3.Final]
	at org.hibernate.sql.results.jdbc.internal.AbstractJdbcValues.next(AbstractJdbcValues.java:19) ~[hibernate-core-6.5.3.Final.jar:6.5.3.Final]
	at org.hibernate.sql.results.internal.RowProcessingStateStandardImpl.next(RowProcessingStateStandardImpl.java:67) ~[hibernate-core-6.5.3.Final.jar:6.5.3.Final]
	at org.hibernate.sql.results.spi.ListResultsConsumer.consume(ListResultsConsumer.java:204) ~[hibernate-core-6.5.3.Final.jar:6.5.3.Final]
	at org.hibernate.sql.results.spi.ListResultsConsumer.consume(ListResultsConsumer.java:33) ~[hibernate-core-6.5.3.Final.jar:6.5.3.Final]
	at org.hibernate.sql.exec.internal.JdbcSelectExecutorStandardImpl.doExecuteQuery(JdbcSelectExecutorStandardImpl.java:211) ~[hibernate-core-6.5.3.Final.jar:6.5.3.Final]
	at org.hibernate.sql.exec.internal.JdbcSelectExecutorStandardImpl.executeQuery(JdbcSelectExecutorStandardImpl.java:83) ~[hibernate-core-6.5.3.Final.jar:6.5.3.Final]
	at org.hibernate.sql.exec.spi.JdbcSelectExecutor.list(JdbcSelectExecutor.java:76) ~[hibernate-core-6.5.3.Final.jar:6.5.3.Final]
	at org.hibernate.sql.exec.spi.JdbcSelectExecutor.list(JdbcSelectExecutor.java:65) ~[hibernate-core-6.5.3.Final.jar:6.5.3.Final]
	at org.hibernate.query.sqm.internal.ConcreteSqmSelectQueryPlan.lambda$new$2(ConcreteSqmSelectQueryPlan.java:139) ~[hibernate-core-6.5.3.Final.jar:6.5.3.Final]
	at org.hibernate.query.sqm.internal.ConcreteSqmSelectQueryPlan.withCacheableSqmInterpretation(ConcreteSqmSelectQueryPlan.java:382) ~[hibernate-core-6.5.3.Final.jar:6.5.3.Final]
	at org.hibernate.query.sqm.internal.ConcreteSqmSelectQueryPlan.performList(ConcreteSqmSelectQueryPlan.java:302) ~[hibernate-core-6.5.3.Final.jar:6.5.3.Final]
	at org.hibernate.query.sqm.internal.QuerySqmImpl.doList(QuerySqmImpl.java:526) ~[hibernate-core-6.5.3.Final.jar:6.5.3.Final]
	at org.hibernate.query.spi.AbstractSelectionQuery.list(AbstractSelectionQuery.java:423) ~[hibernate-core-6.5.3.Final.jar:6.5.3.Final]
	at org.hibernate.query.spi.AbstractSelectionQuery.getSingleResult(AbstractSelectionQuery.java:555) ~[hibernate-core-6.5.3.Final.jar:6.5.3.Final]
	at jdk.internal.reflect.GeneratedMethodAccessor59.invoke(Unknown Source) ~[na:na]
	at java.base/jdk.internal.reflect.DelegatingMethodAccessorImpl.invoke(DelegatingMethodAccessorImpl.java:43) ~[na:na]
	at java.base/java.lang.reflect.Method.invoke(Method.java:569) ~[na:na]
	at org.springframework.orm.jpa.SharedEntityManagerCreator$DeferredQueryInvocationHandler.invoke(SharedEntityManagerCreator.java:418) ~[spring-orm-6.1.13.jar:6.1.13]
	at jdk.proxy2/jdk.proxy2.$Proxy193.getSingleResult(Unknown Source) ~[na:na]
	at org.springframework.data.jpa.repository.query.JpaQueryExecution$SingleEntityExecution.doExecute(JpaQueryExecution.java:223) ~[spring-data-jpa-3.3.4.jar:3.3.4]
	at org.springframework.data.jpa.repository.query.JpaQueryExecution.execute(JpaQueryExecution.java:92) ~[spring-data-jpa-3.3.4.jar:3.3.4]
	at org.springframework.data.jpa.repository.query.AbstractJpaQuery.doExecute(AbstractJpaQuery.java:152) ~[spring-data-jpa-3.3.4.jar:3.3.4]
	at org.springframework.data.jpa.repository.query.AbstractJpaQuery.execute(AbstractJpaQuery.java:140) ~[spring-data-jpa-3.3.4.jar:3.3.4]
	at org.springframework.data.repository.core.support.RepositoryMethodInvoker.doInvoke(RepositoryMethodInvoker.java:170) ~[spring-data-commons-3.3.4.jar:3.3.4]
	at org.springframework.data.repository.core.support.RepositoryMethodInvoker.invoke(RepositoryMethodInvoker.java:158) ~[spring-data-commons-3.3.4.jar:3.3.4]
	at org.springframework.data.repository.core.support.QueryExecutorMethodInterceptor.doInvoke(QueryExecutorMethodInterceptor.java:169) ~[spring-data-commons-3.3.4.jar:3.3.4]
	at org.springframework.data.repository.core.support.QueryExecutorMethodInterceptor.invoke(QueryExecutorMethodInterceptor.java:148) ~[spring-data-commons-3.3.4.jar:3.3.4]
	at org.springframework.aop.framework.ReflectiveMethodInvocation.proceed(ReflectiveMethodInvocation.java:184) ~[spring-aop-6.1.13.jar:6.1.13]
	at org.springframework.data.projection.DefaultMethodInvokingMethodInterceptor.invoke(DefaultMethodInvokingMethodInterceptor.java:70) ~[spring-data-commons-3.3.4.jar:3.3.4]
	at org.springframework.aop.framework.ReflectiveMethodInvocation.proceed(ReflectiveMethodInvocation.java:184) ~[spring-aop-6.1.13.jar:6.1.13]
	at org.springframework.transaction.interceptor.TransactionAspectSupport.invokeWithinTransaction(TransactionAspectSupport.java:379) ~[spring-tx-6.1.13.jar:6.1.13]
	at org.springframework.transaction.interceptor.TransactionInterceptor.invoke(TransactionInterceptor.java:119) ~[spring-tx-6.1.13.jar:6.1.13]
	at org.springframework.aop.framework.ReflectiveMethodInvocation.proceed(ReflectiveMethodInvocation.java:184) ~[spring-aop-6.1.13.jar:6.1.13]
	at org.springframework.dao.support.PersistenceExceptionTranslationInterceptor.invoke(PersistenceExceptionTranslationInterceptor.java:138) ~[spring-tx-6.1.13.jar:6.1.13]
	... 69 common frames omitted
Caused by: java.sql.SQLTransientConnectionException: HikariPool-1 - Connection is not available, request timed out after 30009ms (total=0, active=0, idle=0, waiting=0)
	at com.zaxxer.hikari.pool.HikariPool.createTimeoutException(HikariPool.java:686) ~[HikariCP-5.1.0.jar:na]
	at com.zaxxer.hikari.pool.HikariPool.getConnection(HikariPool.java:179) ~[HikariCP-5.1.0.jar:na]
	at com.zaxxer.hikari.pool.HikariPool.getConnection(HikariPool.java:144) ~[HikariCP-5.1.0.jar:na]
	at com.zaxxer.hikari.HikariDataSource.getConnection(HikariDataSource.java:127) ~[HikariCP-5.1.0.jar:na]
	at org.hibernate.engine.jdbc.connections.internal.DatasourceConnectionProviderImpl.getConnection(DatasourceConnectionProviderImpl.java:122) ~[hibernate-core-6.5.3.Final.jar:6.5.3.Final]
	at org.hibernate.internal.NonContextualJdbcConnectionAccess.obtainConnection(NonContextualJdbcConnectionAccess.java:46) ~[hibernate-core-6.5.3.Final.jar:6.5.3.Final]
	at org.hibernate.resource.jdbc.internal.LogicalConnectionManagedImpl.acquireConnectionIfNeeded(LogicalConnectionManagedImpl.java:126) ~[hibernate-core-6.5.3.Final.jar:6.5.3.Final]
	... 113 common frames omitted
Caused by: com.mysql.cj.jdbc.exceptions.CommunicationsException: Communications link failure

The last packet sent successfully to the server was 0 milliseconds ago. The driver has not received any packets from the server.
	at com.mysql.cj.jdbc.exceptions.SQLError.createCommunicationsException(SQLError.java:174) ~[mysql-connector-j-8.3.0.jar:8.3.0]
	at com.mysql.cj.jdbc.exceptions.SQLExceptionsMapping.translateException(SQLExceptionsMapping.java:64) ~[mysql-connector-j-8.3.0.jar:8.3.0]
	at com.mysql.cj.jdbc.ConnectionImpl.createNewIO(ConnectionImpl.java:815) ~[mysql-connector-j-8.3.0.jar:8.3.0]
	at com.mysql.cj.jdbc.ConnectionImpl.<init>(ConnectionImpl.java:438) ~[mysql-connector-j-8.3.0.jar:8.3.0]
	at com.mysql.cj.jdbc.ConnectionImpl.getInstance(ConnectionImpl.java:241) ~[mysql-connector-j-8.3.0.jar:8.3.0]
	at com.mysql.cj.jdbc.NonRegisteringDriver.connect(NonRegisteringDriver.java:189) ~[mysql-connector-j-8.3.0.jar:8.3.0]
	at com.zaxxer.hikari.util.DriverDataSource.getConnection(DriverDataSource.java:137) ~[HikariCP-5.1.0.jar:na]
	at com.zaxxer.hikari.pool.PoolBase.newConnection(PoolBase.java:360) ~[HikariCP-5.1.0.jar:na]
	at com.zaxxer.hikari.pool.PoolBase.newPoolEntry(PoolBase.java:202) ~[HikariCP-5.1.0.jar:na]
	at com.zaxxer.hikari.pool.HikariPool.createPoolEntry(HikariPool.java:461) ~[HikariCP-5.1.0.jar:na]
	at com.zaxxer.hikari.pool.HikariPool$PoolEntryCreator.call(HikariPool.java:724) ~[HikariCP-5.1.0.jar:na]
	at com.zaxxer.hikari.pool.HikariPool$PoolEntryCreator.call(HikariPool.java:703) ~[HikariCP-5.1.0.jar:na]
	at java.base/java.util.concurrent.FutureTask.run(FutureTask.java:264) ~[na:na]
	at java.base/java.util.concurrent.ThreadPoolExecutor.runWorker(ThreadPoolExecutor.java:1136) ~[na:na]
	at java.base/java.util.concurrent.ThreadPoolExecutor$Worker.run(ThreadPoolExecutor.java:635) ~[na:na]
	... 1 common frames omitted
Caused by: com.mysql.cj.exceptions.CJCommunicationsException: Communications link failure

The last packet sent successfully to the server was 0 milliseconds ago. The driver has not received any packets from the server.
	at jdk.internal.reflect.GeneratedConstructorAccessor66.newInstance(Unknown Source) ~[na:na]
	at java.base/jdk.internal.reflect.DelegatingConstructorAccessorImpl.newInstance(DelegatingConstructorAccessorImpl.java:45) ~[na:na]
	at java.base/java.lang.reflect.Constructor.newInstanceWithCaller(Constructor.java:500) ~[na:na]
	at java.base/java.lang.reflect.Constructor.newInstance(Constructor.java:481) ~[na:na]
	at com.mysql.cj.exceptions.ExceptionFactory.createException(ExceptionFactory.java:61) ~[mysql-connector-j-8.3.0.jar:8.3.0]
	at com.mysql.cj.exceptions.ExceptionFactory.createException(ExceptionFactory.java:104) ~[mysql-connector-j-8.3.0.jar:8.3.0]
	at com.mysql.cj.exceptions.ExceptionFactory.createException(ExceptionFactory.java:149) ~[mysql-connector-j-8.3.0.jar:8.3.0]
	at com.mysql.cj.exceptions.ExceptionFactory.createCommunicationsException(ExceptionFactory.java:165) ~[mysql-connector-j-8.3.0.jar:8.3.0]
	at com.mysql.cj.protocol.a.NativeSocketConnection.connect(NativeSocketConnection.java:88) ~[mysql-connector-j-8.3.0.jar:8.3.0]
	at com.mysql.cj.NativeSession.connect(NativeSession.java:120) ~[mysql-connector-j-8.3.0.jar:8.3.0]
	at com.mysql.cj.jdbc.ConnectionImpl.connectOneTryOnly(ConnectionImpl.java:935) ~[mysql-connector-j-8.3.0.jar:8.3.0]
	at com.mysql.cj.jdbc.ConnectionImpl.createNewIO(ConnectionImpl.java:805) ~[mysql-connector-j-8.3.0.jar:8.3.0]
	... 13 common frames omitted
Caused by: java.net.ConnectException: Connection refused: getsockopt
	at java.base/sun.nio.ch.Net.pollConnect(Native Method) ~[na:na]
	at java.base/sun.nio.ch.Net.pollConnectNow(Net.java:672) ~[na:na]
	at java.base/sun.nio.ch.NioSocketImpl.timedFinishConnect(NioSocketImpl.java:547) ~[na:na]
	at java.base/sun.nio.ch.NioSocketImpl.connect(NioSocketImpl.java:602) ~[na:na]
	at java.base/java.net.SocksSocketImpl.connect(SocksSocketImpl.java:327) ~[na:na]
	at java.base/java.net.Socket.connect(Socket.java:633) ~[na:na]
	at com.mysql.cj.protocol.StandardSocketFactory.connect(StandardSocketFactory.java:153) ~[mysql-connector-j-8.3.0.jar:8.3.0]
	at com.mysql.cj.protocol.a.NativeSocketConnection.connect(NativeSocketConnection.java:62) ~[mysql-connector-j-8.3.0.jar:8.3.0]
	... 16 common frames omitted

2026-07-08T19:23:49.124-05:00 DEBUG 30052 --- [Backend_Login] [nio-8081-exec-6] o.s.security.web.FilterChainProxy        : Securing GET /error
2026-07-08T19:23:49.125-05:00 DEBUG 30052 --- [Backend_Login] [nio-8081-exec-6] o.s.s.w.a.AnonymousAuthenticationFilter  : Set SecurityContextHolder to anonymous SecurityContext
2026-07-08T19:23:49.125-05:00 DEBUG 30052 --- [Backend_Login] [nio-8081-exec-6] o.s.security.web.FilterChainProxy        : Secured GET /error
2026-07-08T19:24:19.093-05:00 DEBUG 30052 --- [Backend_Login] [nio-8081-exec-3] o.s.security.web.FilterChainProxy        : Securing OPTIONS /api/notificaciones/contador
2026-07-08T19:24:19.101-05:00 DEBUG 30052 --- [Backend_Login] [nio-8081-exec-1] o.s.security.web.FilterChainProxy        : Securing GET /api/notificaciones/contador
2026-07-08T19:24:19.106-05:00 DEBUG 30052 --- [Backend_Login] [nio-8081-exec-2] o.s.security.web.FilterChainProxy        : Securing OPTIONS /api/notificaciones/contador
Hibernate: select u1_0.id_usuario,u1_0.celular_usuario,u1_0.ciudad_usuario,u1_0.contrasena_usuario,u1_0.correo_usuario,u1_0.estado_usuario,u1_0.fecha_registro_usuario,u1_0.id_rol,u1_0.nombre_usuario from usuario u1_0 where u1_0.correo_usuario=?
2026-07-08T19:24:19.109-05:00 DEBUG 30052 --- [Backend_Login] [nio-8081-exec-5] o.s.security.web.FilterChainProxy        : Securing GET /api/notificaciones/contador
2026-07-08T19:24:19.110-05:00 DEBUG 30052 --- [Backend_Login] [nio-8081-exec-5] o.s.s.w.a.AnonymousAuthenticationFilter  : Set SecurityContextHolder to anonymous SecurityContext
2026-07-08T19:24:19.111-05:00 DEBUG 30052 --- [Backend_Login] [nio-8081-exec-5] o.s.s.w.a.Http403ForbiddenEntryPoint     : Pre-authenticated entry point called. Rejecting access
2026-07-08T19:24:19.112-05:00 DEBUG 30052 --- [Backend_Login] [nio-8081-exec-5] o.s.security.web.FilterChainProxy        : Securing GET /error
2026-07-08T19:24:19.112-05:00 DEBUG 30052 --- [Backend_Login] [nio-8081-exec-5] o.s.security.web.FilterChainProxy        : Secured GET /error
2026-07-08T19:24:19.114-05:00 DEBUG 30052 --- [Backend_Login] [nio-8081-exec-5] o.s.s.w.a.AnonymousAuthenticationFilter  : Set SecurityContextHolder to anonymous SecurityContext
2026-07-08T19:24:49.113-05:00  WARN 30052 --- [Backend_Login] [nio-8081-exec-1] o.h.engine.jdbc.spi.SqlExceptionHelper   : SQL Error: 0, SQLState: 08S01
2026-07-08T19:24:49.113-05:00 ERROR 30052 --- [Backend_Login] [nio-8081-exec-1] o.h.engine.jdbc.spi.SqlExceptionHelper   : HikariPool-1 - Connection is not available, request timed out after 30004ms (total=0, active=0, idle=0, waiting=0)
2026-07-08T19:24:49.113-05:00 ERROR 30052 --- [Backend_Login] [nio-8081-exec-1] o.h.engine.jdbc.spi.SqlExceptionHelper   : Communications link failure

The last packet sent successfully to the server was 0 milliseconds ago. The driver has not received any packets from the server.
2026-07-08T19:24:49.114-05:00 ERROR 30052 --- [Backend_Login] [nio-8081-exec-1] o.a.c.c.C.[.[.[/].[dispatcherServlet]    : Servlet.service() for servlet [dispatcherServlet] in context with path [] threw exception

org.springframework.dao.DataAccessResourceFailureException: Unable to acquire JDBC Connection [HikariPool-1 - Connection is not available, request timed out after 30004ms (total=0, active=0, idle=0, waiting=0)] [n/a]
	at org.springframework.orm.jpa.vendor.HibernateJpaDialect.convertHibernateAccessException(HibernateJpaDialect.java:274) ~[spring-orm-6.1.13.jar:6.1.13]
	at org.springframework.orm.jpa.vendor.HibernateJpaDialect.translateExceptionIfPossible(HibernateJpaDialect.java:241) ~[spring-orm-6.1.13.jar:6.1.13]
	at org.springframework.orm.jpa.AbstractEntityManagerFactoryBean.translateExceptionIfPossible(AbstractEntityManagerFactoryBean.java:550) ~[spring-orm-6.1.13.jar:6.1.13]
	at org.springframework.dao.support.ChainedPersistenceExceptionTranslator.translateExceptionIfPossible(ChainedPersistenceExceptionTranslator.java:61) ~[spring-tx-6.1.13.jar:6.1.13]
	at org.springframework.dao.support.DataAccessUtils.translateIfNecessary(DataAccessUtils.java:335) ~[spring-tx-6.1.13.jar:6.1.13]
	at org.springframework.dao.support.PersistenceExceptionTranslationInterceptor.invoke(PersistenceExceptionTranslationInterceptor.java:160) ~[spring-tx-6.1.13.jar:6.1.13]
	at org.springframework.aop.framework.ReflectiveMethodInvocation.proceed(ReflectiveMethodInvocation.java:184) ~[spring-aop-6.1.13.jar:6.1.13]
	at org.springframework.data.jpa.repository.support.CrudMethodMetadataPostProcessor$CrudMethodMetadataPopulatingMethodInterceptor.invoke(CrudMethodMetadataPostProcessor.java:136) ~[spring-data-jpa-3.3.4.jar:3.3.4]
	at org.springframework.aop.framework.ReflectiveMethodInvocation.proceed(ReflectiveMethodInvocation.java:184) ~[spring-aop-6.1.13.jar:6.1.13]
	at org.springframework.aop.interceptor.ExposeInvocationInterceptor.invoke(ExposeInvocationInterceptor.java:97) ~[spring-aop-6.1.13.jar:6.1.13]
	at org.springframework.aop.framework.ReflectiveMethodInvocation.proceed(ReflectiveMethodInvocation.java:184) ~[spring-aop-6.1.13.jar:6.1.13]
	at org.springframework.aop.framework.JdkDynamicAopProxy.invoke(JdkDynamicAopProxy.java:223) ~[spring-aop-6.1.13.jar:6.1.13]
	at jdk.proxy2/jdk.proxy2.$Proxy141.findByCorreoUsuario(Unknown Source) ~[na:na]
	at com.interivalle.Security.UserDetailsServiceImpl.loadUserByUsername(UserDetailsServiceImpl.java:22) ~[classes/:na]
	at com.interivalle.Security.JwtAuthFilter.doFilterInternal(JwtAuthFilter.java:52) ~[classes/:na]
	at org.springframework.web.filter.OncePerRequestFilter.doFilter(OncePerRequestFilter.java:116) ~[spring-web-6.1.13.jar:6.1.13]
	at org.springframework.security.web.FilterChainProxy$VirtualFilterChain.doFilter(FilterChainProxy.java:374) ~[spring-security-web-6.3.3.jar:6.3.3]
	at org.springframework.security.web.authentication.logout.LogoutFilter.doFilter(LogoutFilter.java:107) ~[spring-security-web-6.3.3.jar:6.3.3]
	at org.springframework.security.web.authentication.logout.LogoutFilter.doFilter(LogoutFilter.java:93) ~[spring-security-web-6.3.3.jar:6.3.3]
	at org.springframework.security.web.FilterChainProxy$VirtualFilterChain.doFilter(FilterChainProxy.java:374) ~[spring-security-web-6.3.3.jar:6.3.3]
	at org.springframework.web.filter.CorsFilter.doFilterInternal(CorsFilter.java:91) ~[spring-web-6.1.13.jar:6.1.13]
	at org.springframework.web.filter.OncePerRequestFilter.doFilter(OncePerRequestFilter.java:116) ~[spring-web-6.1.13.jar:6.1.13]
	at org.springframework.security.web.FilterChainProxy$VirtualFilterChain.doFilter(FilterChainProxy.java:374) ~[spring-security-web-6.3.3.jar:6.3.3]
	at org.springframework.security.web.header.HeaderWriterFilter.doHeadersAfter(HeaderWriterFilter.java:90) ~[spring-security-web-6.3.3.jar:6.3.3]
	at org.springframework.security.web.header.HeaderWriterFilter.doFilterInternal(HeaderWriterFilter.java:75) ~[spring-security-web-6.3.3.jar:6.3.3]
	at org.springframework.web.filter.OncePerRequestFilter.doFilter(OncePerRequestFilter.java:116) ~[spring-web-6.1.13.jar:6.1.13]
	at org.springframework.security.web.FilterChainProxy$VirtualFilterChain.doFilter(FilterChainProxy.java:374) ~[spring-security-web-6.3.3.jar:6.3.3]
	at org.springframework.security.web.context.SecurityContextHolderFilter.doFilter(SecurityContextHolderFilter.java:82) ~[spring-security-web-6.3.3.jar:6.3.3]
	at org.springframework.security.web.context.SecurityContextHolderFilter.doFilter(SecurityContextHolderFilter.java:69) ~[spring-security-web-6.3.3.jar:6.3.3]
	at org.springframework.security.web.FilterChainProxy$VirtualFilterChain.doFilter(FilterChainProxy.java:374) ~[spring-security-web-6.3.3.jar:6.3.3]
	at org.springframework.security.web.context.request.async.WebAsyncManagerIntegrationFilter.doFilterInternal(WebAsyncManagerIntegrationFilter.java:62) ~[spring-security-web-6.3.3.jar:6.3.3]
	at org.springframework.web.filter.OncePerRequestFilter.doFilter(OncePerRequestFilter.java:116) ~[spring-web-6.1.13.jar:6.1.13]
	at org.springframework.security.web.FilterChainProxy$VirtualFilterChain.doFilter(FilterChainProxy.java:374) ~[spring-security-web-6.3.3.jar:6.3.3]
	at org.springframework.security.web.session.DisableEncodeUrlFilter.doFilterInternal(DisableEncodeUrlFilter.java:42) ~[spring-security-web-6.3.3.jar:6.3.3]
	at org.springframework.web.filter.OncePerRequestFilter.doFilter(OncePerRequestFilter.java:116) ~[spring-web-6.1.13.jar:6.1.13]
	at org.springframework.security.web.FilterChainProxy$VirtualFilterChain.doFilter(FilterChainProxy.java:374) ~[spring-security-web-6.3.3.jar:6.3.3]
	at org.springframework.security.web.FilterChainProxy.doFilterInternal(FilterChainProxy.java:233) ~[spring-security-web-6.3.3.jar:6.3.3]
	at org.springframework.security.web.FilterChainProxy.doFilter(FilterChainProxy.java:191) ~[spring-security-web-6.3.3.jar:6.3.3]
	at org.springframework.web.filter.CompositeFilter$VirtualFilterChain.doFilter(CompositeFilter.java:113) ~[spring-web-6.1.13.jar:6.1.13]
	at org.springframework.web.servlet.handler.HandlerMappingIntrospector.lambda$createCacheFilter$3(HandlerMappingIntrospector.java:195) ~[spring-webmvc-6.1.13.jar:6.1.13]
	at org.springframework.web.filter.CompositeFilter$VirtualFilterChain.doFilter(CompositeFilter.java:113) ~[spring-web-6.1.13.jar:6.1.13]
	at org.springframework.web.filter.CompositeFilter.doFilter(CompositeFilter.java:74) ~[spring-web-6.1.13.jar:6.1.13]
	at org.springframework.security.config.annotation.web.configuration.WebMvcSecurityConfiguration$CompositeFilterChainProxy.doFilter(WebMvcSecurityConfiguration.java:230) ~[spring-security-config-6.3.3.jar:6.3.3]
	at org.springframework.web.filter.DelegatingFilterProxy.invokeDelegate(DelegatingFilterProxy.java:352) ~[spring-web-6.1.13.jar:6.1.13]
	at org.springframework.web.filter.DelegatingFilterProxy.doFilter(DelegatingFilterProxy.java:268) ~[spring-web-6.1.13.jar:6.1.13]
	at org.apache.catalina.core.ApplicationFilterChain.internalDoFilter(ApplicationFilterChain.java:164) ~[tomcat-embed-core-10.1.30.jar:10.1.30]
	at org.apache.catalina.core.ApplicationFilterChain.doFilter(ApplicationFilterChain.java:140) ~[tomcat-embed-core-10.1.30.jar:10.1.30]
	at org.springframework.web.filter.RequestContextFilter.doFilterInternal(RequestContextFilter.java:100) ~[spring-web-6.1.13.jar:6.1.13]
	at org.springframework.web.filter.OncePerRequestFilter.doFilter(OncePerRequestFilter.java:116) ~[spring-web-6.1.13.jar:6.1.13]
	at org.apache.catalina.core.ApplicationFilterChain.internalDoFilter(ApplicationFilterChain.java:164) ~[tomcat-embed-core-10.1.30.jar:10.1.30]
	at org.apache.catalina.core.ApplicationFilterChain.doFilter(ApplicationFilterChain.java:140) ~[tomcat-embed-core-10.1.30.jar:10.1.30]
	at org.springframework.web.filter.FormContentFilter.doFilterInternal(FormContentFilter.java:93) ~[spring-web-6.1.13.jar:6.1.13]
	at org.springframework.web.filter.OncePerRequestFilter.doFilter(OncePerRequestFilter.java:116) ~[spring-web-6.1.13.jar:6.1.13]
	at org.apache.catalina.core.ApplicationFilterChain.internalDoFilter(ApplicationFilterChain.java:164) ~[tomcat-embed-core-10.1.30.jar:10.1.30]
	at org.apache.catalina.core.ApplicationFilterChain.doFilter(ApplicationFilterChain.java:140) ~[tomcat-embed-core-10.1.30.jar:10.1.30]
	at org.springframework.web.filter.CharacterEncodingFilter.doFilterInternal(CharacterEncodingFilter.java:201) ~[spring-web-6.1.13.jar:6.1.13]
	at org.springframework.web.filter.OncePerRequestFilter.doFilter(OncePerRequestFilter.java:116) ~[spring-web-6.1.13.jar:6.1.13]
	at org.apache.catalina.core.ApplicationFilterChain.internalDoFilter(ApplicationFilterChain.java:164) ~[tomcat-embed-core-10.1.30.jar:10.1.30]
	at org.apache.catalina.core.ApplicationFilterChain.doFilter(ApplicationFilterChain.java:140) ~[tomcat-embed-core-10.1.30.jar:10.1.30]
	at org.apache.catalina.core.StandardWrapperValve.invoke(StandardWrapperValve.java:167) ~[tomcat-embed-core-10.1.30.jar:10.1.30]
	at org.apache.catalina.core.StandardContextValve.invoke(StandardContextValve.java:90) ~[tomcat-embed-core-10.1.30.jar:10.1.30]
	at org.apache.catalina.authenticator.AuthenticatorBase.invoke(AuthenticatorBase.java:483) ~[tomcat-embed-core-10.1.30.jar:10.1.30]
	at org.apache.catalina.core.StandardHostValve.invoke(StandardHostValve.java:115) ~[tomcat-embed-core-10.1.30.jar:10.1.30]
	at org.apache.catalina.valves.ErrorReportValve.invoke(ErrorReportValve.java:93) ~[tomcat-embed-core-10.1.30.jar:10.1.30]
	at org.apache.catalina.core.StandardEngineValve.invoke(StandardEngineValve.java:74) ~[tomcat-embed-core-10.1.30.jar:10.1.30]
	at org.apache.catalina.connector.CoyoteAdapter.service(CoyoteAdapter.java:344) ~[tomcat-embed-core-10.1.30.jar:10.1.30]
	at org.apache.coyote.http11.Http11Processor.service(Http11Processor.java:384) ~[tomcat-embed-core-10.1.30.jar:10.1.30]
	at org.apache.coyote.AbstractProcessorLight.process(AbstractProcessorLight.java:63) ~[tomcat-embed-core-10.1.30.jar:10.1.30]
	at org.apache.coyote.AbstractProtocol$ConnectionHandler.process(AbstractProtocol.java:905) ~[tomcat-embed-core-10.1.30.jar:10.1.30]
	at org.apache.tomcat.util.net.NioEndpoint$SocketProcessor.doRun(NioEndpoint.java:1741) ~[tomcat-embed-core-10.1.30.jar:10.1.30]
	at org.apache.tomcat.util.net.SocketProcessorBase.run(SocketProcessorBase.java:52) ~[tomcat-embed-core-10.1.30.jar:10.1.30]
	at org.apache.tomcat.util.threads.ThreadPoolExecutor.runWorker(ThreadPoolExecutor.java:1190) ~[tomcat-embed-core-10.1.30.jar:10.1.30]
	at org.apache.tomcat.util.threads.ThreadPoolExecutor$Worker.run(ThreadPoolExecutor.java:659) ~[tomcat-embed-core-10.1.30.jar:10.1.30]
	at org.apache.tomcat.util.threads.TaskThread$WrappingRunnable.run(TaskThread.java:63) ~[tomcat-embed-core-10.1.30.jar:10.1.30]
	at java.base/java.lang.Thread.run(Thread.java:840) ~[na:na]
Caused by: org.hibernate.exception.JDBCConnectionException: Unable to acquire JDBC Connection [HikariPool-1 - Connection is not available, request timed out after 30004ms (total=0, active=0, idle=0, waiting=0)] [n/a]
	at org.hibernate.exception.internal.SQLExceptionTypeDelegate.convert(SQLExceptionTypeDelegate.java:51) ~[hibernate-core-6.5.3.Final.jar:6.5.3.Final]
	at org.hibernate.exception.internal.StandardSQLExceptionConverter.convert(StandardSQLExceptionConverter.java:58) ~[hibernate-core-6.5.3.Final.jar:6.5.3.Final]
	at org.hibernate.engine.jdbc.spi.SqlExceptionHelper.convert(SqlExceptionHelper.java:108) ~[hibernate-core-6.5.3.Final.jar:6.5.3.Final]
	at org.hibernate.engine.jdbc.spi.SqlExceptionHelper.convert(SqlExceptionHelper.java:94) ~[hibernate-core-6.5.3.Final.jar:6.5.3.Final]
	at org.hibernate.resource.jdbc.internal.LogicalConnectionManagedImpl.acquireConnectionIfNeeded(LogicalConnectionManagedImpl.java:129) ~[hibernate-core-6.5.3.Final.jar:6.5.3.Final]
	at org.hibernate.resource.jdbc.internal.LogicalConnectionManagedImpl.getPhysicalConnection(LogicalConnectionManagedImpl.java:156) ~[hibernate-core-6.5.3.Final.jar:6.5.3.Final]
	at org.hibernate.engine.jdbc.internal.StatementPreparerImpl.connection(StatementPreparerImpl.java:54) ~[hibernate-core-6.5.3.Final.jar:6.5.3.Final]
	at org.hibernate.engine.jdbc.internal.StatementPreparerImpl$5.doPrepare(StatementPreparerImpl.java:153) ~[hibernate-core-6.5.3.Final.jar:6.5.3.Final]
	at org.hibernate.engine.jdbc.internal.StatementPreparerImpl$StatementPreparationTemplate.prepareStatement(StatementPreparerImpl.java:183) ~[hibernate-core-6.5.3.Final.jar:6.5.3.Final]
	at org.hibernate.engine.jdbc.internal.StatementPreparerImpl.prepareQueryStatement(StatementPreparerImpl.java:155) ~[hibernate-core-6.5.3.Final.jar:6.5.3.Final]
	at org.hibernate.sql.exec.spi.JdbcSelectExecutor.lambda$list$0(JdbcSelectExecutor.java:85) ~[hibernate-core-6.5.3.Final.jar:6.5.3.Final]
	at org.hibernate.sql.results.jdbc.internal.DeferredResultSetAccess.executeQuery(DeferredResultSetAccess.java:231) ~[hibernate-core-6.5.3.Final.jar:6.5.3.Final]
	at org.hibernate.sql.results.jdbc.internal.DeferredResultSetAccess.getResultSet(DeferredResultSetAccess.java:167) ~[hibernate-core-6.5.3.Final.jar:6.5.3.Final]
	at org.hibernate.sql.results.jdbc.internal.JdbcValuesResultSetImpl.advanceNext(JdbcValuesResultSetImpl.java:265) ~[hibernate-core-6.5.3.Final.jar:6.5.3.Final]
	at org.hibernate.sql.results.jdbc.internal.JdbcValuesResultSetImpl.processNext(JdbcValuesResultSetImpl.java:145) ~[hibernate-core-6.5.3.Final.jar:6.5.3.Final]
	at org.hibernate.sql.results.jdbc.internal.AbstractJdbcValues.next(AbstractJdbcValues.java:19) ~[hibernate-core-6.5.3.Final.jar:6.5.3.Final]
	at org.hibernate.sql.results.internal.RowProcessingStateStandardImpl.next(RowProcessingStateStandardImpl.java:67) ~[hibernate-core-6.5.3.Final.jar:6.5.3.Final]
	at org.hibernate.sql.results.spi.ListResultsConsumer.consume(ListResultsConsumer.java:204) ~[hibernate-core-6.5.3.Final.jar:6.5.3.Final]
	at org.hibernate.sql.results.spi.ListResultsConsumer.consume(ListResultsConsumer.java:33) ~[hibernate-core-6.5.3.Final.jar:6.5.3.Final]
	at org.hibernate.sql.exec.internal.JdbcSelectExecutorStandardImpl.doExecuteQuery(JdbcSelectExecutorStandardImpl.java:211) ~[hibernate-core-6.5.3.Final.jar:6.5.3.Final]
	at org.hibernate.sql.exec.internal.JdbcSelectExecutorStandardImpl.executeQuery(JdbcSelectExecutorStandardImpl.java:83) ~[hibernate-core-6.5.3.Final.jar:6.5.3.Final]
	at org.hibernate.sql.exec.spi.JdbcSelectExecutor.list(JdbcSelectExecutor.java:76) ~[hibernate-core-6.5.3.Final.jar:6.5.3.Final]
	at org.hibernate.sql.exec.spi.JdbcSelectExecutor.list(JdbcSelectExecutor.java:65) ~[hibernate-core-6.5.3.Final.jar:6.5.3.Final]
	at org.hibernate.query.sqm.internal.ConcreteSqmSelectQueryPlan.lambda$new$2(ConcreteSqmSelectQueryPlan.java:139) ~[hibernate-core-6.5.3.Final.jar:6.5.3.Final]
	at org.hibernate.query.sqm.internal.ConcreteSqmSelectQueryPlan.withCacheableSqmInterpretation(ConcreteSqmSelectQueryPlan.java:382) ~[hibernate-core-6.5.3.Final.jar:6.5.3.Final]
	at org.hibernate.query.sqm.internal.ConcreteSqmSelectQueryPlan.performList(ConcreteSqmSelectQueryPlan.java:302) ~[hibernate-core-6.5.3.Final.jar:6.5.3.Final]
	at org.hibernate.query.sqm.internal.QuerySqmImpl.doList(QuerySqmImpl.java:526) ~[hibernate-core-6.5.3.Final.jar:6.5.3.Final]
	at org.hibernate.query.spi.AbstractSelectionQuery.list(AbstractSelectionQuery.java:423) ~[hibernate-core-6.5.3.Final.jar:6.5.3.Final]
	at org.hibernate.query.spi.AbstractSelectionQuery.getSingleResult(AbstractSelectionQuery.java:555) ~[hibernate-core-6.5.3.Final.jar:6.5.3.Final]
	at jdk.internal.reflect.GeneratedMethodAccessor59.invoke(Unknown Source) ~[na:na]
	at java.base/jdk.internal.reflect.DelegatingMethodAccessorImpl.invoke(DelegatingMethodAccessorImpl.java:43) ~[na:na]
	at java.base/java.lang.reflect.Method.invoke(Method.java:569) ~[na:na]
	at org.springframework.orm.jpa.SharedEntityManagerCreator$DeferredQueryInvocationHandler.invoke(SharedEntityManagerCreator.java:418) ~[spring-orm-6.1.13.jar:6.1.13]
	at jdk.proxy2/jdk.proxy2.$Proxy193.getSingleResult(Unknown Source) ~[na:na]
	at org.springframework.data.jpa.repository.query.JpaQueryExecution$SingleEntityExecution.doExecute(JpaQueryExecution.java:223) ~[spring-data-jpa-3.3.4.jar:3.3.4]
	at org.springframework.data.jpa.repository.query.JpaQueryExecution.execute(JpaQueryExecution.java:92) ~[spring-data-jpa-3.3.4.jar:3.3.4]
	at org.springframework.data.jpa.repository.query.AbstractJpaQuery.doExecute(AbstractJpaQuery.java:152) ~[spring-data-jpa-3.3.4.jar:3.3.4]
	at org.springframework.data.jpa.repository.query.AbstractJpaQuery.execute(AbstractJpaQuery.java:140) ~[spring-data-jpa-3.3.4.jar:3.3.4]
	at org.springframework.data.repository.core.support.RepositoryMethodInvoker.doInvoke(RepositoryMethodInvoker.java:170) ~[spring-data-commons-3.3.4.jar:3.3.4]
	at org.springframework.data.repository.core.support.RepositoryMethodInvoker.invoke(RepositoryMethodInvoker.java:158) ~[spring-data-commons-3.3.4.jar:3.3.4]
	at org.springframework.data.repository.core.support.QueryExecutorMethodInterceptor.doInvoke(QueryExecutorMethodInterceptor.java:169) ~[spring-data-commons-3.3.4.jar:3.3.4]
	at org.springframework.data.repository.core.support.QueryExecutorMethodInterceptor.invoke(QueryExecutorMethodInterceptor.java:148) ~[spring-data-commons-3.3.4.jar:3.3.4]
	at org.springframework.aop.framework.ReflectiveMethodInvocation.proceed(ReflectiveMethodInvocation.java:184) ~[spring-aop-6.1.13.jar:6.1.13]
	at org.springframework.data.projection.DefaultMethodInvokingMethodInterceptor.invoke(DefaultMethodInvokingMethodInterceptor.java:70) ~[spring-data-commons-3.3.4.jar:3.3.4]
	at org.springframework.aop.framework.ReflectiveMethodInvocation.proceed(ReflectiveMethodInvocation.java:184) ~[spring-aop-6.1.13.jar:6.1.13]
	at org.springframework.transaction.interceptor.TransactionAspectSupport.invokeWithinTransaction(TransactionAspectSupport.java:379) ~[spring-tx-6.1.13.jar:6.1.13]
	at org.springframework.transaction.interceptor.TransactionInterceptor.invoke(TransactionInterceptor.java:119) ~[spring-tx-6.1.13.jar:6.1.13]
	at org.springframework.aop.framework.ReflectiveMethodInvocation.proceed(ReflectiveMethodInvocation.java:184) ~[spring-aop-6.1.13.jar:6.1.13]
	at org.springframework.dao.support.PersistenceExceptionTranslationInterceptor.invoke(PersistenceExceptionTranslationInterceptor.java:138) ~[spring-tx-6.1.13.jar:6.1.13]
	... 69 common frames omitted
Caused by: java.sql.SQLTransientConnectionException: HikariPool-1 - Connection is not available, request timed out after 30004ms (total=0, active=0, idle=0, waiting=0)
	at com.zaxxer.hikari.pool.HikariPool.createTimeoutException(HikariPool.java:686) ~[HikariCP-5.1.0.jar:na]
	at com.zaxxer.hikari.pool.HikariPool.getConnection(HikariPool.java:179) ~[HikariCP-5.1.0.jar:na]
	at com.zaxxer.hikari.pool.HikariPool.getConnection(HikariPool.java:144) ~[HikariCP-5.1.0.jar:na]
	at com.zaxxer.hikari.HikariDataSource.getConnection(HikariDataSource.java:127) ~[HikariCP-5.1.0.jar:na]
	at org.hibernate.engine.jdbc.connections.internal.DatasourceConnectionProviderImpl.getConnection(DatasourceConnectionProviderImpl.java:122) ~[hibernate-core-6.5.3.Final.jar:6.5.3.Final]
	at org.hibernate.internal.NonContextualJdbcConnectionAccess.obtainConnection(NonContextualJdbcConnectionAccess.java:46) ~[hibernate-core-6.5.3.Final.jar:6.5.3.Final]
	at org.hibernate.resource.jdbc.internal.LogicalConnectionManagedImpl.acquireConnectionIfNeeded(LogicalConnectionManagedImpl.java:126) ~[hibernate-core-6.5.3.Final.jar:6.5.3.Final]
	... 113 common frames omitted
Caused by: com.mysql.cj.jdbc.exceptions.CommunicationsException: Communications link failure

The last packet sent successfully to the server was 0 milliseconds ago. The driver has not received any packets from the server.
	at com.mysql.cj.jdbc.exceptions.SQLError.createCommunicationsException(SQLError.java:174) ~[mysql-connector-j-8.3.0.jar:8.3.0]
	at com.mysql.cj.jdbc.exceptions.SQLExceptionsMapping.translateException(SQLExceptionsMapping.java:64) ~[mysql-connector-j-8.3.0.jar:8.3.0]
	at com.mysql.cj.jdbc.ConnectionImpl.createNewIO(ConnectionImpl.java:815) ~[mysql-connector-j-8.3.0.jar:8.3.0]
	at com.mysql.cj.jdbc.ConnectionImpl.<init>(ConnectionImpl.java:438) ~[mysql-connector-j-8.3.0.jar:8.3.0]
	at com.mysql.cj.jdbc.ConnectionImpl.getInstance(ConnectionImpl.java:241) ~[mysql-connector-j-8.3.0.jar:8.3.0]
	at com.mysql.cj.jdbc.NonRegisteringDriver.connect(NonRegisteringDriver.java:189) ~[mysql-connector-j-8.3.0.jar:8.3.0]
	at com.zaxxer.hikari.util.DriverDataSource.getConnection(DriverDataSource.java:137) ~[HikariCP-5.1.0.jar:na]
	at com.zaxxer.hikari.pool.PoolBase.newConnection(PoolBase.java:360) ~[HikariCP-5.1.0.jar:na]
	at com.zaxxer.hikari.pool.PoolBase.newPoolEntry(PoolBase.java:202) ~[HikariCP-5.1.0.jar:na]
	at com.zaxxer.hikari.pool.HikariPool.createPoolEntry(HikariPool.java:461) ~[HikariCP-5.1.0.jar:na]
	at com.zaxxer.hikari.pool.HikariPool$PoolEntryCreator.call(HikariPool.java:724) ~[HikariCP-5.1.0.jar:na]
	at com.zaxxer.hikari.pool.HikariPool$PoolEntryCreator.call(HikariPool.java:703) ~[HikariCP-5.1.0.jar:na]
	at java.base/java.util.concurrent.FutureTask.run(FutureTask.java:264) ~[na:na]
	at java.base/java.util.concurrent.ThreadPoolExecutor.runWorker(ThreadPoolExecutor.java:1136) ~[na:na]
	at java.base/java.util.concurrent.ThreadPoolExecutor$Worker.run(ThreadPoolExecutor.java:635) ~[na:na]
	... 1 common frames omitted
Caused by: com.mysql.cj.exceptions.CJCommunicationsException: Communications link failure

The last packet sent successfully to the server was 0 milliseconds ago. The driver has not received any packets from the server.
	at jdk.internal.reflect.GeneratedConstructorAccessor66.newInstance(Unknown Source) ~[na:na]
	at java.base/jdk.internal.reflect.DelegatingConstructorAccessorImpl.newInstance(DelegatingConstructorAccessorImpl.java:45) ~[na:na]
	at java.base/java.lang.reflect.Constructor.newInstanceWithCaller(Constructor.java:500) ~[na:na]
	at java.base/java.lang.reflect.Constructor.newInstance(Constructor.java:481) ~[na:na]
	at com.mysql.cj.exceptions.ExceptionFactory.createException(ExceptionFactory.java:61) ~[mysql-connector-j-8.3.0.jar:8.3.0]
	at com.mysql.cj.exceptions.ExceptionFactory.createException(ExceptionFactory.java:104) ~[mysql-connector-j-8.3.0.jar:8.3.0]
	at com.mysql.cj.exceptions.ExceptionFactory.createException(ExceptionFactory.java:149) ~[mysql-connector-j-8.3.0.jar:8.3.0]
	at com.mysql.cj.exceptions.ExceptionFactory.createCommunicationsException(ExceptionFactory.java:165) ~[mysql-connector-j-8.3.0.jar:8.3.0]
	at com.mysql.cj.protocol.a.NativeSocketConnection.connect(NativeSocketConnection.java:88) ~[mysql-connector-j-8.3.0.jar:8.3.0]
	at com.mysql.cj.NativeSession.connect(NativeSession.java:120) ~[mysql-connector-j-8.3.0.jar:8.3.0]
	at com.mysql.cj.jdbc.ConnectionImpl.connectOneTryOnly(ConnectionImpl.java:935) ~[mysql-connector-j-8.3.0.jar:8.3.0]
	at com.mysql.cj.jdbc.ConnectionImpl.createNewIO(ConnectionImpl.java:805) ~[mysql-connector-j-8.3.0.jar:8.3.0]
	... 13 common frames omitted
Caused by: java.net.ConnectException: Connection refused: getsockopt
	at java.base/sun.nio.ch.Net.pollConnect(Native Method) ~[na:na]
	at java.base/sun.nio.ch.Net.pollConnectNow(Net.java:672) ~[na:na]
	at java.base/sun.nio.ch.NioSocketImpl.timedFinishConnect(NioSocketImpl.java:547) ~[na:na]
	at java.base/sun.nio.ch.NioSocketImpl.connect(NioSocketImpl.java:602) ~[na:na]
	at java.base/java.net.SocksSocketImpl.connect(SocksSocketImpl.java:327) ~[na:na]
	at java.base/java.net.Socket.connect(Socket.java:633) ~[na:na]
	at com.mysql.cj.protocol.StandardSocketFactory.connect(StandardSocketFactory.java:153) ~[mysql-connector-j-8.3.0.jar:8.3.0]
	at com.mysql.cj.protocol.a.NativeSocketConnection.connect(NativeSocketConnection.java:62) ~[mysql-connector-j-8.3.0.jar:8.3.0]
	... 16 common frames omitted

2026-07-08T19:24:49.116-05:00 DEBUG 30052 --- [Backend_Login] [nio-8081-exec-1] o.s.security.web.FilterChainProxy        : Securing GET /error
2026-07-08T19:24:49.117-05:00 DEBUG 30052 --- [Backend_Login] [nio-8081-exec-1] o.s.s.w.a.AnonymousAuthenticationFilter  : Set SecurityContextHolder to anonymous SecurityContext
2026-07-08T19:24:49.117-05:00 DEBUG 30052 --- [Backend_Login] [nio-8081-exec-1] o.s.security.web.FilterChainProxy        : Secured GET /error
2026-07-08T19:25:19.077-05:00 DEBUG 30052 --- [Backend_Login] [nio-8081-exec-8] o.s.security.web.FilterChainProxy        : Securing OPTIONS /api/notificaciones/contador
2026-07-08T19:25:19.077-05:00 DEBUG 30052 --- [Backend_Login] [nio-8081-exec-4] o.s.security.web.FilterChainProxy        : Securing GET /api/notificaciones/contador
2026-07-08T19:25:19.077-05:00 DEBUG 30052 --- [Backend_Login] [nio-8081-exec-4] o.s.s.w.a.AnonymousAuthenticationFilter  : Set SecurityContextHolder to anonymous SecurityContext
2026-07-08T19:25:19.077-05:00 DEBUG 30052 --- [Backend_Login] [nio-8081-exec-4] o.s.s.w.a.Http403ForbiddenEntryPoint     : Pre-authenticated entry point called. Rejecting access
2026-07-08T19:25:19.077-05:00 DEBUG 30052 --- [Backend_Login] [nio-8081-exec-4] o.s.security.web.FilterChainProxy        : Securing GET /error
2026-07-08T19:25:19.077-05:00 DEBUG 30052 --- [Backend_Login] [nio-8081-exec-4] o.s.security.web.FilterChainProxy        : Secured GET /error
2026-07-08T19:25:19.077-05:00 DEBUG 30052 --- [Backend_Login] [nio-8081-exec-4] o.s.s.w.a.AnonymousAuthenticationFilter  : Set SecurityContextHolder to anonymous SecurityContext
